/*
SQLyog Ultimate v11.11 (64 bit)
MySQL - 5.5.27 : Database - dbd2d
*********************************************************************
*/

/*!40101 SET NAMES utf8 */;

/*!40101 SET SQL_MODE=''*/;

/*!40014 SET @OLD_UNIQUE_CHECKS=@@UNIQUE_CHECKS, UNIQUE_CHECKS=0 */;
/*!40014 SET @OLD_FOREIGN_KEY_CHECKS=@@FOREIGN_KEY_CHECKS, FOREIGN_KEY_CHECKS=0 */;
/*!40101 SET @OLD_SQL_MODE=@@SQL_MODE, SQL_MODE='NO_AUTO_VALUE_ON_ZERO' */;
/*!40111 SET @OLD_SQL_NOTES=@@SQL_NOTES, SQL_NOTES=0 */;
USE `dbd2d`;

/*Table structure for table `lokasi` */

DROP TABLE IF EXISTS `lokasi`;

CREATE TABLE `lokasi` (
  `id_lokasi` varchar(20) NOT NULL,
  `id_induk` varchar(20) NOT NULL,
  `lokasi` varchar(50) NOT NULL,
  `nama_kota` varchar(50) NOT NULL,
  `alamat` text,
  `kota` varchar(30) DEFAULT NULL,
  `kdpos` varchar(10) DEFAULT NULL,
  `telp` text,
  `fax` varchar(15) DEFAULT NULL,
  `samsat` enum('pusat','besar','kecil','other') DEFAULT NULL,
  `kd_wil` varchar(15) DEFAULT NULL,
  `kabkot` enum('Kota','Kabupaten') DEFAULT NULL,
  `email` varchar(100) DEFAULT NULL,
  `d2d_pusat` tinyint(1) NOT NULL DEFAULT '0',
  `blokir` tinyint(1) DEFAULT '0',
  PRIMARY KEY (`id_lokasi`),
  KEY `ID_INDUK` (`id_induk`),
  KEY `3` (`samsat`),
  KEY `4` (`kd_wil`),
  KEY `5` (`kabkot`)
) ENGINE=InnoDB DEFAULT CHARSET=utf8;

/*Data for the table `lokasi` */

insert  into `lokasi`(`id_lokasi`,`id_induk`,`lokasi`,`nama_kota`,`alamat`,`kota`,`kdpos`,`telp`,`fax`,`samsat`,`kd_wil`,`kabkot`,`email`,`d2d_pusat`,`blokir`) values ('05','05','Kantor PUSAT','SEMARANG','Jln.Pemuda No. 1','Semarang','50113','024-899828','023-838888','pusat','SMG','Kota','pusat@gmail.com',0,0),('050','05','ATM BANK JATENG','SEMARANG','BP PUSAT Sub Bag Keuangan\r\nJl. Pemuda No. 1 Semarang','Semarang','','024 3515514','024 3517227','kecil',NULL,NULL,NULL,0,NULL),('0500','05','ATM BANK BRI','SEMARANG','Jl. Pemuda No. 1','Semarang','50142','024-3515514','024-3587227','kecil',NULL,NULL,NULL,0,NULL),('0501','0501','UP3AD Kota Semarang I','UP3AD Kota Semarang I','Jl. Brigjen Sudiarto 428','Semarang','0','024-6712916','024-6715449','pusat','SMG','Kota','up3ad.smg1@gmail.com',1,0),('050101','0501','Samsat Khusus DPMall','UP3AD Kota Semarang I','','Semarang','0','','','kecil','',NULL,'',0,0),('050102','0501','SAMKEL Kota Semarang I','UP3AD Kota Semarang I','','Semarang','0','','','kecil','',NULL,'',0,0),('050103','0501','DRIVE THRU Lotte Mart','UP3AD Kota Semarang I','','Semarang','0','','','kecil','',NULL,'',0,0),('0502','0502','UP3AD Kota Semarang II','UP3AD Kota Semarang II','Jl.Setiabudi No. 110, Srondol ','Semarang','50269','024-7475810','024-7478858','pusat','SMG','Kota','up3ad.smg2@gmail.com',1,0),('050201','0502','SAMKEL Kota Semarang II','UP3AD Kota Semarang II','','Semarang','0','','','kecil','',NULL,'',0,0),('0503','0503','UP3AD Kota Semarang III','UP3AD Kota Semarang III','Jl. Hanoman No. 2','Semarang','50146','024-7601476','024-7601476','pusat','SMG','Kota','up3ad.smg.III@gmail.com',1,0),('050301','0503','SAMSAT Khusus Bank Jateng','UP3AD Kota Semarang III','','Semarang','0','','','kecil','',NULL,'',0,0),('050302','0503','SAMSAT Jateng Fair','UP3AD Kota Semarang III','Arena PRPP','Semarang','0','','','kecil',NULL,NULL,'',0,0),('0504','0504','UP3AD Kota Salatiga','UP3AD Kota Salatiga','Jl. Brigjen Sudiarto No.2','Salatiga','0','0298-327015','0298-327015','pusat','SMG','Kota','up3ad.kota.sltg@gmail.com',0,0),('0505','0505','UP3AD Kabupaten Semarang','UP3AD Kabupaten Semarang','Jl. MT Haryono Sidomulyo Ungaran Timur','Ungaran','50511','+6224-76910391,','+6224-76910392','pusat','SMG','Kota','kabsemarangup3ad@gmail.com',0,0),('050501','0505','SAMKEL UP3AD Kab. Semarang','UP3AD Kabupaten Semarang','','Ungaran','0','','','kecil','',NULL,'',0,0),('050502','0505','Samsat Cepat Klepu','UP3AD Kabupaten Semarang','Klepu','Kab Semarang','','','','kecil',NULL,NULL,NULL,0,NULL),('0506','0506','UP3AD Kabupaten Kendal','UP3AD Kabupaten Kendal','Jl. Soekarno Hatta No. 101','Kendal','51314','0294-381209','0294-381209','pusat','SMG','Kabupaten','up3ad.kab.kendal@gmail.com',0,0),('050601','0506','SAMKEL Kab. Kendal','UP3AD Kabupaten Kendal','','','0','','','kecil',NULL,NULL,'',0,0),('0507','0507','UP3AD Kabupaten Demak','UP3AD Kabupaten Demak','Jl. Sultan Trenggono Katonsari ','Demak','0','0291-686075','0291-686075','pusat','SMG','Kabupaten','up3ad.demak@gmail.com',0,0),('050701','0507','SAMKEL Kab. Demak','UP3AD Kabupaten Demak','','','0','','','kecil',NULL,NULL,'',0,0),('0508','0508','UP3AD Kabupaten Grobogan','UP3AD Kabupaten Grobogan','Jl.P. Diponegoro No. 1','Purwodadi','58111','0292-421303','0292-421303','pusat','PT','Kota','up3adkabgrobogan@gmail.com',0,0),('050801','0508','SAMKEL Kab. Grobogan','UP3AD Kabupaten Grobogan','','','0','','','kecil',NULL,NULL,'',0,0),('050802','0508','SAMSAT PATEN WIROSARI','UP3AD Kabupaten Grobogan','PURWODADI','GROBOGAN','','','','kecil',NULL,NULL,NULL,0,NULL),('0509','0509','UP3AD Kota Surakarta','UP3AD Kota Surakarta','Jalan Prof. DR. Soeharso Nomor 17 Jajar Laweyan','Surakarta','57144','0271 714919,0271 718007,','0271 714919','pusat','SKA','Kota','up3adsurakarta@gmail.com',0,0),('050901','0509','SAMKEL UP3AD Kota Surakarta','UP3AD Kota Surakarta','','Surakarta','0','','','kecil','',NULL,'',0,0),('050902','0509','DRIVE THRU Surakarta','UP3AD Kota Surakarta','','Surakarta','0','','','kecil','',NULL,'',0,0),('050903','0509','Asrama Haji Donohudan','UP3AD Kota Surakarta','','Surakarta','0','','','other',NULL,NULL,'',0,0),('0510','0510','UP3AD Kabupaten Sukoharjo','UP3AD Kabupaten Sukoharjo','Jl. Jaksa Agung R. Suprapto No.9 ','Sukoharjo','0','0271-593145','0271-593145','pusat','SKA','Kabupaten','up3ad.kab.sukoharjo@gmail.com',0,0),('051001','0510','Samkel Kab. Sukoharjo','UP3AD Kabupaten Sukoharjo','','','','','','kecil',NULL,NULL,NULL,0,NULL),('0511','0511','UP3AD Kabupaten Klaten','UP3AD Kabupaten Klaten','','Delanggu','0','','','pusat','SKA','Kabupaten','up3ad.kab.klt.dlg@gmail.com',0,0),('051101','0511','Samsat Pembantu Prambanan','UP3AD Kabupaten Klaten','Jl. Manisrenggo No. 1\r\nDsn. Tlogo Ds. Tlogo, Kec. Prambanan','Prambanan','0','(0274) 496943','(0274) 496943','besar','',NULL,'',0,0),('051102','0511','Samsat Pembantu Delanggu','UP3AD Kabupaten Klaten','','Delanggu','0','','','besar','',NULL,'up3ad.kab.klt.dlg@gmail.com',0,0),('051103','0511','Samsat Keliling Klaten','UP3AD Kabupaten Klaten','','','','','','kecil',NULL,NULL,NULL,0,NULL),('0512','0512','UP3AD Kabupaten Boyolali','UP3AD Kabupaten Boyolali','JL Raya Boyolali-Solo Km. 2  ','Boyolali','0','0276-321412','0276-321412','pusat','SKA','Kabupaten','up3ad_kab_byl@yahoo.co.id',0,0),('051201','0512','SAMKEL UP3AD Kab. Boyolali','UP3AD Kabupaten Boyolali','','Boyolali','0','','','kecil','',NULL,'',0,0),('0513','0513','UP3AD Kabupaten Sragen','UP3AD Kabupaten Sragen','JL.Raya Barat SukowatiI Km. 02 No.17 ','Sragen','0','0271-891260','0271-891260','pusat','SKA','Kabupaten','up3ad.kab.sragen@gmail.com',0,0),('051301','0513','SAMKEL Kab. Sragen','UP3AD Kabupaten Sragen','','','0','','','kecil',NULL,NULL,'',0,0),('051302','0513','SAMSAT PATEN TANON','UP3AD Kabupaten Sragen','','SRAGEN','','','','kecil',NULL,NULL,NULL,0,NULL),('0514','0514','UP3AD Kabupaten Karanganyar','UP3AD Kabupaten Karanganyar','Jl. Lawu No. 389','Karanganyar','0','0271-495121','0271-495121','pusat','SKA','Kabupaten','upppadkabkra@yahoo.co.id',0,0),('051401','0514','SAMKEL Kab. Karanganyar','UP3AD Kabupaten Karanganyar','','','0','','','kecil',NULL,NULL,'',0,0),('0515','0515','UP3AD Kabupaten Wonogiri','UP3AD Kabupaten Wonogiri','Jl. RM. Said','Wonogiri','0','0273-321815','0273-321815','pusat','SKA','Kabupaten','samsat.wng@gmail.com',0,0),('051501','0515','Samsat Pembantu Purwantoro','UP3AD Kabupaten Wonogiri','','Purwantoro','0','','','besar','',NULL,'',0,0),('051502','0515','Samsat Pembantu Baturetno','UP3AD Kabupaten Wonogiri','','Baturetno','0','','','besar','',NULL,'',0,0),('051503','0515','SAMSAT PATEN EROMOKO','UP3AD Kabupaten Wonogiri','','WONOGIRI','','','','kecil',NULL,NULL,NULL,0,NULL),('0516','0516','UP3AD Kabupaten Pati','UP3AD Kabupaten Pati','Jl.Panglima Sudirman No.52 ','Pati','59113','0295-381863','0295-381863','pusat','PT','Kabupaten','up3ad.kab.pati@gmail.com',0,0),('051601','0516','SAMKEL UP3AD Kab. Pati','UP3AD Kabupaten Pati','','Pati','0','','','kecil','',NULL,'',0,0),('051602','0516','SAMSAT Cepat UP3AD Kab. Pati','UP3AD Kabupaten Pati','','Pati','0','','','kecil',NULL,NULL,'',0,0),('0517','0517','UP3AD Kabupaten Kudus','UP3AD Kabupaten Kudus','Jl. Mejobo No. 63','Kudus','59319','0291-438412','0291-438412','pusat','PT','Kabupaten','up3ad.Kab.kudus@gmail.com',0,0),('0518','0518','UP3AD Kabupaten Jepara','UP3AD Kabupaten Jepara','JL. MT. Haryono No. 2 ','Jepara','59418','0291-591402','0291-591402','pusat','PT','Kabupaten','up3ad.kab.jepara@gmail.com',0,0),('051801','0518','SAMSAT Khusus Karimunjawa','UP3AD Kabupaten Jepara','','Karimunjawa','0','','','kecil','',NULL,'',0,0),('051802','0518','SAMKEL Kab. Jepara','UP3AD Kabupaten Jepara','','','0','','','kecil',NULL,NULL,'',0,0),('051803','0518','SAMSAT PATEN MAYONG','UP3AD Kabupaten Jepara','JEPARA','JEPARA','','','','kecil',NULL,NULL,NULL,0,NULL),('0519','0519','UP3AD Kabupaten Rembang','UP3AD Kabupaten Rembang','Jl.Pemuda 90 ','Rembang','59218','0295-691319','0295-691319','pusat','PT','Kabupaten','up3adrembang@gmail.com',0,0),('051901','0519','SAMKEL Kab. Rembang','UP3AD Kabupaten Rembang','','','0','','','kecil',NULL,NULL,'',0,0),('051902','0519','SAMSAT PATEN REMBANG','UP3AD Kabupaten Rembang','','REMBANG','','','','kecil',NULL,NULL,NULL,0,NULL),('0520','0520','UP3AD Kabupaten Blora','UP3AD Kabupaten Blora','Jl Jendral Sudirman No. 108','Blora','58216','0296-531261','0296-531261','pusat','PT','Kabupaten','up3ad.kabblora@gmail.com',0,0),('052001','0520','SAMSAT Pembantu Cepu','UP3AD Kabupaten Blora','JL Pemuda 86','Cepu','0','0296-425305','0296-425305','besar','',NULL,'up3ad.cepu@gmail.com',0,0),('052002','0520','Samsat Keliling Blora','UP3AD Kabupaten Blora','','','','','','kecil',NULL,NULL,NULL,0,0),('052003','0520','SAMSAT PATEN KUNDURAN','UP3AD Kabupaten Blora','','BLORA','','','','kecil',NULL,NULL,NULL,0,NULL),('0521','0521','UP3AD Kota Pekalongan','UP3AD Kota Pekalongan','Jl. Gajahmada Barat No. 25 Tirto','Pekalongan','51119','0285-424337','0285-424337','pusat','PKL','Kota','up3adktpekalongan@gmail.com',0,0),('052101','0521','DRIVE THRU Pekalongan','UP3AD Kota Pekalongan','','Pekalongan','0','','','kecil',NULL,NULL,'',0,0),('0522','0522','UP3AD Kabupaten Pekalongan','UP3AD Kabupaten Pekalongan','Jl. Raya Kajen-Karanganyar Km 2','Kajen','51182','0285-381677','0285-381677','pusat','PKL','Kota','up3ad_kab_pekalongan@yahoo.co.id',0,0),('052201','0522','SAMKEL Kabupaten Pekalongan','UP3AD Kabupaten Pekalongan','UP3AD Kabupaten Pekalongan','Kajen','','','','kecil',NULL,NULL,NULL,0,0),('0523','0523','UP3AD Kabupaten Batang','UP3AD Kabupaten Batang','JL.Urip Sumohardjo No. 15','Batang','51212','0285-391275','0285-391275','pusat','PKL','Kabupaten','up3ad.kab.batang@gmail.com',0,0),('052301','0523','SAMKEL Kab. Batang','UP3AD Kabupaten Batang','','','0','','','kecil',NULL,NULL,'',0,0),('0524','0524','UP3AD Kabupaten Pemalang','UP3AD Kabupaten Pemalang','Jl. Pemuda No. 49','Pemalang','0','0284-321137','0284-321137','pusat','PKL','Kabupaten','samsat.kab.pml@gmail.com',0,0),('052401','0524','SAMKEL UP3AD Kab. Pemalang','UP3AD Kabupaten Pemalang','','Pemalang','0','','','kecil','',NULL,'',0,0),('0525','0525','UP3AD Kota Tegal','UP3AD Kota Tegal','JL. Kapten Sudibyo No. 152','Tegal','52123','0283-353015','0283-353015','pusat','PKL','Kota','up3ad_kotategal@yahoo.co.id',0,0),('0526','0526','UP3AD Kabupaten Tegal','UP3AD Kabupaten Tegal','JL.Cut Nyak Dien Kalisapu','Slawi','5216','0283-6197719','0283-6197719','pusat','PKL','Kota','up3adslawi@gmail.com',0,0),('0527','0527','UP3AD Kabupaten Brebes','UP3AD Kabupaten Brebes','Jl.Gajahmada No.60 ','Brebes','0','0283-671622','0283-671621','pusat','PKL','Kabupaten','up3ad.kab.brebes@gmail.com',0,0),('052701','0527','Samsat Pembantu Bumiayu','UP3AD Kabupaten Brebes','jl.raya pagojengan km2.bumiayu kab.brebes jawa tengah','Bumiayu','52276','0289430104','0289430104','besar','',NULL,'up3ad.brebes.bma@mail.com',0,0),('052702','0527','Samsat Pembantu Tanjung','UP3AD Kabupaten Brebes','Jl. CENDRAWASIH NO.225 TANJUNG BREBES','Tanjung','52154','0283877403','0283877403','besar','',NULL,'',0,0),('052703','0527','SAMSAT PATEN LARANGAN','UP3AD Kabupaten Brebes','JL. RAYA LARANGAN NO 15 KEC. LARANGAN','BREBES','','','','kecil',NULL,NULL,NULL,0,NULL),('0528','0528','UP3AD Kabupaten Banyumas','UP3AD Kabupaten Banyumas','Jl. Prof. Moch. Yamin No. 7','Purwokerto','53142','0281637801','0281631531','pusat','BMS','Kota','bms@gmail.com',0,0),('052801','0528','Samsat Pembantu Wangon','UP3AD Kabupaten Banyumas','','Wangon','0','','','besar','',NULL,'',0,0),('052802','0528','SAMKEL UP3AD Kab. Banyumas (MOBIL)','UP3AD Kabupaten Banyumas','','Purwokerto','0','','','kecil','',NULL,'',0,0),('052803','0528','DRIVE THRU Purwokerto','UP3AD Kabupaten Banyumas','Halaman Gd. BAKORWIL','Purwokerto','0','','','kecil',NULL,NULL,'',0,0),('052804','0528','SAMKEL UP3AD Kab. Banyumas (BUS)','UP3AD Kabupaten Banyumas','','','','','','kecil',NULL,NULL,NULL,0,NULL),('052805','0528','SAMSAT PATEN SOKARAJA','UP3AD Kabupaten Banyumas','PURWOKERTO','BANYUMAS','','','','kecil',NULL,NULL,NULL,0,NULL),('0529','0529','UP3AD Kabupaten Cilacap','UP3AD Kabupaten Cilacap','Jl Kauman No. 11 ','Cilacap','53214','0282-535908','0282-535908','pusat','BMS','Kota','up3ad.kab.cilacap@gmail.com',0,0),('052901','0529','Samsat Pembantu Majenang','UP3AD Kabupaten Cilacap','','Majenang','0','','','besar','',NULL,'',0,0),('052902','0529','SAMKEL Kab. Cilacap','UP3AD Kabupaten Cilacap','','','0','','','kecil',NULL,NULL,'',0,0),('0530','0530','UP3AD Kabupaten Purbalingga','UP3AD Kabupaten Purbalingga','Jl Mayjend Sungkono km.2 Purbalingga','Purbalingga','53371','0281-891277','0281-892765','pusat','BMS','Kota','up3adkabpbg@gmail.com',0,0),('053001','0530','SAMKEL Kab. Purbalingga','UP3AD Kabupaten Purbalingga','','PURBALINGGA','0','','','kecil',NULL,NULL,'',0,0),('053002','0530','SAMSAT PATEN BUKATEJA','UP3AD Kabupaten Purbalingga','','PURBALINGGA','','','','kecil',NULL,NULL,NULL,0,NULL),('0531','0531','UP3AD Kabupaten Banjarnegara','UP3AD Kabupaten Banjarnegara','JL. Letjen S. Parman No. 143','Banjarnegara','53412','0286-591284','0286-591284','pusat','BMS','Kabupaten','up3ad.kab.bna@gmail.com',0,0),('053101','0531','SAMKEL UP3AD Kab. Banjarnegara','UP3AD Kabupaten Banjarnegara','','Banjarnegara','0','','','kecil',NULL,NULL,'',0,0),('0532','0532','UP3AD Kota Magelang','UP3AD Kota Magelang','JL JENDRAL SUDIRMAN NO. 52 MAGELANG  ','Magelang','56126','0293 362493','0293 313279','pusat','MGL','Kota','samsat.kota.mgl@gmail.com',0,0),('053201','0532','DRIVE THRU Magelang','UP3AD Kota Magelang','Halaman Kantor Satlantas Kota Magelang','Magelang','0','','','kecil',NULL,NULL,'',0,0),('0533','0533','UP3AD Kabupaten Magelang','UP3AD Kabupaten Magelang','Jl.Soekarno - Hatta Mungkid','Magelang','56511','0293-788405','0293-788405','pusat','MGL','Kota','up3ad_mungkid@yahoo.com',0,0),('053301','0533','SAMKEL UP3AD Kab. Magelang','UP3AD Kabupaten Magelang','','','0','','','kecil','',NULL,'',0,0),('0534','0534','UP3AD Kabupaten Purworejo','UP3AD Kabupaten Purworejo','jl. jend. sudirman no 17 purworejo','Purworejo','0','0274321466','','pusat','MGL','Kabupaten','up3adpwr@gmail.com',0,0),('053401','0534','Samsat Pembantu Bagelen','UP3AD Kabupaten Purworejo','','Purworejo','54174','0275756306','','besar','',NULL,'up3ad.kab.pwrj.bgl@gmail.com',0,0),('053402','0534','SAMKEL Kab. Purworejo','UP3AD Kabupaten Purworejo','','','0','','','kecil',NULL,NULL,'',0,0),('053403','0534','SAMSAT PATEN Kutoarjo','UP3AD Kabupaten Purworejo','kecamatan Kutoarjo','Purworejo','','','','kecil',NULL,NULL,NULL,0,NULL),('0535','0535','UP3AD Kabupaten Kebumen','UP3AD Kabupaten Kebumen','JL Tentara Pelajar No. 54','Kebumen','54312','0287381490','0287381490','pusat','MGL','Kota','up3adkebumen@yahoo.co.id',0,0),('053501','0535','SAMSAT Cepat Gombong','UP3AD Kabupaten Kebumen','Komplek Bapelkes Gombong\r\nJl. Wilis No. 1','Gombong','0','','','kecil',NULL,NULL,'',0,0),('053502','0535','Samsat Keliling Kebumen','UP3AD Kabupaten Kebumen','','','','','','kecil',NULL,NULL,NULL,0,NULL),('0536','0536','UP3AD Kabupaten Temanggung','UP3AD Kabupaten Temanggung','Jl. Suwandi Suwardi Temanggung','Temanggung','56229','0293491653','0293491653','pusat','MGL','Kota','up3adkabtemanggung@gmail.com',0,0),('053601','0536','SAMKEL Kab. Temanggung','UP3AD Kabupaten Temanggung','','','0','','','kecil',NULL,NULL,'',0,0),('0537','0537','UP3AD Kabupaten Wonosobo','UP3AD Kabupaten Wonosobo','JL. ANGKATAN 45 NO. 1 WONOSOBO','Wonosobo','56311','0286 321264','0286 321264','pusat','MGL','Kota','up3ad.kab.wsb@gmail.com',0,0),('053701','0537','SAMKEL Kab. Wonosobo','UP3AD Kabupaten Wonosobo','','','0','','','kecil',NULL,NULL,'',0,0);

/*Table structure for table `t_bulan` */

DROP TABLE IF EXISTS `t_bulan`;

CREATE TABLE `t_bulan` (
  `id_bulan` char(15) NOT NULL,
  `id_triwulan` char(15) NOT NULL,
  `bulan` char(25) NOT NULL,
  `urutan` smallint(3) NOT NULL,
  `aktif` tinyint(1) NOT NULL DEFAULT '1',
  PRIMARY KEY (`id_bulan`),
  KEY `id_triwulan` (`id_triwulan`),
  KEY `id_bulan` (`id_bulan`,`id_triwulan`),
  CONSTRAINT `t_bulan_ibfk_1` FOREIGN KEY (`id_triwulan`) REFERENCES `t_triwulan` (`id_triwulan`) ON DELETE CASCADE ON UPDATE CASCADE
) ENGINE=InnoDB DEFAULT CHARSET=latin1;

/*Data for the table `t_bulan` */

insert  into `t_bulan`(`id_bulan`,`id_triwulan`,`bulan`,`urutan`,`aktif`) values ('1','01','Januari',1,1),('10','04','Oktober',10,1),('11','04','November',11,1),('12','04','Desember',12,1),('2','01','Februari',2,1),('3','01','Maret',3,1),('4','02','April',4,1),('5','02','Mei',5,1),('6','02','Juni',6,1),('7','03','Juli',7,1),('8','03','Agustus',8,1),('9','03','September',9,1);

/*Table structure for table `t_jabatan` */

DROP TABLE IF EXISTS `t_jabatan`;

CREATE TABLE `t_jabatan` (
  `id_jabatan` char(5) NOT NULL,
  `jabatan` char(25) NOT NULL,
  `non_asn` tinyint(1) NOT NULL DEFAULT '0',
  `aktif` tinyint(1) NOT NULL DEFAULT '1',
  PRIMARY KEY (`id_jabatan`)
) ENGINE=InnoDB DEFAULT CHARSET=latin1;

/*Data for the table `t_jabatan` */

insert  into `t_jabatan`(`id_jabatan`,`jabatan`,`non_asn`,`aktif`) values ('e1','Eselon I',0,1),('e2','Eselon II',0,1),('e3','Eselon III',0,1),('e4','Eselon IV',0,1),('s','Staff',1,1);

/*Table structure for table `t_master_aplikasi` */

DROP TABLE IF EXISTS `t_master_aplikasi`;

CREATE TABLE `t_master_aplikasi` (
  `id_master` char(5) NOT NULL,
  `site` char(100) NOT NULL,
  `site_singkat` char(25) NOT NULL,
  `nama_perusahaan` varchar(100) NOT NULL,
  `alamat_perusahaan` text NOT NULL,
  `kota` char(50) NOT NULL,
  `no_telp` char(50) NOT NULL,
  `nama_pemilik` varchar(100) NOT NULL,
  `slogan` varchar(100) DEFAULT NULL,
  `logo` varchar(100) DEFAULT NULL,
  `aktif` tinyint(1) NOT NULL DEFAULT '0',
  PRIMARY KEY (`id_master`)
) ENGINE=InnoDB DEFAULT CHARSET=latin1;

/*Data for the table `t_master_aplikasi` */

insert  into `t_master_aplikasi`(`id_master`,`site`,`site_singkat`,`nama_perusahaan`,`alamat_perusahaan`,`kota`,`no_telp`,`nama_pemilik`,`slogan`,`logo`,`aktif`) values ('1','Aplikasi Pembukuan dan Pelaporan Dinas PPAD Provinsi Jawa Tengah','APP DPPAD JATENG','KLINIK KECANTIKAN','Jl.','BREBES','024','Dr.','None',NULL,1);

/*Table structure for table `t_menu_akses` */

DROP TABLE IF EXISTS `t_menu_akses`;

CREATE TABLE `t_menu_akses` (
  `id_menu_akses` char(5) NOT NULL,
  `id_parent` char(5) NOT NULL,
  `sub` tinyint(1) NOT NULL DEFAULT '0',
  `menu` char(50) NOT NULL,
  `module` char(100) DEFAULT NULL,
  `dipilih` tinyint(1) NOT NULL DEFAULT '1',
  `ikon` char(50) DEFAULT NULL,
  `aktif` tinyint(1) NOT NULL DEFAULT '1',
  `pusat` tinyint(1) NOT NULL DEFAULT '0',
  `daerah` tinyint(1) NOT NULL DEFAULT '0',
  PRIMARY KEY (`id_menu_akses`)
) ENGINE=InnoDB DEFAULT CHARSET=latin1;

/*Data for the table `t_menu_akses` */

insert  into `t_menu_akses`(`id_menu_akses`,`id_parent`,`sub`,`menu`,`module`,`dipilih`,`ikon`,`aktif`,`pusat`,`daerah`) values ('','',0,'',NULL,1,NULL,1,1,0),('1','0',0,'Home','',0,'fa fa-home',1,0,0),('2','0',1,'Pengaturan',NULL,1,'fa fa-wrench',1,1,0),('21','2',0,'Pengguna','dtusers',1,'fa fa-circle-o',1,1,0),('22','2',0,'Tahun Anggaran','setanggaran',1,'fa fa-circle-o',1,1,0),('23','2',0,'Target Pelayanan PD','targetpelypd',1,'fa fa-circle-o',1,1,1),('24','2',0,'Target Pengiriman Dok. D2D','settarget',1,'fa fa-circle-o',1,1,0),('3','0',1,'Management Pegawai',NULL,1,'fa fa-users',1,1,1),('31','3',0,'Data Pegawai','datapegawai',1,'fa fa-circle-o',1,1,1),('32','3',0,'Mutasi','dtmutasi',1,'fa fa-circle-o',1,1,1),('32x','3',0,'Riwayat Lokasi Pegawai','history_pegawai',1,'fa fa-circle-o',0,1,1),('4','0',1,'Rekam Data',NULL,1,'fa fa-edit',1,1,1),('41','4',0,'Obyek Pemungutan PD','pungutpd',1,'fa fa-circle-o',1,1,1),('42','4',0,'Pengiriman Dok. D2D','inputresume',1,'fa fa-circle-o',1,1,1),('5','0',1,'Pelaporan',NULL,1,'fa fa-file',1,1,1),('51','5',0,'Rekap Pengiriman Dok. D2D (x)','rekapupad',1,'fa fa-circle-o',1,1,1),('52','5',0,'Rekap Obyek Pemungutan PD (x)','rekappd',1,'fa fa-circle-o',1,1,1);

/*Table structure for table `t_mutasi` */

DROP TABLE IF EXISTS `t_mutasi`;

CREATE TABLE `t_mutasi` (
  `id_mutasi` char(15) NOT NULL,
  `id_pegawai` char(15) NOT NULL,
  `id_lokasi` char(15) NOT NULL,
  `id_homebase` char(15) NOT NULL,
  `lokasi_lain` char(100) DEFAULT NULL,
  `id_jabatan` char(15) NOT NULL,
  `sk` char(100) DEFAULT NULL,
  `no_sk` char(50) DEFAULT NULL,
  `tgl_sk` date NOT NULL,
  `tgl_mulai` date NOT NULL,
  `aktif` tinyint(1) NOT NULL DEFAULT '0',
  `id_user` char(15) NOT NULL,
  `update_akhir` datetime NOT NULL,
  PRIMARY KEY (`id_mutasi`),
  KEY `id_pegawai` (`id_pegawai`),
  KEY `id_jabatan` (`id_jabatan`),
  CONSTRAINT `t_mutasi_ibfk_1` FOREIGN KEY (`id_pegawai`) REFERENCES `t_pegawai` (`id_pegawai`) ON DELETE CASCADE ON UPDATE CASCADE,
  CONSTRAINT `t_mutasi_ibfk_2` FOREIGN KEY (`id_jabatan`) REFERENCES `t_jabatan` (`id_jabatan`) ON DELETE CASCADE ON UPDATE CASCADE
) ENGINE=InnoDB DEFAULT CHARSET=latin1;

/*Data for the table `t_mutasi` */

insert  into `t_mutasi`(`id_mutasi`,`id_pegawai`,`id_lokasi`,`id_homebase`,`lokasi_lain`,`id_jabatan`,`sk`,`no_sk`,`tgl_sk`,`tgl_mulai`,`aktif`,`id_user`,`update_akhir`) values ('145913513199','1459135131','0513','0513',NULL,'e4',NULL,NULL,'2016-01-01','2016-01-01',1,'1459134128','2016-03-28 10:18:51'),('145913525699','1459135256','0513','0513',NULL,'e4',NULL,NULL,'2016-01-01','2016-01-01',1,'1459134128','2016-03-28 10:20:56'),('145913534999','1459135349','0513','0513',NULL,'e4',NULL,NULL,'2016-01-01','2016-01-01',1,'1459134128','2016-03-28 10:22:29'),('145913544399','1459135443','0513','0513',NULL,'e4',NULL,NULL,'2016-01-01','2016-01-01',1,'1459134128','2016-03-28 10:24:03'),('145913553399','1459135533','0513','0513',NULL,'e4',NULL,NULL,'2016-01-01','2016-01-01',1,'1459134128','2016-03-28 10:25:33'),('145913567199','1459135671','0513','0513',NULL,'e3',NULL,NULL,'2016-01-01','2016-01-01',1,'1459134128','2016-03-28 10:27:51'),('145913825399','1459138253','0505','0505',NULL,'e4',NULL,NULL,'2016-01-01','2016-01-01',1,'1459136436','2016-03-29 13:07:21'),('145913973399','1459139733','0505','0505',NULL,'e4',NULL,NULL,'2016-01-01','2016-01-01',1,'1459136436','2016-03-28 11:35:33'),('145913983599','1459139835','0505','0505',NULL,'s',NULL,NULL,'2016-01-01','2016-01-01',1,'1459136436','2016-03-28 11:37:15'),('145913989399','1459139893','0505','0505',NULL,'e4',NULL,NULL,'2016-01-01','2016-01-01',1,'1459136436','2016-03-28 11:38:13'),('145913995999','1459139959','0505','0505',NULL,'e4',NULL,NULL,'2016-01-01','2016-01-01',1,'1459136436','2016-03-28 11:39:19'),('145914067699','1459140676','0505','0505',NULL,'s',NULL,NULL,'2016-01-01','2016-01-01',1,'1459136436','2016-03-28 11:51:16'),('145914098899','1459140988','0505','0505',NULL,'s',NULL,NULL,'2016-01-01','2016-01-01',1,'1459136436','2016-03-28 11:56:28'),('145914111099','1459141110','0505','0505',NULL,'s',NULL,NULL,'2016-01-01','2016-01-01',1,'1459136436','2016-03-28 11:58:30'),('145914254599','1459142545','0505','0505',NULL,'s',NULL,NULL,'2016-01-01','2016-01-01',1,'1459136436','2016-03-28 12:22:25'),('145914264899','1459142648','0505','0505',NULL,'s',NULL,NULL,'2016-01-01','2016-01-01',1,'1459136436','2016-03-28 12:24:08'),('145914272099','1459142720','0505','0505',NULL,'s',NULL,NULL,'2016-01-01','2016-01-01',1,'1459136436','2016-03-28 12:25:20'),('145914289199','1459142891','0505','0505',NULL,'s',NULL,NULL,'2016-01-01','2016-01-01',1,'1459136436','2016-03-28 12:28:11'),('145914298399','1459142983','0505','0505',NULL,'s',NULL,NULL,'2016-01-01','2016-01-01',1,'1459136436','2016-03-28 12:29:43'),('145914310799','1459143107','0505','0505',NULL,'s',NULL,NULL,'2016-01-01','2016-01-01',1,'1459136436','2016-03-28 12:31:47'),('145914392099','1459143920','0536','0536',NULL,'e4',NULL,NULL,'2016-01-01','2016-01-01',1,'1459143349','2016-03-28 12:45:20'),('145914401099','1459144010','0536','0536',NULL,'e3',NULL,NULL,'2016-01-01','2016-01-01',1,'1459143349','2016-03-28 12:46:50'),('145914421599','1459144215','0536','0536',NULL,'e4',NULL,NULL,'2016-01-01','2016-01-01',1,'1459143349','2016-03-28 12:50:15'),('145914434699','1459144346','0536','0536',NULL,'e4',NULL,NULL,'2016-01-01','2016-01-01',1,'1459143349','2016-03-28 12:52:26'),('145914445699','1459144456','0536','0536',NULL,'e4',NULL,NULL,'2016-01-01','2016-01-01',1,'1459143349','2016-03-28 12:54:16'),('145914456099','1459144560','0536','0536',NULL,'e4',NULL,NULL,'2016-01-01','2016-01-01',1,'1459143349','2016-03-28 12:56:00'),('145914464499','1459144644','0536','0536',NULL,'s',NULL,NULL,'2016-01-01','2016-01-01',1,'1459143349','2016-03-28 12:57:24'),('145914472399','1459144723','0536','0536',NULL,'s',NULL,NULL,'2016-01-01','2016-01-01',1,'1459143349','2016-03-28 12:58:43'),('145914483599','1459144835','0536','0536',NULL,'s',NULL,NULL,'2016-01-01','2016-01-01',1,'1459143349','2016-03-28 13:00:35'),('145914490999','1459144909','0536','0536',NULL,'s',NULL,NULL,'2016-01-01','2016-01-01',1,'1459143349','2016-03-28 13:01:49'),('145914497499','1459144974','0536','0536',NULL,'s',NULL,NULL,'2016-01-01','2016-01-01',1,'1459143349','2016-03-28 13:02:54'),('145914503999','1459145039','0536','0536',NULL,'s',NULL,NULL,'2016-01-01','2016-01-01',1,'1459143349','2016-03-28 13:03:59'),('145914510899','1459145108','0536','0536',NULL,'s',NULL,NULL,'2016-01-01','2016-01-01',1,'1459143349','2016-03-28 13:05:08'),('145914519799','1459145197','0536','0536',NULL,'s',NULL,NULL,'2016-01-01','2016-01-01',1,'1459143349','2016-03-28 13:06:37'),('145914526599','1459145265','0536','0536',NULL,'s',NULL,NULL,'2016-01-01','2016-01-01',1,'1459143349','2016-03-28 13:07:45'),('145914532999','1459145329','0536','0536',NULL,'s',NULL,NULL,'2016-01-01','2016-01-01',1,'1459143349','2016-03-28 13:08:49'),('145914963999','1459149639','0513','0513',NULL,'s',NULL,NULL,'2016-01-01','2016-01-01',1,'1459134128','2016-03-28 14:20:39'),('145914974399','1459149743','0537','0537',NULL,'e4',NULL,NULL,'2016-01-01','2016-01-01',1,'1459133423','2016-03-28 14:22:23'),('145914974499','1459149744','0513','0513',NULL,'s',NULL,NULL,'2016-01-01','2016-01-01',1,'1459134128','2016-03-28 14:22:24'),('145914980699','1459149806','0537','0537',NULL,'e4',NULL,NULL,'2016-01-01','2016-01-01',1,'1459133423','2016-03-28 14:23:26'),('145914980899','1459149808','0513','0513',NULL,'s',NULL,NULL,'2016-01-01','2016-01-01',1,'1459134128','2016-03-28 14:23:28'),('145914986799','1459149867','0537','0537',NULL,'e4',NULL,NULL,'2016-01-01','2016-01-01',1,'1459133423','2016-03-28 14:24:27'),('145914990299','1459149902','0537','0537',NULL,'e4',NULL,NULL,'2016-01-01','2016-01-01',1,'1459133423','2016-03-28 14:25:02'),('145914991599','1459149915','0513','0513',NULL,'s',NULL,NULL,'2016-01-01','2016-01-01',1,'1459134128','2016-03-28 14:25:15'),('145914996199','1459149961','0537','0537',NULL,'e4',NULL,NULL,'2016-01-01','2016-01-01',1,'1459133423','2016-03-28 14:26:01'),('145914996799','1459149967','0513','0513',NULL,'s',NULL,NULL,'2016-01-01','2016-01-01',1,'1459134128','2016-03-28 14:26:07'),('145915001999','1459150019','0537','0537',NULL,'s',NULL,NULL,'2016-01-01','2016-01-01',1,'1459133423','2016-03-28 14:26:59'),('145915002999','1459150029','0513','0513',NULL,'s',NULL,NULL,'2016-01-01','2016-01-01',1,'1459134128','2016-03-28 14:27:09'),('145915008099','1459150080','0513','0513',NULL,'s',NULL,NULL,'2016-01-01','2016-01-01',1,'1459134128','2016-03-28 14:28:00'),('145915010099','1459150100','0537','0537',NULL,'s',NULL,NULL,'2016-01-01','2016-01-01',1,'1459133423','2016-03-28 14:28:20'),('145915015999','1459150159','0513','0513',NULL,'s',NULL,NULL,'2016-01-01','2016-01-01',1,'1459134128','2016-03-28 14:29:19'),('145915017299','1459150172','0537','0537',NULL,'s',NULL,NULL,'2016-01-01','2016-01-01',1,'1459133423','2016-03-28 14:29:32'),('145915021199','1459150211','0513','0513',NULL,'s',NULL,NULL,'2016-01-01','2016-01-01',1,'1459134128','2016-03-28 14:30:11'),('145915023099','1459150230','0537','0537',NULL,'s',NULL,NULL,'2016-01-01','2016-01-01',1,'1459133423','2016-03-28 14:30:30'),('145915028199','1459150281','0537','0537',NULL,'s',NULL,NULL,'2016-01-01','2016-01-01',1,'1459133423','2016-03-28 14:31:21'),('145915028799','1459150287','0513','0513',NULL,'s',NULL,NULL,'2016-01-01','2016-01-01',1,'1459134128','2016-03-28 14:31:27'),('145915031899','1459150318','0537','0537',NULL,'s',NULL,NULL,'2016-01-01','2016-01-01',1,'1459133423','2016-03-28 14:31:58'),('145915032699','1459150326','0513','0513',NULL,'s',NULL,NULL,'2016-01-01','2016-01-01',1,'1459134128','2016-03-28 14:32:06'),('145915035899','1459150358','0537','0537',NULL,'s',NULL,NULL,'2016-01-01','2016-01-01',1,'1459133423','2016-03-28 14:32:38'),('145915041299','1459150412','0537','0537',NULL,'e3',NULL,NULL,'2016-01-01','2016-01-01',1,'1459133423','2016-03-28 14:33:32'),('145915043999','1459150439','0513','0513',NULL,'s',NULL,NULL,'2016-01-01','2016-01-01',1,'1459134128','2016-03-28 14:33:59'),('145915046099','1459150460','0513','0513',NULL,'s',NULL,NULL,'2016-01-01','2016-01-01',1,'1459134128','2016-03-28 14:34:20'),('145915261599','1459152615','0510','0510',NULL,'e4',NULL,NULL,'2016-01-01','2016-01-01',1,'1459152004','2016-03-28 15:10:15'),('145915277899','1459152778','0514','0514',NULL,'e3',NULL,NULL,'2016-01-01','2016-01-01',1,'1459150862','2016-03-28 15:12:58'),('145915424599','1459154245','0514','0514',NULL,'e4',NULL,NULL,'2016-01-01','2016-01-01',1,'1459150862','2016-03-28 15:37:25'),('145915426699','1459154266','0505','0505',NULL,'s',NULL,NULL,'2016-01-01','2016-01-01',1,'1459136436','2016-03-28 15:37:46'),('145915428299','1459154282','0514','0514',NULL,'e4',NULL,NULL,'2016-01-01','2016-01-01',1,'1459150862','2016-03-28 15:38:02'),('145915433999','1459154339','0514','0514',NULL,'e4',NULL,NULL,'2016-01-01','2016-01-01',1,'1459150862','2016-03-28 15:38:59'),('145915440999','1459154409','0514','0514',NULL,'e4',NULL,NULL,'2016-01-01','2016-01-01',1,'1459150862','2016-03-28 15:40:09'),('145915444499','1459154444','0514','0514',NULL,'e4',NULL,NULL,'2016-01-01','2016-01-01',1,'1459150862','2016-03-28 15:40:44'),('145915448599','1459154485','0514','0514',NULL,'s',NULL,NULL,'2016-01-01','2016-01-01',1,'1459150862','2016-03-28 15:41:25'),('145915451399','1459154513','0514','0514',NULL,'s',NULL,NULL,'2016-01-01','2016-01-01',1,'1459150862','2016-03-28 15:41:53'),('145915454899','1459154548','0514','0514',NULL,'s',NULL,NULL,'2016-01-01','2016-01-01',1,'1459150862','2016-03-28 15:42:28'),('145915459299','1459154592','0514','0514',NULL,'s',NULL,NULL,'2016-01-01','2016-01-01',1,'1459150862','2016-03-28 15:43:12'),('145915462899','1459154628','0514','0514',NULL,'s',NULL,NULL,'2016-01-01','2016-01-01',1,'1459150862','2016-03-28 15:43:48'),('145915467499','1459154674','0514','0514',NULL,'s',NULL,NULL,'2016-01-01','2016-01-01',1,'1459150862','2016-03-28 15:44:34'),('145915470699','1459154706','0514','0514',NULL,'s',NULL,NULL,'2016-01-01','2016-01-01',1,'1459150862','2016-03-28 15:45:06'),('145915476499','1459154764','0514','0514',NULL,'s',NULL,NULL,'2016-01-01','2016-01-01',1,'1459150862','2016-03-28 15:46:04'),('145915480999','1459154809','0514','0514',NULL,'s',NULL,NULL,'2016-01-01','2016-01-01',1,'1459150862','2016-03-28 15:46:49'),('145915484899','1459154848','0514','0514',NULL,'s',NULL,NULL,'2016-01-01','2016-01-01',1,'1459150862','2016-03-28 15:47:28'),('145915489199','1459154891','0514','0514',NULL,'s',NULL,NULL,'2016-01-01','2016-01-01',1,'1459150862','2016-03-28 15:48:11'),('145915491799','1459154917','0514','0514',NULL,'s',NULL,NULL,'2016-01-01','2016-01-01',1,'1459150862','2016-03-28 15:48:37'),('145915493799','1459154937','0514','0514',NULL,'s',NULL,NULL,'2016-01-01','2016-01-01',1,'1459150862','2016-03-28 15:48:57'),('145915495399','1459154953','0514','0514',NULL,'s',NULL,NULL,'2016-01-01','2016-01-01',1,'1459150862','2016-03-28 15:49:13'),('145915809699','1459158096','0502','05',NULL,'e3',NULL,NULL,'2016-01-01','2016-01-01',1,'1459136279','2016-03-28 16:41:36'),('145915813599','1459158135','0502','05',NULL,'s',NULL,NULL,'2016-01-01','2016-01-01',1,'1459136279','2016-03-28 16:42:15'),('145916658499','1459166584','0502','05',NULL,'s',NULL,NULL,'2016-01-01','2016-01-01',1,'1459136279','2016-03-28 19:03:04'),('145917315199','1459173151','0502','05',NULL,'s',NULL,NULL,'2016-01-01','2016-01-01',1,'1459136279','2016-03-28 20:52:31'),('145917323099','1459173230','0502','05',NULL,'s',NULL,NULL,'2016-01-01','2016-01-01',1,'1459136279','2016-03-28 20:53:50'),('145917333499','1459173334','0502','05',NULL,'s',NULL,NULL,'2016-01-01','2016-01-01',1,'1459136279','2016-03-28 20:55:34'),('145921195499','1459211954','0523','0523',NULL,'e3',NULL,NULL,'2016-01-01','2016-01-01',1,'1459150457','2016-03-29 12:04:49'),('145921212399','1459212123','0523','0523',NULL,'e4',NULL,NULL,'2016-01-01','2016-01-01',1,'1459150457','2016-03-29 07:42:03'),('145921223299','1459212232','0523','0523',NULL,'e4',NULL,NULL,'2016-01-01','2016-01-01',1,'1459150457','2016-03-29 07:43:52'),('145921232699','1459212326','0523','0523',NULL,'e4',NULL,NULL,'2016-01-01','2016-01-01',1,'1459150457','2016-03-29 07:45:26'),('145921284299','1459212842','0523','0523',NULL,'e4',NULL,NULL,'2016-01-01','2016-01-01',1,'1459150457','2016-03-29 07:54:02'),('145921317299','1459213172','0523','0523',NULL,'e4',NULL,NULL,'2016-01-01','2016-01-01',1,'1459150457','2016-03-29 07:59:32'),('145921329399','1459213293','0523','0523',NULL,'s',NULL,NULL,'2016-01-01','2016-01-01',1,'1459150457','2016-03-29 08:01:33'),('145921347799','1459213477','0523','0523',NULL,'s',NULL,NULL,'2016-01-01','2016-01-01',1,'1459150457','2016-03-29 11:12:25'),('145921355599','1459213555','0523','0523',NULL,'s',NULL,NULL,'2016-01-01','2016-01-01',1,'1459150457','2016-03-29 08:05:55'),('145921362399','1459213623','0523','0523',NULL,'s',NULL,NULL,'2016-01-01','2016-01-01',1,'1459150457','2016-03-29 08:07:03'),('145921370799','1459213707','0523','0523',NULL,'s',NULL,NULL,'2016-01-01','2016-01-01',1,'1459150457','2016-03-29 08:08:27'),('145921376999','1459213769','0523','0523',NULL,'s',NULL,NULL,'2016-01-01','2016-01-01',1,'1459150457','2016-03-29 08:09:29'),('145921393499','1459213934','0523','0523',NULL,'s',NULL,NULL,'2016-01-01','2016-01-01',1,'1459150457','2016-03-29 11:23:39'),('145921399899','1459213998','0523','0523',NULL,'s',NULL,NULL,'2016-01-01','2016-01-01',1,'1459150457','2016-03-29 08:13:18'),('145921412899','1459214128','0525','0525',NULL,'e3',NULL,NULL,'2016-01-01','2016-01-01',1,'1459213035','2016-03-29 08:15:28'),('145921422599','1459214225','0525','0525',NULL,'e4',NULL,NULL,'2016-01-01','2016-01-01',1,'1459213035','2016-03-29 08:17:05'),('145921431999','1459214319','0525','0525',NULL,'e4',NULL,NULL,'2016-01-01','2016-01-01',1,'1459213035','2016-03-29 08:19:28'),('145921446499','1459214464','0525','0525',NULL,'e4',NULL,NULL,'2016-01-01','2016-01-01',1,'1459213035','2016-03-29 08:21:04'),('145921455299','1459214552','0525','0525',NULL,'e4',NULL,NULL,'2016-01-01','2016-01-01',1,'1459213035','2016-03-29 08:22:32'),('145921460199','1459214601','0525','0525',NULL,'e4',NULL,NULL,'2016-01-01','2016-01-01',1,'1459213035','2016-03-29 08:23:21'),('145921467799','1459214677','0525','0525',NULL,'s',NULL,NULL,'2016-01-01','2016-01-01',1,'1459213035','2016-03-29 08:24:37'),('145921473599','1459214735','0525','0525',NULL,'s',NULL,NULL,'2016-01-01','2016-01-01',1,'1459213035','2016-03-29 08:25:35'),('145921478599','1459214785','0525','0525',NULL,'s',NULL,NULL,'2016-01-01','2016-01-01',1,'1459213035','2016-03-29 08:26:25'),('145921484099','1459214840','0525','0525',NULL,'s',NULL,NULL,'2016-01-01','2016-01-01',1,'1459213035','2016-03-29 08:27:20'),('145921487899','1459214878','0525','0525',NULL,'s',NULL,NULL,'2016-01-01','2016-01-01',1,'1459213035','2016-03-29 08:27:58'),('145921494399','1459214943','0525','0525',NULL,'s',NULL,NULL,'2016-01-01','2016-01-01',1,'1459213035','2016-03-29 08:29:03'),('145921574999','1459215749','0531','0531',NULL,'e3',NULL,NULL,'2016-01-01','2016-01-01',1,'1459213265','2016-03-29 08:42:29'),('145921601199','1459216011','0531','0531',NULL,'e4',NULL,NULL,'2016-01-01','2016-01-01',1,'1459213265','2016-03-29 08:46:51'),('145921634199','1459216341','0531','0531',NULL,'e4',NULL,NULL,'2016-01-01','2016-01-01',1,'1459213265','2016-03-29 08:52:21'),('145921646499','1459216464','0531','0531',NULL,'e4',NULL,NULL,'2016-01-01','2016-01-01',1,'1459213265','2016-03-29 08:54:24'),('145921659499','1459216594','0531','0531',NULL,'e4',NULL,NULL,'2016-01-01','2016-01-01',1,'1459213265','2016-03-29 08:56:34'),('145921736599','1459217365','0511','0511',NULL,'e3',NULL,NULL,'2016-01-01','2016-01-01',1,'1459152424','2016-03-29 09:42:32'),('145921743999','1459217439','0531','0531',NULL,'e4',NULL,NULL,'2016-01-01','2016-01-01',1,'1459213265','2016-03-29 09:10:39'),('145921744399','1459217443','0511','0511',NULL,'e4',NULL,NULL,'2016-01-01','2016-01-01',1,'1459152424','2016-03-29 09:10:43'),('145921750499','1459217504','0531','0531',NULL,'s',NULL,NULL,'2016-01-01','2016-01-01',1,'1459213265','2016-03-29 09:11:44'),('145921751299','1459217512','0511','0511',NULL,'e4',NULL,NULL,'2016-01-01','2016-01-01',1,'1459152424','2016-03-29 09:11:52'),('145921756599','1459217565','0531','0531',NULL,'s',NULL,NULL,'2016-01-01','2016-01-01',1,'1459213265','2016-03-29 09:12:45'),('145921757099','1459217570','0511','0511',NULL,'e4',NULL,NULL,'2016-01-01','2016-01-01',1,'1459152424','2016-03-29 09:12:50'),('145921761699','1459217616','0531','0531',NULL,'s',NULL,NULL,'2016-01-01','2016-01-01',1,'1459213265','2016-03-29 09:13:36'),('145921762899','1459217628','0511','0511',NULL,'e4',NULL,NULL,'2016-01-01','2016-01-01',1,'1459152424','2016-03-29 09:13:48'),('145921771499','1459217714','0511','0511',NULL,'e4',NULL,NULL,'2016-01-01','2016-01-01',1,'1459152424','2016-03-29 09:15:14'),('145921776599','1459217765','0511','0511',NULL,'s',NULL,NULL,'2016-01-01','2016-01-01',1,'1459152424','2016-03-29 09:16:05'),('145921810699','1459218106','0511','0511',NULL,'s',NULL,NULL,'2016-01-01','2016-01-01',1,'1459152424','2016-03-29 09:21:46'),('145921818499','1459218184','0511','0511',NULL,'s',NULL,NULL,'2016-01-01','2016-01-01',1,'1459152424','2016-03-29 09:23:04'),('145921824299','1459218242','0511','0511',NULL,'s',NULL,NULL,'2016-01-01','2016-01-01',1,'1459152424','2016-03-29 09:24:02'),('145921836399','1459218363','0511','0511',NULL,'s',NULL,NULL,'2016-01-01','2016-01-01',1,'1459152424','2016-03-29 09:26:03'),('145921844999','1459218449','0511','0511',NULL,'s',NULL,NULL,'2016-01-01','2016-01-01',1,'1459152424','2016-03-29 09:27:29'),('145921857699','1459218576','0511','0511',NULL,'s',NULL,NULL,'2016-01-01','2016-01-01',1,'1459152424','2016-03-29 09:29:36'),('145921858699','1459218586','0531','0531',NULL,'s',NULL,NULL,'2016-01-01','2016-01-01',1,'1459213265','2016-03-29 09:29:46'),('145921864499','1459218644','0531','0531',NULL,'s',NULL,NULL,'2016-01-01','2016-01-01',1,'1459213265','2016-03-29 09:30:44'),('145921865799','1459218657','0511','0511',NULL,'s',NULL,NULL,'2016-01-01','2016-01-01',1,'1459152424','2016-03-29 09:30:57'),('145921871499','1459218714','0511','0511',NULL,'s',NULL,NULL,'2016-01-01','2016-01-01',1,'1459152424','2016-03-29 09:31:54'),('145921876699','1459218766','0511','0511',NULL,'s',NULL,NULL,'2016-01-01','2016-01-01',1,'1459152424','2016-03-29 09:32:46'),('145921876799','1459218767','0531','0531',NULL,'s',NULL,NULL,'2016-01-01','2016-01-01',1,'1459213265','2016-03-29 09:32:47'),('145921881199','1459218811','0511','0511',NULL,'s',NULL,NULL,'2016-01-01','2016-01-01',1,'1459152424','2016-03-29 09:33:31'),('145921885699','1459218856','0511','0511',NULL,'s',NULL,NULL,'2016-01-01','2016-01-01',1,'1459152424','2016-03-29 09:34:16'),('145921890999','1459218909','0511','0511',NULL,'s',NULL,NULL,'2016-01-01','2016-01-01',1,'1459152424','2016-03-29 09:35:09'),('145921895099','1459218950','0511','0511',NULL,'s',NULL,NULL,'2016-01-01','2016-01-01',1,'1459152424','2016-03-29 09:35:50'),('145921896199','1459218961','0535','0535',NULL,'e3',NULL,NULL,'2016-01-01','2016-01-01',1,'1459130999','2016-03-29 09:49:46'),('145921900699','1459219006','0511','0511',NULL,'s',NULL,NULL,'2016-01-01','2016-01-01',1,'1459152424','2016-03-29 09:36:46'),('145921901799','1459219017','0535','0535',NULL,'e4',NULL,NULL,'2016-01-01','2016-01-01',1,'1459130999','2016-03-29 09:36:57'),('145921904899','1459219048','0511','0511',NULL,'s',NULL,NULL,'2016-01-01','2016-01-01',1,'1459152424','2016-03-29 09:37:28'),('145921908299','1459219082','0535','0535',NULL,'e4',NULL,NULL,'2016-01-01','2016-01-01',1,'1459130999','2016-03-29 09:38:02'),('145921910299','1459219102','0511','0511',NULL,'s',NULL,NULL,'2016-01-01','2016-01-01',1,'1459152424','2016-03-29 09:38:22'),('145921914099','1459219140','0535','0535',NULL,'e4',NULL,NULL,'2016-01-01','2016-01-01',1,'1459130999','2016-03-29 09:39:00'),('145921915699','1459219156','0511','0511',NULL,'s',NULL,NULL,'2016-01-01','2016-01-01',1,'1459152424','2016-03-29 09:39:16'),('145921920499','1459219204','0511','0511',NULL,'s',NULL,NULL,'2016-01-01','2016-01-01',1,'1459152424','2016-03-29 09:40:04'),('145921923499','1459219234','0535','0535',NULL,'s',NULL,NULL,'2016-01-01','2016-01-01',1,'1459130999','2016-03-29 09:40:34'),('145921925199','1459219251','0511','0511',NULL,'s',NULL,NULL,'2016-01-01','2016-01-01',1,'1459152424','2016-03-29 09:40:51'),('145921927899','1459219278','0535','0535',NULL,'s',NULL,NULL,'2016-01-01','2016-01-01',1,'1459130999','2016-03-29 09:41:18'),('145921931999','1459219319','0511','0511',NULL,'s',NULL,NULL,'2016-01-01','2016-01-01',1,'1459152424','2016-03-29 09:43:38'),('145921932399','1459219323','0535','0535',NULL,'s',NULL,NULL,'2016-01-01','2016-01-01',1,'1459130999','2016-03-29 09:42:03'),('145921940299','1459219402','0535','0535',NULL,'s',NULL,NULL,'2016-01-01','2016-01-01',1,'1459130999','2016-03-29 09:43:22'),('145921944299','1459219442','0535','0535',NULL,'s',NULL,NULL,'2016-01-01','2016-01-01',1,'1459130999','2016-03-29 09:44:02'),('145921946899','1459219468','0531','0531',NULL,'s',NULL,NULL,'2016-01-01','2016-01-01',1,'1459213265','2016-03-29 09:44:28'),('145921952099','1459219520','0531','0531',NULL,'s',NULL,NULL,'2016-01-01','2016-01-01',1,'1459213265','2016-03-29 09:45:20'),('145921954099','1459219540','0535','0535',NULL,'s',NULL,NULL,'2016-01-01','2016-01-01',1,'1459130999','2016-03-29 09:45:40'),('145921957799','1459219577','0531','0531',NULL,'s',NULL,NULL,'2016-01-01','2016-01-01',1,'1459213265','2016-03-29 09:46:17'),('145921960299','1459219602','0535','0535',NULL,'s',NULL,NULL,'2016-01-01','2016-01-01',1,'1459130999','2016-03-29 09:46:42'),('145921965399','1459219653','0531','0531',NULL,'s',NULL,NULL,'2016-01-01','2016-01-01',1,'1459213265','2016-03-29 09:47:33'),('145921966299','1459219662','0535','0535',NULL,'s',NULL,NULL,'2016-01-01','2016-01-01',1,'1459130999','2016-03-29 09:47:42'),('145921969099','1459219690','0531','0531',NULL,'s',NULL,NULL,'2016-01-01','2016-01-01',1,'1459213265','2016-03-29 09:48:10'),('145921970999','1459219709','0535','0535',NULL,'s',NULL,NULL,'2016-01-01','2016-01-01',1,'1459130999','2016-03-29 09:48:29'),('145921973899','1459219738','0503','05',NULL,'s',NULL,NULL,'2016-01-01','2016-01-01',1,'1459136367','2016-03-29 09:48:58'),('145921976699','1459219766','0535','0535',NULL,'s',NULL,NULL,'2016-01-01','2016-01-01',1,'1459130999','2016-03-29 09:49:26'),('145922020399','1459220203','0521','0521',NULL,'e3',NULL,NULL,'2016-01-01','2016-01-01',1,'1459151125','2016-03-29 11:26:34'),('145922027599','1459220275','0521','0521',NULL,'e4',NULL,NULL,'2016-01-01','2016-01-01',1,'1459151125','2016-03-29 11:26:53'),('145922042599','1459220425','0521','0521',NULL,'e4',NULL,NULL,'2016-01-01','2016-01-01',1,'1459151125','2016-03-29 11:27:09'),('145922048299','1459220482','0534','0534',NULL,'e3',NULL,NULL,'2016-01-01','2016-01-01',1,'1459215531','2016-03-29 10:01:22'),('145922054299','1459220542','0521','0521',NULL,'e4',NULL,NULL,'2016-01-01','2016-01-01',1,'1459151125','2016-03-29 11:27:24'),('145922059399','1459220593','0521','0521',NULL,'e4',NULL,NULL,'2016-01-01','2016-01-01',1,'1459151125','2016-03-29 11:27:38'),('145922061599','1459220615','0534','0534',NULL,'e4',NULL,NULL,'2016-01-01','2016-01-01',1,'1459215531','2016-03-29 10:03:35'),('145922064299','1459220642','0521','0521',NULL,'e4',NULL,NULL,'2016-01-01','2016-01-01',1,'1459151125','2016-03-29 11:27:55'),('145922067899','1459220678','0505','0505',NULL,'s',NULL,NULL,'2016-01-01','2016-01-01',1,'1459136436','2016-03-29 10:04:38'),('145922069499','1459220694','0521','0521',NULL,'s',NULL,NULL,'2016-01-01','2016-01-01',1,'1459151125','2016-03-29 11:28:09'),('145922073699','1459220736','0521','0521',NULL,'s',NULL,NULL,'2016-01-01','2016-01-01',1,'1459151125','2016-03-29 11:28:23'),('145922078699','1459220786','0521','0521',NULL,'s',NULL,NULL,'2016-01-01','2016-01-01',1,'1459151125','2016-03-29 11:28:42'),('145922079299','1459220792','0505','0505',NULL,'s',NULL,NULL,'2016-01-01','2016-01-01',1,'1459136436','2016-03-29 10:06:32'),('145922082999','1459220829','0521','0521',NULL,'s',NULL,NULL,'2016-01-01','2016-01-01',1,'1459151125','2016-03-29 11:28:57'),('145922085799','1459220857','0505','0505',NULL,'s',NULL,NULL,'2016-01-01','2016-01-01',1,'1459136436','2016-03-29 10:07:37'),('145922091299','1459220912','0521','0521',NULL,'s',NULL,NULL,'2016-01-01','2016-01-01',1,'1459151125','2016-03-29 11:29:14'),('145922096799','1459220967','0521','0521',NULL,'s',NULL,NULL,'2016-01-01','2016-01-01',1,'1459151125','2016-03-29 10:09:27'),('145922102599','1459221025','0521','0521',NULL,'s',NULL,NULL,'2016-01-01','2016-01-01',1,'1459151125','2016-03-29 11:29:39'),('145922108999','1459221089','0521','0521',NULL,'s',NULL,NULL,'2016-01-01','2016-01-01',1,'1459151125','2016-03-29 10:11:29'),('145922118199','1459221181','0521','0521',NULL,'s',NULL,NULL,'2016-01-01','2016-01-01',1,'1459151125','2016-03-29 10:13:01'),('145922169199','1459221691','0521','0521',NULL,'s',NULL,NULL,'2016-01-01','2016-01-01',1,'1459151125','2016-03-29 10:21:31'),('145922173899','1459221738','0521','0521',NULL,'s',NULL,NULL,'2016-01-01','2016-01-01',1,'1459151125','2016-03-29 10:22:18'),('145922178699','1459221786','0505','0505',NULL,'s',NULL,NULL,'2016-01-01','2016-01-01',1,'1459136436','2016-03-29 10:23:06'),('145922187099','1459221870','0505','0505',NULL,'s',NULL,NULL,'2016-01-01','2016-01-01',1,'1459136436','2016-03-29 10:24:30'),('145922202799','1459222027','0505','0505',NULL,'s',NULL,NULL,'2016-01-01','2016-01-01',1,'1459136436','2016-03-29 10:27:07'),('145922212199','1459222121','0505','0505',NULL,'s',NULL,NULL,'2016-01-01','2016-01-01',1,'1459136436','2016-03-29 10:28:41'),('145922221899','1459222218','0535','0535',NULL,'e4',NULL,NULL,'2016-01-01','2016-01-01',1,'1459130999','2016-03-29 10:30:18'),('145922237899','1459222378','0505','0505',NULL,'s',NULL,NULL,'2016-01-01','2016-01-01',1,'1459136436','2016-03-29 10:32:58'),('145922250199','1459222501','0503','05',NULL,'s',NULL,NULL,'2016-01-01','2016-01-01',1,'1459136367','2016-03-29 10:35:01'),('145922250799','1459222507','0505','0505',NULL,'s',NULL,NULL,'2016-01-01','2016-01-01',1,'1459136436','2016-03-29 10:35:07'),('145922257499','1459222574','0505','0505',NULL,'s',NULL,NULL,'2016-01-01','2016-01-01',1,'1459136436','2016-03-29 10:36:14'),('145922262699','1459222626','0505','0505',NULL,'s',NULL,NULL,'2016-01-01','2016-01-01',1,'1459136436','2016-03-29 10:37:06'),('145922267899','1459222678','0505','0505',NULL,'s',NULL,NULL,'2016-01-01','2016-01-01',1,'1459136436','2016-03-29 10:37:58'),('145922272199','1459222721','0505','0505',NULL,'s',NULL,NULL,'2016-01-01','2016-01-01',1,'1459136436','2016-03-29 10:38:41'),('145922327099','1459223270','0505','0505',NULL,'s',NULL,NULL,'2016-01-01','2016-01-01',1,'1459136436','2016-03-29 10:47:50'),('145922332199','1459223321','0505','0505',NULL,'s',NULL,NULL,'2016-01-01','2016-01-01',1,'1459136436','2016-03-29 10:48:41'),('145922405399','1459224053','0505','0505',NULL,'s',NULL,NULL,'2016-01-01','2016-01-01',1,'1459136436','2016-03-29 11:00:53'),('145922447199','1459224471','0534','0534',NULL,'e4',NULL,NULL,'2016-01-01','2016-01-01',1,'1459215531','2016-03-29 11:07:51'),('145922453799','1459224537','0520','0520',NULL,'e4',NULL,NULL,'2016-01-01','2016-01-01',1,'1459138103','2016-03-29 11:08:57'),('145922459899','1459224598','0534','0534',NULL,'e4',NULL,NULL,'2016-01-01','2016-01-01',1,'1459215531','2016-03-29 11:09:58'),('145922474599','1459224745','0520','0520',NULL,'e4',NULL,NULL,'2016-01-01','2016-01-01',1,'1459138103','2016-03-29 11:12:25'),('145922492999','1459224929','0520','0520',NULL,'e4',NULL,NULL,'2016-01-01','2016-01-01',1,'1459138103','2016-03-29 11:15:29'),('145922518199','1459225181','0520','0520',NULL,'e4',NULL,NULL,'2016-01-01','2016-01-01',1,'1459138103','2016-03-29 11:19:41'),('145922536699','1459225366','0534','0534',NULL,'e4',NULL,NULL,'2016-01-01','2016-01-01',1,'1459215531','2016-03-29 11:22:46'),('145922537599','1459225375','0523','0523',NULL,'s',NULL,NULL,'2016-01-01','2016-01-01',1,'1459150457','2016-03-29 11:22:55'),('145922537999','1459225379','0520','0520',NULL,'e3',NULL,NULL,'2016-01-01','2016-01-01',1,'1459138103','2016-03-29 11:22:59'),('145922544799','1459225447','0534','0534',NULL,'e4',NULL,NULL,'2016-01-01','2016-01-01',1,'1459215531','2016-03-29 11:24:07'),('145922550399','1459225503','0511','0511',NULL,'s',NULL,NULL,'2016-01-01','2016-01-01',1,'1459152424','2016-03-29 11:25:03'),('145922551099','1459225510','0534','0534',NULL,'s',NULL,NULL,'2016-01-01','2016-01-01',1,'1459215531','2016-03-29 11:25:10'),('145922552099','1459225520','0520','0520',NULL,'s',NULL,NULL,'2016-01-01','2016-01-01',1,'1459138103','2016-03-29 11:25:20'),('145922553399','1459225533','0511','0511',NULL,'s',NULL,NULL,'2016-01-01','2016-01-01',1,'1459152424','2016-03-29 11:25:33'),('145922556399','1459225563','0511','0511',NULL,'s',NULL,NULL,'2016-01-01','2016-01-01',1,'1459152424','2016-03-29 11:26:03'),('145922557999','1459225579','0534','053401',NULL,'s',NULL,NULL,'2016-01-01','2016-01-01',1,'1459215531','2016-03-29 11:26:19'),('145922558399','1459225583','0511','0511',NULL,'s',NULL,NULL,'2016-01-01','2016-01-01',1,'1459152424','2016-03-29 11:26:23'),('145922560399','1459225603','0520','0520',NULL,'s',NULL,NULL,'2016-01-01','2016-01-01',1,'1459138103','2016-03-29 11:26:43'),('145922560899','1459225608','0511','0511',NULL,'s',NULL,NULL,'2016-01-01','2016-01-01',1,'1459152424','2016-03-29 11:26:48'),('145922563199','1459225631','0511','0511',NULL,'s',NULL,NULL,'2016-01-01','2016-01-01',1,'1459152424','2016-03-29 11:27:11'),('145922565199','1459225651','0511','0511',NULL,'s',NULL,NULL,'2016-01-01','2016-01-01',1,'1459152424','2016-03-29 11:27:31'),('145922567199','1459225671','0520','0520',NULL,'s',NULL,NULL,'2016-01-01','2016-01-01',1,'1459138103','2016-03-29 11:27:51'),('145922567299','1459225672','0534','0534',NULL,'s',NULL,NULL,'2016-01-01','2016-01-01',1,'1459215531','2016-03-29 11:27:52'),('145922572799','1459225727','0534','0534',NULL,'s',NULL,NULL,'2016-01-01','2016-01-01',1,'1459215531','2016-03-29 11:28:47'),('145922573099','1459225730','0520','0520',NULL,'s',NULL,NULL,'2016-01-01','2016-01-01',1,'1459138103','2016-03-29 11:28:50'),('145922578999','1459225789','0534','0534',NULL,'s',NULL,NULL,'2016-01-01','2016-01-01',1,'1459215531','2016-03-29 11:29:49'),('145922580699','1459225806','0520','0520',NULL,'s',NULL,NULL,'2016-01-01','2016-01-01',1,'1459138103','2016-03-29 11:30:06'),('145922586399','1459225863','0520','0520',NULL,'s',NULL,NULL,'2016-01-01','2016-01-01',1,'1459138103','2016-03-29 11:31:03'),('145922592899','1459225928','0534','0534',NULL,'s',NULL,NULL,'2016-01-01','2016-01-01',1,'1459215531','2016-03-29 11:32:08'),('145922595999','1459225959','0520','0520',NULL,'s',NULL,NULL,'2016-01-01','2016-01-01',1,'1459138103','2016-03-29 11:32:39'),('145922598799','1459225987','0534','0534',NULL,'s',NULL,NULL,'2016-01-01','2016-01-01',1,'1459215531','2016-03-29 11:33:07'),('145922602899','1459226028','0520','0520',NULL,'s',NULL,NULL,'2016-01-01','2016-01-01',1,'1459138103','2016-03-29 11:33:48'),('145922604899','1459226048','0534','0534',NULL,'s',NULL,NULL,'2016-01-01','2016-01-01',1,'1459215531','2016-03-29 11:34:08'),('145922608299','1459226082','0520','0520',NULL,'s',NULL,NULL,'2016-01-01','2016-01-01',1,'1459138103','2016-03-29 11:34:42'),('145922609899','1459226098','0534','0534',NULL,'s',NULL,NULL,'2016-01-01','2016-01-01',1,'1459215531','2016-03-29 11:34:58'),('145922616499','1459226164','0534','053401',NULL,'s',NULL,NULL,'2016-01-01','2016-01-01',1,'1459215531','2016-03-29 11:36:04'),('145922621199','1459226211','0520','0520',NULL,'s',NULL,NULL,'2016-01-01','2016-01-01',1,'1459138103','2016-03-29 11:36:51'),('145922623999','1459226239','0534','0534',NULL,'s',NULL,NULL,'2016-01-01','2016-01-01',1,'1459215531','2016-03-29 11:37:19'),('145922693699','1459226936','0520','052001',NULL,'s',NULL,NULL,'2016-01-01','2016-01-01',1,'1459138103','2016-03-29 11:48:56'),('145922700899','1459227008','0520','052001',NULL,'s',NULL,NULL,'2016-01-01','2016-01-01',1,'1459138103','2016-03-29 11:50:08'),('145922707799','1459227077','0520','052001',NULL,'s',NULL,NULL,'2016-01-01','2016-01-01',1,'1459138103','2016-03-29 11:51:17'),('145922713599','1459227135','0520','052001',NULL,'s',NULL,NULL,'2016-01-01','2016-01-01',1,'1459138103','2016-03-29 11:52:15'),('145922719899','1459227198','0520','052001',NULL,'s',NULL,NULL,'2016-01-01','2016-01-01',1,'1459138103','2016-03-29 11:53:18'),('145922727099','1459227270','0520','052001',NULL,'s',NULL,NULL,'2016-01-01','2016-01-01',1,'1459138103','2016-03-29 11:54:30'),('145922749099','1459227490','0534','0534',NULL,'s',NULL,NULL,'2016-01-01','2016-01-01',1,'1459215531','2016-03-29 11:58:10'),('145922756899','1459227568','0534','053401',NULL,'s',NULL,NULL,'2016-01-01','2016-01-01',1,'1459215531','2016-03-29 11:59:28'),('145922774399','1459227743','0534','053401',NULL,'s',NULL,NULL,'2016-01-01','2016-01-01',1,'1459215531','2016-03-29 12:02:23'),('145922776799','1459227767','0511','0511',NULL,'s',NULL,NULL,'2016-01-01','2016-01-01',1,'1459152424','2016-03-29 12:02:47'),('145922783399','1459227833','0534','053401',NULL,'s',NULL,NULL,'2016-01-01','2016-01-01',1,'1459215531','2016-03-29 12:03:53'),('145922786599','1459227865','0511','0511',NULL,'s',NULL,NULL,'2016-01-01','2016-01-01',1,'1459152424','2016-03-29 12:04:25'),('145922789099','1459227890','0534','0534',NULL,'s',NULL,NULL,'2016-01-01','2016-01-01',1,'1459215531','2016-03-29 12:04:50'),('145922789799','1459227897','0511','0511',NULL,'s',NULL,NULL,'2016-01-01','2016-01-01',1,'1459152424','2016-03-29 12:04:57'),('145922974399','1459229743','0503','05',NULL,'e4',NULL,NULL,'2016-01-01','2016-01-01',1,'1459136367','2016-03-29 12:35:43'),('145923024199','1459230241','0510','0510',NULL,'e4',NULL,NULL,'2016-01-01','2016-01-01',1,'1459152004','2016-03-29 12:44:01'),('145923030899','1459230308','0510','0510',NULL,'e4',NULL,NULL,'2016-01-01','2016-01-01',1,'1459152004','2016-03-29 12:45:08'),('145923039099','1459230390','0510','0510',NULL,'e4',NULL,NULL,'2016-01-01','2016-01-01',1,'1459152004','2016-03-29 12:46:30'),('145923044699','1459230446','0510','0510',NULL,'e3',NULL,NULL,'2016-01-01','2016-01-01',1,'1459152004','2016-03-29 12:47:26'),('145923056399','1459230563','0510','0510',NULL,'s',NULL,NULL,'2016-01-01','2016-01-01',1,'1459152004','2016-03-29 12:49:23'),('145923063299','1459230632','0510','0510',NULL,'s',NULL,NULL,'2016-01-01','2016-01-01',1,'1459152004','2016-03-29 12:50:32'),('145923072599','1459230725','0510','0510',NULL,'s',NULL,NULL,'2016-01-01','2016-01-01',1,'1459152004','2016-03-29 12:52:05'),('145923079199','1459230791','0510','0510',NULL,'s',NULL,NULL,'2016-01-01','2016-01-01',1,'1459152004','2016-03-29 12:53:11'),('145923084099','1459230840','0510','0510',NULL,'s',NULL,NULL,'2016-01-01','2016-01-01',1,'1459152004','2016-03-29 12:54:00'),('145923089699','1459230896','0510','0510',NULL,'s',NULL,NULL,'2016-01-01','2016-01-01',1,'1459152004','2016-03-29 12:54:56'),('145923096399','1459230963','0510','0510',NULL,'s',NULL,NULL,'2016-01-01','2016-01-01',1,'1459152004','2016-03-29 12:56:03'),('145923102499','1459231024','0510','0510',NULL,'s',NULL,NULL,'2016-01-01','2016-01-01',1,'1459152004','2016-03-29 12:57:04'),('145923109699','1459231096','0510','0510',NULL,'s',NULL,NULL,'2016-01-01','2016-01-01',1,'1459152004','2016-03-29 12:58:16'),('145923120299','1459231202','0510','0510',NULL,'s',NULL,NULL,'2016-01-01','2016-01-01',1,'1459152004','2016-03-29 13:00:02'),('145923132099','1459231320','0510','0510',NULL,'s',NULL,NULL,'2016-01-01','2016-01-01',1,'1459152004','2016-03-29 13:02:00'),('145923153399','1459231533','0510','0510',NULL,'s',NULL,NULL,'2016-01-01','2016-01-01',1,'1459152004','2016-03-29 13:05:33'),('145923157299','1459231572','0510','0510',NULL,'s',NULL,NULL,'2016-01-01','2016-01-01',1,'1459152004','2016-03-29 13:06:12'),('145923161699','1459231616','0510','0510',NULL,'s',NULL,NULL,'2016-01-01','2016-01-01',1,'1459152004','2016-03-29 13:06:56'),('145923162299','1459231622','0505','0505',NULL,'e3',NULL,NULL,'2016-01-01','2016-01-01',1,'1459136436','2016-03-29 13:07:02'),('145923168399','1459231683','0510','0510',NULL,'s',NULL,NULL,'2016-01-01','2016-01-01',1,'1459152004','2016-03-29 13:08:03'),('145923170899','1459231708','0510','0510',NULL,'s',NULL,NULL,'2016-01-01','2016-01-01',1,'1459152004','2016-03-29 13:08:28'),('145923173799','1459231737','0510','0510',NULL,'s',NULL,NULL,'2016-01-01','2016-01-01',1,'1459152004','2016-03-29 13:08:57'),('145923176499','1459231764','0510','0510',NULL,'s',NULL,NULL,'2016-01-01','2016-01-01',1,'1459152004','2016-03-29 13:09:24'),('145923377399','1459233773','0529','0529',NULL,'e3',NULL,NULL,'2016-01-01','2016-01-01',1,'1459151511','2016-03-29 13:42:53'),('145923389899','1459233898','0529','0529',NULL,'e4',NULL,NULL,'2016-01-01','2016-01-01',1,'1459151511','2016-03-29 13:44:58'),('145923395999','1459233959','0529','0529',NULL,'e4',NULL,NULL,'2016-01-01','2016-01-01',1,'1459151511','2016-03-29 13:45:59'),('145923400199','1459234001','0529','0529',NULL,'e4',NULL,NULL,'2016-01-01','2016-01-01',1,'1459151511','2016-03-29 13:46:41'),('145923406199','1459234061','0529','0529',NULL,'e4',NULL,NULL,'2016-01-01','2016-01-01',1,'1459151511','2016-03-29 13:47:41'),('145923411299','1459234112','0529','0529',NULL,'e4',NULL,NULL,'2016-01-01','2016-01-01',1,'1459151511','2016-03-29 13:48:32'),('145923418699','1459234186','0529','0529',NULL,'s',NULL,NULL,'2016-01-01','2016-01-01',1,'1459151511','2016-03-29 13:49:46'),('145923474999','1459234749','0529','0529',NULL,'s',NULL,NULL,'2016-01-01','2016-01-01',1,'1459151511','2016-03-29 13:59:09'),('145923479999','1459234799','0529','0529',NULL,'s',NULL,NULL,'2016-01-01','2016-01-01',1,'1459151511','2016-03-29 13:59:59'),('145923485299','1459234852','0529','0529',NULL,'s',NULL,NULL,'2016-01-01','2016-01-01',1,'1459151511','2016-03-29 14:00:52'),('145923491099','1459234910','0529','0529',NULL,'s',NULL,NULL,'2016-01-01','2016-01-01',1,'1459151511','2016-03-29 14:01:50'),('145923495899','1459234958','0529','0529',NULL,'s',NULL,NULL,'2016-01-01','2016-01-01',1,'1459151511','2016-03-29 14:02:38'),('145923506499','1459235064','0529','0529',NULL,'s',NULL,NULL,'2016-01-01','2016-01-01',1,'1459151511','2016-03-29 14:04:24'),('145923515399','1459235153','0529','0529',NULL,'s',NULL,NULL,'2016-01-01','2016-01-01',1,'1459151511','2016-03-29 14:05:53'),('145923550899','1459235508','0529','052901',NULL,'s',NULL,NULL,'2016-01-01','2016-01-01',1,'1459151511','2016-03-29 14:11:48'),('145923637099','1459236370','0529','0529',NULL,'s',NULL,NULL,'2016-01-01','2016-01-01',1,'1459151511','2016-03-29 14:26:10'),('145923643899','1459236438','0529','052901',NULL,'s',NULL,NULL,'2016-01-01','2016-01-01',1,'1459151511','2016-03-29 14:27:18'),('145923648599','1459236485','0529','052901',NULL,'s',NULL,NULL,'2016-01-01','2016-01-01',1,'1459151511','2016-03-29 14:28:05'),('145923655099','1459236550','0529','0529',NULL,'s',NULL,NULL,'2016-01-01','2016-01-01',1,'1459151511','2016-03-29 14:29:10'),('145923660299','1459236602','0529','0529',NULL,'s',NULL,NULL,'2016-01-01','2016-01-01',1,'1459151511','2016-03-29 14:30:02'),('145923667099','1459236670','0529','052901',NULL,'s',NULL,NULL,'2016-01-01','2016-01-01',1,'1459151511','2016-03-29 14:31:10'),('145923671799','1459236717','0529','052901',NULL,'s',NULL,NULL,'2016-01-01','2016-01-01',1,'1459151511','2016-03-29 14:31:57'),('145923676099','1459236760','0529','0529',NULL,'s',NULL,NULL,'2016-01-01','2016-01-01',1,'1459151511','2016-03-29 14:32:40'),('145923719799','1459237197','0529','0529',NULL,'s',NULL,NULL,'2016-01-01','2016-01-01',1,'1459151511','2016-03-29 14:39:57'),('145923874499','1459238744','0501','0501',NULL,'e4',NULL,NULL,'2016-01-01','2016-01-01',1,'1459065417','2016-03-29 15:09:34'),('145924321299','1459243212','0518','0518',NULL,'e3',NULL,NULL,'2016-01-01','2016-01-01',1,'1459137509','2016-03-29 16:20:12'),('145924355399','1459243553','0518','0518',NULL,'e4',NULL,NULL,'2016-01-01','2016-01-01',1,'1459137509','2016-03-29 16:25:53'),('145924380099','1459243800','0518','0518',NULL,'e4',NULL,NULL,'2016-01-01','2016-01-01',1,'1459137509','2016-03-29 16:30:00'),('145924410699','1459244106','0518','0518',NULL,'e4',NULL,NULL,'2016-01-01','2016-01-01',1,'1459137509','2016-03-29 16:35:06'),('145924426099','1459244260','0518','0518',NULL,'e4',NULL,NULL,'2016-01-01','2016-01-01',1,'1459137509','2016-03-29 16:37:40'),('145924434699','1459244346','0518','0518',NULL,'e4',NULL,NULL,'2016-01-01','2016-01-01',1,'1459137509','2016-03-29 16:39:06'),('145924460399','1459244603','0518','0518',NULL,'s',NULL,NULL,'2016-01-01','2016-01-01',1,'1459137509','2016-03-29 16:43:23');

/*Table structure for table `t_pangkat` */

DROP TABLE IF EXISTS `t_pangkat`;

CREATE TABLE `t_pangkat` (
  `id_pangkat` char(15) NOT NULL,
  `pangkat` char(25) NOT NULL,
  `golongan` char(5) NOT NULL,
  `asn` tinyint(1) NOT NULL DEFAULT '1',
  `aktif` tinyint(1) NOT NULL DEFAULT '1',
  PRIMARY KEY (`id_pangkat`)
) ENGINE=InnoDB DEFAULT CHARSET=latin1;

/*Data for the table `t_pangkat` */

insert  into `t_pangkat`(`id_pangkat`,`pangkat`,`golongan`,`asn`,`aktif`) values ('1a','JURU MUDA','Ia',1,1),('1b','JURU MUDA TK I','Ib',1,1),('1c','JURU','Ic',1,1),('1d','JURU TK I','Id',1,1),('2a','PENGATUR MUDA','IIa',1,1),('2b','PENGATUR MD TK I','IIb',1,1),('2c','PENGATUR','IIc',1,1),('2d','PENGATUR TK I','IId',1,1),('3a','PENATA MUDA','IIIa',1,1),('3b','PENATA MUDA TK I','IIIb',1,1),('3c','PENATA','IIIc',1,1),('3d','PENATA TK I','IIId',1,1),('4a','PEMBINA','IVa',1,1),('4b','PEMBINA TINGKAT I','IVb',1,1),('4c','PEMBINA UTAMA MUDA','IVc',1,1),('4d','PEMBINA UTAMA MADYA','IVd',1,1),('4e','PEMBINA UTAMA','IVe',1,1),('phl','PHL','-',0,1),('pk','PEGAWAI KONTRAK','-',0,1);

/*Table structure for table `t_pegawai` */

DROP TABLE IF EXISTS `t_pegawai`;

CREATE TABLE `t_pegawai` (
  `id_pegawai` char(15) NOT NULL,
  `id_sts_pegawai` char(3) NOT NULL,
  `nama_pegawai` char(100) NOT NULL,
  `nip` char(25) DEFAULT NULL,
  `id_pangkat` char(15) NOT NULL,
  `id_user` char(15) NOT NULL,
  `history_buat` datetime DEFAULT NULL,
  `history_update` datetime DEFAULT NULL,
  `aktif` tinyint(1) NOT NULL DEFAULT '1',
  PRIMARY KEY (`id_pegawai`),
  KEY `id_sts_pegawai` (`id_sts_pegawai`),
  KEY `id_pangkat` (`id_pangkat`),
  KEY `id_user` (`id_user`),
  CONSTRAINT `t_pegawai_ibfk_1` FOREIGN KEY (`id_sts_pegawai`) REFERENCES `t_sts_pegawai` (`id_sts_pegawai`) ON DELETE CASCADE ON UPDATE CASCADE,
  CONSTRAINT `t_pegawai_ibfk_2` FOREIGN KEY (`id_pangkat`) REFERENCES `t_pangkat` (`id_pangkat`) ON DELETE CASCADE ON UPDATE CASCADE,
  CONSTRAINT `t_pegawai_ibfk_4` FOREIGN KEY (`id_user`) REFERENCES `t_users` (`id_user`) ON DELETE CASCADE ON UPDATE CASCADE
) ENGINE=InnoDB DEFAULT CHARSET=latin1;

/*Data for the table `t_pegawai` */

insert  into `t_pegawai`(`id_pegawai`,`id_sts_pegawai`,`nama_pegawai`,`nip`,`id_pangkat`,`id_user`,`history_buat`,`history_update`,`aktif`) values ('1459135131','33','DELVINA','19600403 198903 2 003','3d','1459134128','2016-03-28 10:18:51',NULL,1),('1459135256','33','WIWIEK SUSYANI,SE','19591018 198208 2 001','3d','1459134128','2016-03-28 10:20:56',NULL,1),('1459135349','33','ANI PRATIWI,SE','19630311 198510 2 002','3d','1459134128','2016-03-28 10:22:29',NULL,1),('1459135443','33','KISWANTO,SH','19670725 198903 1 006','3d','1459134128','2016-03-28 10:24:03',NULL,1),('1459135533','33','ANTHONY ADI PUTRANTO,SH','19680709 199303 1 010','3d','1459134128','2016-03-28 10:25:33',NULL,1),('1459135671','33','KOESWARDONO B CHRIS,SH,MM','19601208 198503 1 013','4a','1459134128','2016-03-28 10:27:51',NULL,1),('1459138253','33','ENDANG IRIYANTI,S.SOS, M.SI','19640730 198803 2 005','3d','1459136436','2016-03-28 11:10:53','2016-03-29 13:07:21',1),('1459139733','33','SRI SURYANINGSIH','19620831 199105 2 001','3d','1459136436','2016-03-28 11:35:33',NULL,1),('1459139835','33','AGUSMAN,SE','19590831 198510 1 001','3d','1459136436','2016-03-28 11:37:15',NULL,1),('1459139893','33','SRI NURYANI,SE','19590307 197902 2 001','3d','1459136436','2016-03-28 11:38:13',NULL,1),('1459139959','33','BAMBANG HARDJANTO,S.SOS','19580704 198404 1 010','3d','1459136436','2016-03-28 11:39:19',NULL,1),('1459140676','33','EDY HERIYANTO,SE','19600528 198503 1 008','3c','1459136436','2016-03-28 11:51:16',NULL,1),('1459140988','33','SUHARYADI WAHYU','19680111 199001 1 002','3d','1459136436','2016-03-28 11:56:28',NULL,1),('1459141110','33','KUSDARYANIKUSUMAWARDANI','19730820 200604 2 003','3c','1459136436','2016-03-28 11:58:30',NULL,1),('1459142545','33','KRISNO UTOMO','19660203 199203 1 009','3c','1459136436','2016-03-28 12:22:25',NULL,1),('1459142648','33','ANDY RADITYO KRIDA SUSILO,ST','19800914 201101 1 006','3b','1459136436','2016-03-28 12:24:08',NULL,1),('1459142720','33','SUGIARTO','19661009 198903 1 009','3b','1459136436','2016-03-28 12:25:20',NULL,1),('1459142891','33','SUGIYARTO','19720625 199203 1 006','3b','1459136436','2016-03-28 12:28:11',NULL,1),('1459142983','33','TEGUH PURNOMO','19580705 198503 1 015','3b','1459136436','2016-03-28 12:29:43',NULL,1),('1459143107','33','ARI MARWANTO','19710711 201001 1 002','2b','1459136436','2016-03-28 12:31:47',NULL,1),('1459143920','33','ENNY PUDJIASTUTI, S.SOS','19591028 197901 2 001','3d','1459143349','2016-03-28 12:45:20',NULL,1),('1459144010','33','DRS. AS\'ARI, M.SI','19621212 198510 1 001','4b','1459143349','2016-03-28 12:46:50',NULL,1),('1459144215','33','BAMBANG IRWAN SETIYABUDI, SH','19590310 198503 1 012','3d','1459143349','2016-03-28 12:50:15',NULL,1),('1459144346','33','AGUNG MARDIYANTO, SE','19630318 198512 1 001','3d','1459143349','2016-03-28 12:52:26',NULL,1),('1459144456','33','BAMBANG TRI KUNCORO, SH','19660102 199603 1 003','3d','1459143349','2016-03-28 12:54:16',NULL,1),('1459144560','33','LUKY YUDHIA PERWIRA, SH','19670524 198702 1 003','3d','1459143349','2016-03-28 12:56:00',NULL,1),('1459144644','33','ROCH SURYANI, S.SOS','19660307 198510 2 001','3d','1459143349','2016-03-28 12:57:24',NULL,1),('1459144723','33','NOORSANTI WIDOERI, S.SOS','19690210 198803 2 001','3d','1459143349','2016-03-28 12:58:43',NULL,1),('1459144835','33','SUONO','19590103 198503 1 012','3b','1459143349','2016-03-28 13:00:35',NULL,1),('1459144909','33','TRIMARGAGREDA BUDI SETIYAWAN','19700615 199203 1 009','3b','1459143349','2016-03-28 13:01:49',NULL,1),('1459144974','33','DWI KUSUMAWATI, S.SOS','19651022 198903 2 009','3a','1459143349','2016-03-28 13:02:54',NULL,1),('1459145039','33','SUNAR','19680309 198903 1 007','3a','1459143349','2016-03-28 13:03:59',NULL,1),('1459145108','33','PRATIKNO','19610106 200604 1 004','2c','1459143349','2016-03-28 13:05:08',NULL,1),('1459145197','33','ARIF RAHMADIYANTO, S.SOS','19671214 201001 1 001','2b','1459143349','2016-03-28 13:06:37',NULL,1),('1459145265','33','ARI DIKDO','19750615 201001 1 004','2b','1459143349','2016-03-28 13:07:45',NULL,1),('1459145329','33','KRISTIAWAN NUGRAHANTO, S.SOS','19800408 201001 1 004','2b','1459143349','2016-03-28 13:08:49',NULL,1),('1459149639','33','ARI WIDODO EDIJANTO','19671230 200701 1 007','2c','1459134128','2016-03-28 14:20:39',NULL,1),('1459149743','33','SLAMET PRIYO H.S.SOS','19600505 198503 1 016','3d','1459133423','2016-03-28 14:22:23',NULL,1),('1459149744','33','WAHYONO','19680419 201001 1 002','2b','1459134128','2016-03-28 14:22:24',NULL,1),('1459149806','33','SARONO EDI S, S.SOS','19601231 198503 1 125','3d','1459133423','2016-03-28 14:23:26',NULL,1),('1459149808','33','YOYOK SOEMARJO','19601222 198503 1 009','2a','1459134128','2016-03-28 14:23:28',NULL,1),('1459149867','33','S.HADI WIBOWO','19611028 198603 1 009','3d','1459133423','2016-03-28 14:24:27',NULL,1),('1459149902','33','SODIKUN,SE,MSE,MA','19740618 199511 1 001','3d','1459133423','2016-03-28 14:25:02',NULL,1),('1459149915','33','BAMBANG MURTOPO, SH., MH','19580329 199403 1 001','3c','1459134128','2016-03-28 14:25:15',NULL,1),('1459149961','33','TOTOK MULYANTO, S.SOS','19680603 198903 1 007','3d','1459133423','2016-03-28 14:26:01',NULL,1),('1459149967','33','MUJI HARTONO, SE','19680523 198903 1 005','3c','1459134128','2016-03-28 14:26:07',NULL,1),('1459150019','33','NURMAWATI KHASANAH','19630325 198510 2 001','3b','1459133423','2016-03-28 14:26:59',NULL,1),('1459150029','33','WAGIMAN, SE','19671004 198903 1 009','3c','1459134128','2016-03-28 14:27:09',NULL,1),('1459150080','33','WAGIMAN','19591112 198510 1 002','3a','1459134128','2016-03-28 14:28:00',NULL,1),('1459150100','33','NUR ENDAH SARWOSRI, SE','19690124 198903 2 006','3c','1459133423','2016-03-28 14:28:20',NULL,1),('1459150159','33','R TRI SOEDARSIH','19590621 198511 2 001','2c','1459134128','2016-03-28 14:29:19',NULL,1),('1459150172','33','SUHARTANTO, S.SOS','19690416 198903 1 005','3c','1459133423','2016-03-28 14:29:32',NULL,1),('1459150211','33','SURYATNO','19641112 200801 1 002','2b','1459134128','2016-03-28 14:30:11',NULL,1),('1459150230','33','NUK BIYONO','19580302 198302 1 003','3b','1459133423','2016-03-28 14:30:30',NULL,1),('1459150281','33','WIDODO, SE','19600706 198503 1 022','2d','1459133423','2016-03-28 14:31:21',NULL,1),('1459150287','33','MUSLIH SUTOYO','19610812 200701 1 006','2b','1459134128','2016-03-28 14:31:27',NULL,1),('1459150318','33','WARSONO','19620924 200701 1 012','2b','1459133423','2016-03-28 14:31:58',NULL,1),('1459150326','33','JOKO MARWANTO','19691118 200801 1 005','2b','1459134128','2016-03-28 14:32:06',NULL,1),('1459150358','33','NUR KHOLIS','19800412 200901 1 006','2b','1459133423','2016-03-28 14:32:38',NULL,1),('1459150412','33','ERRY RAHARJONO,S.SOS, MSI','19690905 198803 1 001','4a','1459133423','2016-03-28 14:33:32',NULL,1),('1459150439','99','JOKO KOESDARYANTO','','phl','1459134128','2016-03-28 14:33:59',NULL,1),('1459150460','99','SRI WALUYO','','phl','1459134128','2016-03-28 14:34:20',NULL,1),('1459152615','33','NANIK KRISTIYANI, SE, MM','19590930 197902 2 001','4a','1459152004','2016-03-28 15:10:15',NULL,1),('1459152778','33','ANDI SURYANTO, SSTP, M.SI','19780410 199703 1 005','4a','1459150862','2016-03-28 15:12:58',NULL,1),('1459154245','33','SITI AISYAH SE, MM','19670311 199203 2 008','4a','1459150862','2016-03-28 15:37:25',NULL,1),('1459154266','33','MUSTAKIM','19790314 201002 1 002','2a','1459136436','2016-03-28 15:37:46',NULL,1),('1459154282','33','ARI PRATIWI, SE, MM','19590511 197901 2 001','4a','1459150862','2016-03-28 15:38:02',NULL,1),('1459154339','33','TRI ISWATI, S.SOS','19590325 198203 2 002','3d','1459150862','2016-03-28 15:38:59',NULL,1),('1459154409','33','JOKO PUJIYONO, SE, M. SI','19630128 198510 1 001','3d','1459150862','2016-03-28 15:40:09',NULL,1),('1459154444','33','PURYADI SE, MM','19620510 199003 1 004','3d','1459150862','2016-03-28 15:40:44',NULL,1),('1459154485','33','JOKO SUPRIYANTO, SE','19591231 199103 1 044','3d','1459150862','2016-03-28 15:41:25',NULL,1),('1459154513','33','DANANG SASONGKO, SH, M.SI','19620502 198910 1 001','3d','1459150862','2016-03-28 15:41:53',NULL,1),('1459154548','33','PURWANTO, SP, MM','19750427 200312 1 003','3c','1459150862','2016-03-28 15:42:28',NULL,1),('1459154592','33','TAWAR GUNADI, SE','19641227 198510 1 002','3c','1459150862','2016-03-28 15:43:12',NULL,1),('1459154628','33','TRI BASUKI, SE','19630903 198703 1 010','3b','1459150862','2016-03-28 15:43:48',NULL,1),('1459154674','33','RUBADI','19590515 198503 1 015','2d','1459150862','2016-03-28 15:44:34',NULL,1),('1459154706','33','DARSONO','19590817 198803 1 005','2d','1459150862','2016-03-28 15:45:06',NULL,1),('1459154764','33','INDRAYANTO','19710921 200901 1 003','2b','1459150862','2016-03-28 15:46:04',NULL,1),('1459154809','33','DANANG PANCAKA','19650924 201001 1 002','2b','1459150862','2016-03-28 15:46:49',NULL,1),('1459154848','33','SUSANTO','19800130 200901 1 006','2a','1459150862','2016-03-28 15:47:28',NULL,1),('1459154891','33','SULARNO','19720911 200701 1 008','2a','1459150862','2016-03-28 15:48:11',NULL,1),('1459154917','99','HENRY FIRMAN ARIANTO, SH','','phl','1459150862','2016-03-28 15:48:37',NULL,1),('1459154937','99','VERONICA LIS WAHYUNINGSIH, SH','','phl','1459150862','2016-03-28 15:48:57',NULL,1),('1459154953','99','MARIA DEWI SARI PUTRI','','phl','1459150862','2016-03-28 15:49:13',NULL,1),('1459158096','33','RINA IRAWANTI, SH., M.HUM','19690501 199803 2 003','4b','1459136279','2016-03-28 16:41:36',NULL,1),('1459158135','33','WAWAN GUNAWAN UTAMA','19760204 200902 1 002','3b','1459136279','2016-03-28 16:42:15',NULL,1),('1459166584','33','RINI TRI UTAMI','19830618 201101 2 011','3b','1459136279','2016-03-28 19:03:04',NULL,1),('1459173151','33','DEWI SARTIKA','19910519 201206 2 001','3a','1459136279','2016-03-28 20:52:31',NULL,1),('1459173230','33','SRI MULYATI','19660327 198903 1 011','3d','1459136279','2016-03-28 20:53:50',NULL,1),('1459173334','33','APRIYANTI WAHYU SEJATI','19830413 201100 1 200','3b','1459136279','2016-03-28 20:55:34',NULL,1),('1459211954','33','INTAN TRINEGARI, SH. MM','19630225 199203 2 003','4b','1459150457','2016-03-29 07:39:14','2016-03-29 12:04:49',1),('1459212123','33','DRS. ASTANTO, MM.','19610805 198211 1 001','4a','1459150457','2016-03-29 07:42:03',NULL,1),('1459212232','33','NUR AENI ASIH, SE. MM','19611227 198510 2 001','4a','1459150457','2016-03-29 07:43:52',NULL,1),('1459212326','33','SUDARNO AGUNG PURWANTONI, SH. MM','19630617 199310 1 001','4a','1459150457','2016-03-29 07:45:26',NULL,1),('1459212842','33','NUR IMAN. SH. MSI','19630919 198511 1 001','4a','1459150457','2016-03-29 07:54:02',NULL,1),('1459213172','33','AGUS WIYONO, S.SOS','19650821 198510 1 001','3c','1459150457','2016-03-29 07:59:32',NULL,1),('1459213293','33','WALUYO,SE','19670212 198903 1 008','3b','1459150457','2016-03-29 08:01:33',NULL,1),('1459213477','33','RITA INDIATI','19621222 198511 2 003','3a','1459150457','2016-03-29 08:04:37','2016-03-29 11:12:25',1),('1459213555','33','KRISTIANTO','19690502 200701 1 043','2c','1459150457','2016-03-29 08:05:55',NULL,1),('1459213623','33','SUKIRNO','19621110 200801 1 007','2b','1459150457','2016-03-29 08:07:03',NULL,1),('1459213707','33','YULI WIBOWO','19760725 201001 1 003','2b','1459150457','2016-03-29 08:08:27',NULL,1),('1459213769','99','HAJAR DEWANTO','','pk','1459150457','2016-03-29 08:09:29',NULL,1),('1459213934','99','JOHAN FATONY','','pk','1459150457','2016-03-29 08:12:14','2016-03-29 11:23:39',1),('1459213998','99','GUNAWAN','','pk','1459150457','2016-03-29 08:13:18',NULL,1),('1459214128','33','SUPRIYONO, SH','19601210 198503 2 018','4a','1459213035','2016-03-29 08:15:28',NULL,1),('1459214225','33','NINIK PUJI ASTUTI, S.SN, MM','19650223 199806 2 001','4a','1459213035','2016-03-29 08:17:05',NULL,1),('1459214319','33','SULASTRININGSIH, SE','19581220 197902 2 001','3d','1459213035','2016-03-29 08:18:39','2016-03-29 08:19:28',1),('1459214464','33','RM. ANDI MULYONO K, SE. MSI','19660214 199203 1 005','3d','1459213035','2016-03-29 08:21:04',NULL,1),('1459214552','33','SRIYONO, SSTP','19780526 199810 1 001','3d','1459213035','2016-03-29 08:22:32',NULL,1),('1459214601','33','JOKO PARYONO, SH','19620922 199203 1 002','3c','1459213035','2016-03-29 08:23:21',NULL,1),('1459214677','33','SITI LESTARI, SE','19680608 198903 2 003','3c','1459213035','2016-03-29 08:24:37',NULL,1),('1459214735','33','SIDIQ ADI PANDEGA, SSTP., MSI','19830328 200112 1 006','3c','1459213035','2016-03-29 08:25:35',NULL,1),('1459214785','33','BANDOT HARIJANTO','19671118 198903 1 004','2c','1459213035','2016-03-29 08:26:25',NULL,1),('1459214840','33','MOH. SOBIRIN','19771121 200801 1 003','2b','1459213035','2016-03-29 08:27:20',NULL,1),('1459214878','33','RASWIN','19751111 200901 1 008','2b','1459213035','2016-03-29 08:27:58',NULL,1),('1459214943','33','WAHYUDI SLAMET WIDODO','19661116 200801 1 001','1b','1459213035','2016-03-29 08:29:03',NULL,1),('1459215749','33','AGUS HARDIATMO, SH','19630811 199211 1 001','4a','1459213265','2016-03-29 08:42:29',NULL,1),('1459216011','33','EKO SUPRIYANTO,S.SOS','19581109 198503 1 008','3d','1459213265','2016-03-29 08:46:51',NULL,1),('1459216341','33','ASNADI, SH.MSI','19661115 198903 1 009','3d','1459213265','2016-03-29 08:52:21',NULL,1),('1459216464','33','SUPARDI, SE','19581006 197902 1 001','3d','1459213265','2016-03-29 08:54:24',NULL,1),('1459216594','33','SUTINI, SE','19670210 198903 2 005','3c','1459213265','2016-03-29 08:56:34',NULL,1),('1459217365','33','DRA. SRI HARNANI','19670619 199703 2 002','4a','1459152424','2016-03-29 09:09:25','2016-03-29 09:42:32',1),('1459217439','33','A.ISNANTO,S.IP','19651001 199603 1 003','3d','1459213265','2016-03-29 09:10:39',NULL,1),('1459217443','33','DRS. GATOT TRI WIBOWO','19581009 199002 1 001','3d','1459152424','2016-03-29 09:10:43',NULL,1),('1459217504','33','HARTININGSIH, SE','19640627 198509 2 001','3d','1459213265','2016-03-29 09:11:44',NULL,1),('1459217512','33','LANDJAR WIDODO, SE','19580607 197812 1 002','3d','1459152424','2016-03-29 09:11:52',NULL,1),('1459217565','33','SRI USDIANI, SE','19610903 199001 2 001','3c','1459213265','2016-03-29 09:12:45',NULL,1),('1459217570','33','SUGENG, SE','19620827 198510 1 001','3d','1459152424','2016-03-29 09:12:50',NULL,1),('1459217616','33','HAPTI ANDINI, SE','19710816 199201 2 003','3b','1459213265','2016-03-29 09:13:36',NULL,1),('1459217628','33','NOOR ARIFIN, SE','19660524 199203 1 007','3c','1459152424','2016-03-29 09:13:48',NULL,1),('1459217714','33','SUTARYO, SE','19580822 197901 1 003','3d','1459152424','2016-03-29 09:15:14',NULL,1),('1459217765','33','SUWARNO, SE','19590107 198503 1 012','3d','1459152424','2016-03-29 09:16:05',NULL,1),('1459218106','33','SURATMAN, SE, MM','19660509 198903 1 014','3c','1459152424','2016-03-29 09:21:46',NULL,1),('1459218184','33','SITI KHODIYATUN, SE','19650706 198910 2 001','3c','1459152424','2016-03-29 09:23:04',NULL,1),('1459218242','33','DRA. MURYATI','19660510 199403 2 007','3d','1459152424','2016-03-29 09:24:02',NULL,1),('1459218363','33','DEWI RAHAYU','19581221 197901 2 001','3b','1459152424','2016-03-29 09:26:03',NULL,1),('1459218449','33','DRA. SUNARSIH','19581217 199203 2 003','3d','1459152424','2016-03-29 09:27:29',NULL,1),('1459218576','33','ABDUL AZIZ, SE','19670125 199703 1 003','3d','1459152424','2016-03-29 09:29:36',NULL,1),('1459218586','33','MOEMUD SOEHARTI, SE','19700527 199303 2 002','3b','1459213265','2016-03-29 09:29:46',NULL,1),('1459218644','33','MA\'RUF RIYANTO','19591126 198503 1 006','2d','1459213265','2016-03-29 09:30:44',NULL,1),('1459218657','33','SRI HATI, SE','19611006 198510 2 001','3d','1459152424','2016-03-29 09:30:57',NULL,1),('1459218714','33','WARIS, SE','19610327 198503 1 011','3d','1459152424','2016-03-29 09:31:54',NULL,1),('1459218766','33','HARIYANTO','19710129 199603 1 001','3b','1459152424','2016-03-29 09:32:46',NULL,1),('1459218767','33','EKO SUPATMI','19611024 200701 2 001','2c','1459213265','2016-03-29 09:32:47',NULL,1),('1459218811','33','SUKIRMAN','19600107 200604 1 011','2c','1459152424','2016-03-29 09:33:31',NULL,1),('1459218856','33','DEWI BUANA','19630910 100701 1 020','2c','1459152424','2016-03-29 09:34:16',NULL,1),('1459218909','33','SISWADI','19661022 200701 1 006','2c','1459152424','2016-03-29 09:35:09',NULL,1),('1459218950','33','HADIYONO','19620805 200801 1 002','2b','1459152424','2016-03-29 09:35:50',NULL,1),('1459218961','33','BAMBANG SULISTYOAJI','19580515 197901 1 002','4a','1459130999','2016-03-29 09:36:01','2016-03-29 09:49:46',1),('1459219006','33','SRI NURJANAH','19800121 200901 2 007','2b','1459152424','2016-03-29 09:36:46',NULL,1),('1459219017','33','SUHARYO','19650426 199303 1 004','3d','1459130999','2016-03-29 09:36:57',NULL,1),('1459219048','33','SIH SRI REJONO','19640205 200901 1 002','2b','1459152424','2016-03-29 09:37:28',NULL,1),('1459219082','33','ANI SULISTYANI','19701129 198903 2 001','3d','1459130999','2016-03-29 09:38:02',NULL,1),('1459219102','33','MOH ADIB EFFENDI','19750911 200901 1 005','2b','1459152424','2016-03-29 09:38:22',NULL,1),('1459219140','33','IBNU PRABOWO','19760430 199803 1 004','3c','1459130999','2016-03-29 09:39:00',NULL,1),('1459219156','33','WAHYU WIBISONO','19660829 200901 1 006','2b','1459152424','2016-03-29 09:39:16',NULL,1),('1459219204','33','ANDY LAKSONO','19800106 200901 1 008','2b','1459152424','2016-03-29 09:40:04',NULL,1),('1459219234','33','WIWIK ISMIATUN','19670411 198903 2 005','3c','1459130999','2016-03-29 09:40:34',NULL,1),('1459219251','33','SUPARNO','19710126 201001 1 003','2b','1459152424','2016-03-29 09:40:51',NULL,1),('1459219278','33','TRI EDDY UTOMO','19700428 199303 1 006','3c','1459130999','2016-03-29 09:41:18',NULL,1),('1459219319','33','SUMANTO','19701010 200901 1 003','1d','1459152424','2016-03-29 09:41:59','2016-03-29 09:43:38',1),('1459219323','33','IRAWAN','19790919 200801 1 022','3b','1459130999','2016-03-29 09:42:03',NULL,1),('1459219402','33','WIWIT SUBEKTI','19860102 200412 1 001','3b','1459130999','2016-03-29 09:43:22',NULL,1),('1459219442','33','SUWARNINGSIH','19640910 198903 2 008','2d','1459130999','2016-03-29 09:44:02',NULL,1),('1459219468','33','SURATNO','19650302 200701 1 023','2b','1459213265','2016-03-29 09:44:28',NULL,1),('1459219520','33','YUNUS','19630325 200701 1 009','2b','1459213265','2016-03-29 09:45:20',NULL,1),('1459219540','33','TRISNO WAHMUDJITO','19620120 200801 1 004','2b','1459130999','2016-03-29 09:45:40',NULL,1),('1459219577','33','SUTARNO','19650713 200801 1 004','1d','1459213265','2016-03-29 09:46:17',NULL,1),('1459219602','33','DWI ELROSID MAHIRUN','19740606 200901 1 009','2b','1459130999','2016-03-29 09:46:42',NULL,1),('1459219653','99','SATRIA KESUMA ILHAM, ST','','phl','1459213265','2016-03-29 09:47:33',NULL,1),('1459219662','33','RUBANGI','19680606 200701 1 029','2b','1459130999','2016-03-29 09:47:42',NULL,1),('1459219690','99','NANANG SUNARYONO','','phl','1459213265','2016-03-29 09:48:10',NULL,1),('1459219709','99','NOVENDI DWI HARYANTO','','phl','1459130999','2016-03-29 09:48:29',NULL,1),('1459219738','33','DIANA PUSPASARI','19810922 200604 2 015','3c','1459136367','2016-03-29 09:48:58',NULL,1),('1459219766','33','SAMIJO','19600428 198510 1 002','3b','1459130999','2016-03-29 09:49:26',NULL,1),('1459220203','33','TISNO PURWANTO,S.SOS.MM','19610121 198607 1 001','4a','1459151125','2016-03-29 09:56:43','2016-03-29 11:26:34',1),('1459220275','33','NUR BAMBANG AGUNG PERMADI,S.SOS','19600204 198103 1 011','3d','1459151125','2016-03-29 09:57:55','2016-03-29 11:26:53',1),('1459220425','33','HERRY MURWANTO,SE','19590119 197902 1 001','3d','1459151125','2016-03-29 10:00:25','2016-03-29 11:27:09',1),('1459220482','33','OLLYK HENDRARJANTO.SH','19651112 198511 1 001','4a','1459215531','2016-03-29 10:01:22',NULL,1),('1459220542','33','MA.WIDIYANTI,SE.MM','19610127 197902 2 001','3d','1459151125','2016-03-29 10:02:22','2016-03-29 11:27:24',1),('1459220593','33','SUMARYANTO,SE','19580625 198503 1 013','3d','1459151125','2016-03-29 10:03:13','2016-03-29 11:27:38',1),('1459220615','33','CHRISTIANA LESTIYANTI.S.SOS','19590608 197902 2 001','3d','1459215531','2016-03-29 10:03:35',NULL,1),('1459220642','33','ALEP REFAIN,SH.MM','19680831 198903 1 005','3d','1459151125','2016-03-29 10:04:02','2016-03-29 11:27:55',1),('1459220678','33','SUSETIYO RAHARJO','19750208 200901 1 006','2b','1459136436','2016-03-29 10:04:38',NULL,1),('1459220694','33','ASIH SETIORINI,SE','19690510 198903 2 006','3c','1459151125','2016-03-29 10:04:54','2016-03-29 11:28:09',1),('1459220736','33','KASMADI,SE','19660922 198903 1 005','3c','1459151125','2016-03-29 10:05:36','2016-03-29 11:28:23',1),('1459220786','33','MAS\'OEDAH,SE','19650906 199309 2 002','3c','1459151125','2016-03-29 10:06:26','2016-03-29 11:28:42',1),('1459220792','33','REZA FERIANSYAH,SE','19800201 201101 0 006','3b','1459136436','2016-03-29 10:06:32',NULL,1),('1459220829','33','NGATMIN,SH','19690805 198903 1 004','3c','1459151125','2016-03-29 10:07:09','2016-03-29 11:28:57',1),('1459220857','33','ANDREAS TEGUH ,S.KOM','19771126 201001 0 004','3b','1459136436','2016-03-29 10:07:37',NULL,1),('1459220912','33','AGUS MURTRIYONO,SE','19680809 198903 1 008','3b','1459151125','2016-03-29 10:08:32','2016-03-29 11:29:14',1),('1459220967','33','PURWADI','19620912 198503 1 014','3b','1459151125','2016-03-29 10:09:27',NULL,1),('1459221025','33','SUGIARTO,SE','19590623 198503 1 006','3a','1459151125','2016-03-29 10:10:25','2016-03-29 11:29:39',1),('1459221089','33','M ZALUL','19690730 200801 1 005','2b','1459151125','2016-03-29 10:11:29',NULL,1),('1459221181','33','ASEP RIYADI','19770915 200901 1 006','2b','1459151125','2016-03-29 10:13:01',NULL,1),('1459221691','33','SLAMET RIYADI','19721002 201001 1 003','2b','1459151125','2016-03-29 10:21:31',NULL,1),('1459221738','33','SASMINTONO','19661016 201001 1 002','1d','1459151125','2016-03-29 10:22:18',NULL,1),('1459221786','33','SAROYO','19721222 200701 1 008','2a','1459136436','2016-03-29 10:23:06',NULL,1),('1459221870','33','KUSNAN','19590714 198510 1 001','2a','1459136436','2016-03-29 10:24:30',NULL,1),('1459222027','33','SLAMET','19591105 198503 1 007','2a','1459136436','2016-03-29 10:27:07',NULL,1),('1459222121','33','BUDI UTOMO','19600604 200604 1 019','1c','1459136436','2016-03-29 10:28:41',NULL,1),('1459222218','33','CAHYOWATI','19580209 197812 2 001','3d','1459130999','2016-03-29 10:30:18',NULL,1),('1459222378','99','ANDREAS INDRO YUWONO, AMD','','phl','1459136436','2016-03-29 10:32:58',NULL,1),('1459222501','33','SISWANDARI CAHYANINGTYAS','19870117 200901 2 002','3b','1459136367','2016-03-29 10:35:01',NULL,1),('1459222507','99','BAROTO','','phl','1459136436','2016-03-29 10:35:07',NULL,1),('1459222574','99','ANANG CARONO','','phl','1459136436','2016-03-29 10:36:14',NULL,1),('1459222626','99','HENDRO BASUKI','','phl','1459136436','2016-03-29 10:37:06',NULL,1),('1459222678','99','ANITA LINDHA WIJAYANTI,AMD','','phl','1459136436','2016-03-29 10:37:58',NULL,1),('1459222721','99','HARISDHA ALDAKARNILA, SH','','phl','1459136436','2016-03-29 10:38:41',NULL,1),('1459223270','99','NANDA AGIT WIJAYANTO, SH','','phl','1459136436','2016-03-29 10:47:50',NULL,1),('1459223321','99','DITA FRISTI PUTRI HIDAYANI','','phl','1459136436','2016-03-29 10:48:41',NULL,1),('1459224053','99','DEDI HARTANTO','','phl','1459136436','2016-03-29 11:00:53',NULL,1),('1459224471','33','BUDI LESTARI, S.SOS, MM','19591029 198503 2 004','3d','1459215531','2016-03-29 11:07:51',NULL,1),('1459224537','33','SUTARDI, SH','19590814 198510 1 001','3b','1459138103','2016-03-29 11:08:57',NULL,1),('1459224598','33','SUDARYONO RIO, SE','19640720 198508 1 001','3d','1459215531','2016-03-29 11:09:58',NULL,1),('1459224745','33','JOKO SUWITO, SH','19590404 198503 1 013','3d','1459138103','2016-03-29 11:12:25',NULL,1),('1459224929','33','EDDY MURYANTO,SE,M.SI','19651227 199203 1 004','3d','1459138103','2016-03-29 11:15:29',NULL,1),('1459225181','33','PUDJI ASTUTIK, SH','19610912 198803 2 006','3d','1459138103','2016-03-29 11:19:41',NULL,1),('1459225366','33','ANIS WIDOWATI, S. SOS','19640410 198701 2 001','3d','1459215531','2016-03-29 11:22:46',NULL,1),('1459225375','99','ADI SUNDORO','','pk','1459150457','2016-03-29 11:22:55',NULL,1),('1459225379','33','DRS. DAVID BUDI HANTORO, MM','19610601 198810 1 001','4b','1459138103','2016-03-29 11:22:59',NULL,1),('1459225447','33','HERI PITOYO, S. IP','19641213 198903 1 007','3c','1459215531','2016-03-29 11:24:07',NULL,1),('1459225503','99','FIKA ARDIANSYAH YUNUS','','phl','1459152424','2016-03-29 11:25:03',NULL,1),('1459225510','33','SUDIYANTO, SE','19630727 199403 1 008','3c','1459215531','2016-03-29 11:25:10',NULL,1),('1459225520','33','HARI SUROSO, SE','19670425 199503 1 002','3d','1459138103','2016-03-29 11:25:20',NULL,1),('1459225533','99','MUHAMMAD RIFKY','','phl','1459152424','2016-03-29 11:25:33',NULL,1),('1459225563','99','AGUSTINUS WIDIYANTO','','phl','1459152424','2016-03-29 11:26:03',NULL,1),('1459225579','33','BOBBY RACHMANSYAH, STP','19830420 201112 1 004','3c','1459215531','2016-03-29 11:26:19',NULL,1),('1459225583','99','AGUS SUSENO','','phl','1459152424','2016-03-29 11:26:23',NULL,1),('1459225603','33','JOKO WAHYU SANTOSO','19700718 200901 1 001','2d','1459138103','2016-03-29 11:26:43',NULL,1),('1459225608','99','HARI DJOKO PRASETYO','','phl','1459152424','2016-03-29 11:26:48',NULL,1),('1459225631','99','HENDRO WIBOWO','','phl','1459152424','2016-03-29 11:27:11',NULL,1),('1459225651','99','IS GUNANTO','','phl','1459152424','2016-03-29 11:27:31',NULL,1),('1459225671','33','JUMADI','19711022 201001 1 002','2b','1459138103','2016-03-29 11:27:51',NULL,1),('1459225672','33','SLAMET PURWANTO, SE','19711020 199303 1 005','3c','1459215531','2016-03-29 11:27:52',NULL,1),('1459225727','33','KASWADI','19630205 198508 1 002','3b','1459215531','2016-03-29 11:28:47',NULL,1),('1459225730','33','SARWAJI','19610718 198503 1 007','2a','1459138103','2016-03-29 11:28:50',NULL,1),('1459225789','33','RINTO HUDIONO, SE','19740112 199703 1 001','3c','1459215531','2016-03-29 11:29:49',NULL,1),('1459225806','33','TRI SLAMET RIJADI, SH','19691216 198903 1 004','3b','1459138103','2016-03-29 11:30:06',NULL,1),('1459225863','33','MULYONO','19581015 198503 1 017','3a','1459138103','2016-03-29 11:31:03',NULL,1),('1459225928','33','WAHYUDI','19671107 198903 1 016','2c','1459215531','2016-03-29 11:32:08',NULL,1),('1459225959','33','SANTOSO KASIHAN','19640219 198509 1 001','2d','1459138103','2016-03-29 11:32:39',NULL,1),('1459225987','33','SUTARNO','19650215 200701 1 013','2c','1459215531','2016-03-29 11:33:07',NULL,1),('1459226028','33','SUNYOTO','19720112 200901 1 004','2b','1459138103','2016-03-29 11:33:48',NULL,1),('1459226048','33','SIGIT PRABOWO','19720730 200901 1 001','2b','1459215531','2016-03-29 11:34:08',NULL,1),('1459226082','33','GUNADI','19820825 200901 1 009','2b','1459138103','2016-03-29 11:34:42',NULL,1),('1459226098','33','PONIDI','19741101 200901 1 005','2b','1459215531','2016-03-29 11:34:58',NULL,1),('1459226164','33','SLAMET MULYONO','19651207 201001 1 002','2b','1459215531','2016-03-29 11:36:04',NULL,1),('1459226211','33','JOKO SUYONO','19700702 200701 1 008','2c','1459138103','2016-03-29 11:36:51',NULL,1),('1459226239','33','TULUS SUPRIYONO','19670827 201001 1 002','2b','1459215531','2016-03-29 11:37:19',NULL,1),('1459226936','33','KURNIAWAN DS, SH','19700624 198903 1 002','3c','1459138103','2016-03-29 11:48:56',NULL,1),('1459227008','33','DWI ANDAYANI, SH','19691020 198903 2 004','3c','1459138103','2016-03-29 11:50:08',NULL,1),('1459227077','33','KUSWANTO ISWAHYUDI','19780806 200901 1 011','2b','1459138103','2016-03-29 11:51:17',NULL,1),('1459227135','33','SUKIRNO','19760229 200901 1 002','2b','1459138103','2016-03-29 11:52:15',NULL,1),('1459227198','33','ZAENAL ARIFIN','19691130 200901 1 004','2b','1459138103','2016-03-29 11:53:18',NULL,1),('1459227270','33','ANTON YUDI S WEO','19730102 201001 1 002','2b','1459138103','2016-03-29 11:54:30',NULL,1),('1459227490','33','HENU BUDIARTO','19740508 201001 1 003','2b','1459215531','2016-03-29 11:58:10',NULL,1),('1459227568','33','JATMIKO ARISETO','19771025 201001 1 004','2b','1459215531','2016-03-29 11:59:28',NULL,1),('1459227743','33','HENRY RISDIYANTO','19820123 201001 1 007','2b','1459215531','2016-03-29 12:02:23',NULL,1),('1459227767','33','DIAN ANGGRAINI','19780918 199803 2 002','3c','1459152424','2016-03-29 12:02:47',NULL,1),('1459227833','33','JAJANG PRIYANTO','19840312 201001 1 003','2b','1459215531','2016-03-29 12:03:53',NULL,1),('1459227865','99','PIHAK LAIN','','pk','1459152424','2016-03-29 12:04:25',NULL,1),('1459227890','33','SUYONO','19630212 198506 1 001','2a','1459215531','2016-03-29 12:04:50',NULL,1),('1459227897','99','PIHAK KE III','','pk','1459152424','2016-03-29 12:04:57',NULL,1),('1459229743','33','LINA MAYANTI HARAHAP','19750101 199303 2 001','3d','1459136367','2016-03-29 12:35:43',NULL,1),('1459230241','33','SLAMET RIYADI, SH.','19581210 197902 1 001','3d','1459152004','2016-03-29 12:44:01',NULL,1),('1459230308','33','HADI KISWANTO, S.SOS, MM.','19610309 198503 1 009','3d','1459152004','2016-03-29 12:45:08',NULL,1),('1459230390','33','SRI MARYATI, SE.','19580418 197902 2 002','3d','1459152004','2016-03-29 12:46:30',NULL,1),('1459230446','33','AGOES HERNOWO, SH.,MH.','19580823 198503 1 010','4a','1459152004','2016-03-29 12:47:26',NULL,1),('1459230563','33','SARSONO, SE.','19580606 198503 1 014','3c','1459152004','2016-03-29 12:49:23',NULL,1),('1459230632','33','RADI, SE.','19660217 200701 1 013','2c','1459152004','2016-03-29 12:50:32',NULL,1),('1459230725','33','WIWIK IRIANI, SE.','19620606 198503 2 011','3d','1459152004','2016-03-29 12:52:05',NULL,1),('1459230791','33','YULIES HERAWAN','19580718 197903 1 005','3b','1459152004','2016-03-29 12:53:11',NULL,1),('1459230840','33','SUKAMTO, SE.','19580607 198510 1 001','3d','1459152004','2016-03-29 12:54:00',NULL,1),('1459230896','33','HARYADI, SE.','19621224 198503 1 008','3c','1459152004','2016-03-29 12:54:56',NULL,1),('1459230963','33','ARIF BUDIYANTO, SE.','19710709 200312 1 003','3c','1459152004','2016-03-29 12:56:03',NULL,1),('1459231024','33','SRI YAMTONO','19691202 200701 1 007','2c','1459152004','2016-03-29 12:57:04',NULL,1),('1459231096','33','TUKIMAN','19620706 200701 1 005','2c','1459152004','2016-03-29 12:58:16',NULL,1),('1459231202','33','EKO SAPTONO','19710904 201001 1 003','2b','1459152004','2016-03-29 13:00:02',NULL,1),('1459231320','33','SURONO, AMD.','19700308 199303 1 007','3b','1459152004','2016-03-29 13:02:00',NULL,1),('1459231533','99','KUNTI KATHINA AGUNG, SE.','','phl','1459152004','2016-03-29 13:05:33',NULL,1),('1459231572','99','ISANA KUSTIN ACINTYASAKTI, SE.','','phl','1459152004','2016-03-29 13:06:12',NULL,1),('1459231616','99','WAWAN MARLIYANTO, S.SOS','','phl','1459152004','2016-03-29 13:06:56',NULL,1),('1459231622','33','SRI MARYATI ,SH.MM','19580914 197812 2 001','4b','1459136436','2016-03-29 13:07:02',NULL,1),('1459231683','99','RATNAWATI DWI CAHYANI, SE.','','phl','1459152004','2016-03-29 13:08:03',NULL,1),('1459231708','99','ADE FAJAR SUMIRAT, SE.','','phl','1459152004','2016-03-29 13:08:28',NULL,1),('1459231737','99','ADITYA PUTROJATI P, SH.','','phl','1459152004','2016-03-29 13:08:57',NULL,1),('1459231764','99','HAAD SULESTIARTO','','phl','1459152004','2016-03-29 13:09:24',NULL,1),('1459233773','33','HAPPYONO, SH','19590101 199002 1 003','4b','1459151511','2016-03-29 13:42:53',NULL,1),('1459233898','33','YUNIA KARTIKA RATRI','19630604 199303 2 002','3d','1459151511','2016-03-29 13:44:58',NULL,1),('1459233959','33','RR. SRI LESTARI, SH','19640324 198612 2 002','3d','1459151511','2016-03-29 13:45:59',NULL,1),('1459234001','33','RUSMANA, S.IP','19640610 198603 1 020','3d','1459151511','2016-03-29 13:46:41',NULL,1),('1459234061','33','WISNU UTOMO, SH','19590125 198301 1 005','3c','1459151511','2016-03-29 13:47:41',NULL,1),('1459234112','33','DWI LISTIONO, A.MD','19650731 198903 1 007','3c','1459151511','2016-03-29 13:48:32',NULL,1),('1459234186','33','FAIZAH WIDHIARTI, SE','19581113 197903 2 003','3c','1459151511','2016-03-29 13:49:46',NULL,1),('1459234749','33','SUDITO, SE','19630118 198510 1 001','3c','1459151511','2016-03-29 13:59:09',NULL,1),('1459234799','33','DICKY SETYO INDARYONO','19700630 198903 1 001','3c','1459151511','2016-03-29 13:59:59',NULL,1),('1459234852','33','DWI SURYANTO','19680408 198903 1 004','3b','1459151511','2016-03-29 14:00:52',NULL,1),('1459234910','33','MUCHRONI','19581219 198503 1 003','3a','1459151511','2016-03-29 14:01:50',NULL,1),('1459234958','33','KADARYONO','19631226 200701 1 003','2c','1459151511','2016-03-29 14:02:38',NULL,1),('1459235064','33','MUNAWIR SUMBONO','19780613 200701 1 007','2c','1459151511','2016-03-29 14:04:24',NULL,1),('1459235153','33','EDI CAHYANA','19621001 200801 1 003','2b','1459151511','2016-03-29 14:05:53',NULL,1),('1459235508','33','SUPARDI','19670716 201001 1 002','2b','1459151511','2016-03-29 14:11:48',NULL,1),('1459236370','33','SAIPUL MASKAN','19690906 200801 1 012','2b','1459151511','2016-03-29 14:26:10',NULL,1),('1459236438','33','TRI DARU ATMOJO','19701013 201001 1 002','2b','1459151511','2016-03-29 14:27:18',NULL,1),('1459236485','33','AMBARWANTO','19780423 200801 1 008','2b','1459151511','2016-03-29 14:28:05',NULL,1),('1459236550','33','YANUAR PRAKOSO','19790110 200901 1 010','2b','1459151511','2016-03-29 14:29:10',NULL,1),('1459236602','33','YANUAR PRAMBADI','19790110 201001 1 005','2b','1459151511','2016-03-29 14:30:02',NULL,1),('1459236670','33','WARDOYO','19750225 200801 1 005','2a','1459151511','2016-03-29 14:31:10',NULL,1),('1459236717','33','SAHLAN SUBARJO','19631206 200701 1 005','1c','1459151511','2016-03-29 14:31:57',NULL,1),('1459236760','33','SUWARDI','19650522 200701 1 009','1c','1459151511','2016-03-29 14:32:40',NULL,1),('1459237197','99','RIO DWI YUNANTO','','phl','1459151511','2016-03-29 14:39:57',NULL,1),('1459238744','33','YULIATI FARIDA','19610717 198811 2 001','4a','1459065417','2016-03-29 15:05:44','2016-03-29 15:09:34',1),('1459243212','33','DRA.ENDANG SUSILOWATI,M.SI','19591027 198603 2 003','4a','1459137509','2016-03-29 16:20:12',NULL,1),('1459243553','33','DIANA YUSTIVA, S.E.,M.M.','19580517 197903 2 003','3d','1459137509','2016-03-29 16:25:53',NULL,1),('1459243800','33','MUSTOLIH,S.H.,M.M.','19630505 198508 1 004','4a','1459137509','2016-03-29 16:30:00',NULL,1),('1459244106','33','PONIDI, S.E.','19591204 198212 1 002','3d','1459137509','2016-03-29 16:35:06',NULL,1),('1459244260','33','SUTARNO, S.E.','19610204 198503 1 012','3d','1459137509','2016-03-29 16:37:40',NULL,1),('1459244346','33','SARIMIN, S.E.','19641010 108508 1 002','3d','1459137509','2016-03-29 16:39:06',NULL,1),('1459244603','33','ZURIYANTO, S.E.','19651218 198903 1 009','3c','1459137509','2016-03-29 16:43:23',NULL,1);

/*Table structure for table `t_pungut_pd` */

DROP TABLE IF EXISTS `t_pungut_pd`;

CREATE TABLE `t_pungut_pd` (
  `id_pungut_pd` char(15) NOT NULL,
  `id_lokasi` char(15) NOT NULL,
  `id_anggaran` char(15) NOT NULL,
  `id_bulan` char(15) NOT NULL,
  `id_rek_pd` char(15) NOT NULL,
  `jumlah` int(11) NOT NULL DEFAULT '0',
  `id_user` char(15) NOT NULL,
  `last_update` datetime NOT NULL,
  PRIMARY KEY (`id_pungut_pd`),
  KEY `id_anggaran` (`id_anggaran`),
  KEY `id_user` (`id_user`),
  KEY `id_rek_pd` (`id_rek_pd`),
  KEY `id_bulan` (`id_bulan`),
  CONSTRAINT `t_pungut_pd_ibfk_1` FOREIGN KEY (`id_anggaran`) REFERENCES `t_th_anggaran` (`id_anggaran`) ON DELETE CASCADE ON UPDATE CASCADE,
  CONSTRAINT `t_pungut_pd_ibfk_3` FOREIGN KEY (`id_user`) REFERENCES `t_users` (`id_user`) ON DELETE CASCADE ON UPDATE CASCADE,
  CONSTRAINT `t_pungut_pd_ibfk_4` FOREIGN KEY (`id_rek_pd`) REFERENCES `t_rek_pd` (`id_rek_pd`) ON DELETE CASCADE ON UPDATE CASCADE,
  CONSTRAINT `t_pungut_pd_ibfk_5` FOREIGN KEY (`id_bulan`) REFERENCES `t_bulan` (`id_bulan`) ON DELETE CASCADE ON UPDATE CASCADE
) ENGINE=InnoDB DEFAULT CHARSET=latin1;

/*Data for the table `t_pungut_pd` */

insert  into `t_pungut_pd`(`id_pungut_pd`,`id_lokasi`,`id_anggaran`,`id_bulan`,`id_rek_pd`,`jumlah`,`id_user`,`last_update`) values ('14592152930','0513','1458627189','1','01',26646,'1459134128','2016-03-29 08:34:53'),('14592152931','0513','1458627189','1','021',2698,'1459134128','2016-03-29 08:34:53'),('14592152932','0513','1458627189','1','022',848,'1459134128','2016-03-29 08:34:53'),('14592152933','0513','1458627189','1','03',21,'1459134128','2016-03-29 08:34:53'),('14592152934','0513','1458627189','1','04',2,'1459134128','2016-03-29 08:34:53'),('14592153180','0513','1458627189','2','01',23230,'1459134128','2016-03-29 08:35:18'),('14592153181','0513','1458627189','2','021',2237,'1459134128','2016-03-29 08:35:18'),('14592153182','0513','1458627189','2','022',800,'1459134128','2016-03-29 08:35:18'),('14592153183','0513','1458627189','2','03',24,'1459134128','2016-03-29 08:35:18'),('14592153184','0513','1458627189','2','04',2,'1459134128','2016-03-29 08:35:18'),('14592153430','0513','1458627189','3','01',0,'1459134128','2016-03-29 08:35:43'),('14592153431','0513','1458627189','3','021',0,'1459134128','2016-03-29 08:35:43'),('14592153432','0513','1458627189','3','022',0,'1459134128','2016-03-29 08:35:43'),('14592153433','0513','1458627189','3','03',24,'1459134128','2016-03-29 08:35:43'),('14592153434','0513','1458627189','3','04',2,'1459134128','2016-03-29 08:35:43'),('14592270740','0535','1458627189','2','01',0,'1459130999','2016-03-29 11:51:14'),('14592270741','0535','1458627189','2','021',1988,'1459130999','2016-03-29 11:51:14'),('14592270742','0535','1458627189','2','022',1401,'1459130999','2016-03-29 11:51:14'),('14592270743','0535','1458627189','2','03',13,'1459130999','2016-03-29 11:51:14'),('14592270744','0535','1458627189','2','04',6,'1459130999','2016-03-29 11:51:14'),('14592274770','0535','1458627189','1','01',0,'1459130999','2016-03-29 11:57:57'),('14592274771','0535','1458627189','1','021',1806,'1459130999','2016-03-29 11:57:57'),('14592274772','0535','1458627189','1','022',1644,'1459130999','2016-03-29 11:57:57'),('14592274773','0535','1458627189','1','03',13,'1459130999','2016-03-29 11:57:57'),('14592274774','0535','1458627189','1','04',6,'1459130999','2016-03-29 11:57:57'),('14592282510','0511','1458627189','1','01',0,'1459152424','2016-03-29 12:10:51'),('14592282511','0511','1458627189','1','021',0,'1459152424','2016-03-29 12:10:51'),('14592282512','0511','1458627189','1','022',0,'1459152424','2016-03-29 12:10:51'),('14592282513','0511','1458627189','1','03',27,'1459152424','2016-03-29 12:10:51'),('14592282514','0511','1458627189','1','04',10,'1459152424','2016-03-29 12:10:51'),('14592282860','0511','1458627189','2','01',0,'1459152424','2016-03-29 12:11:26'),('14592282861','0511','1458627189','2','021',0,'1459152424','2016-03-29 12:11:26'),('14592282862','0511','1458627189','2','022',0,'1459152424','2016-03-29 12:11:26'),('14592282863','0511','1458627189','2','03',27,'1459152424','2016-03-29 12:11:26'),('14592282864','0511','1458627189','2','04',10,'1459152424','2016-03-29 12:11:26');

/*Table structure for table `t_rek_pd` */

DROP TABLE IF EXISTS `t_rek_pd`;

CREATE TABLE `t_rek_pd` (
  `id_rek_pd` char(15) NOT NULL,
  `sub_rek_pd` char(15) NOT NULL,
  `no_rekening` char(50) DEFAULT NULL,
  `nama_rekening` char(50) NOT NULL,
  `urutan` smallint(6) NOT NULL DEFAULT '1',
  `pusat` tinyint(1) NOT NULL DEFAULT '1',
  `show_rekam` tinyint(1) NOT NULL DEFAULT '1',
  `aktif` tinyint(1) NOT NULL DEFAULT '1',
  PRIMARY KEY (`id_rek_pd`)
) ENGINE=InnoDB DEFAULT CHARSET=latin1;

/*Data for the table `t_rek_pd` */

insert  into `t_rek_pd`(`id_rek_pd`,`sub_rek_pd`,`no_rekening`,`nama_rekening`,`urutan`,`pusat`,`show_rekam`,`aktif`) values ('01','00','','PKB',1,0,1,1),('02','00',NULL,'BBNKB',2,0,0,1),('021','02',NULL,'BBNKB 1',3,0,1,1),('022','02',NULL,'BBNKB 2',4,0,1,1),('03','00',NULL,'PBBKB',5,1,1,1),('04','00',NULL,'PAP',6,0,1,1);

/*Table structure for table `t_riwayat_lokasi_pegawai` */

DROP TABLE IF EXISTS `t_riwayat_lokasi_pegawai`;

CREATE TABLE `t_riwayat_lokasi_pegawai` (
  `id_riwayat_lokasi` char(15) NOT NULL,
  `id_pegawai` char(15) NOT NULL,
  `id_lokasi` char(15) NOT NULL,
  `id_user` char(15) NOT NULL,
  `riwayat_buat` datetime DEFAULT NULL,
  `riwayat_ubah` datetime DEFAULT NULL,
  `aktif` tinyint(1) NOT NULL DEFAULT '0',
  PRIMARY KEY (`id_riwayat_lokasi`),
  KEY `id_pegawai` (`id_pegawai`),
  KEY `id_user` (`id_user`),
  CONSTRAINT `t_riwayat_lokasi_pegawai_ibfk_1` FOREIGN KEY (`id_pegawai`) REFERENCES `t_pegawai` (`id_pegawai`) ON DELETE CASCADE ON UPDATE CASCADE,
  CONSTRAINT `t_riwayat_lokasi_pegawai_ibfk_2` FOREIGN KEY (`id_user`) REFERENCES `t_users` (`id_user`) ON DELETE CASCADE ON UPDATE CASCADE
) ENGINE=InnoDB DEFAULT CHARSET=latin1;

/*Data for the table `t_riwayat_lokasi_pegawai` */

/*Table structure for table `t_set_ttd_pejabat_upad` */

DROP TABLE IF EXISTS `t_set_ttd_pejabat_upad`;

CREATE TABLE `t_set_ttd_pejabat_upad` (
  `id_set_ttd` char(15) NOT NULL,
  `id_ttd` char(15) NOT NULL,
  `id_lokasi` char(15) NOT NULL,
  `nama_pejabat` char(50) NOT NULL,
  `nip` char(25) NOT NULL,
  `aktif` tinyint(1) NOT NULL DEFAULT '1',
  PRIMARY KEY (`id_set_ttd`),
  KEY `id_lokasi` (`id_lokasi`),
  KEY `id_ttd` (`id_ttd`,`id_lokasi`),
  KEY `id_ttd_2` (`id_ttd`),
  CONSTRAINT `t_set_ttd_pejabat_upad_ibfk_1` FOREIGN KEY (`id_ttd`) REFERENCES `t_tanda_tangan` (`id_ttd`) ON DELETE CASCADE ON UPDATE CASCADE
) ENGINE=InnoDB DEFAULT CHARSET=latin1;

/*Data for the table `t_set_ttd_pejabat_upad` */

/*Table structure for table `t_sts_pegawai` */

DROP TABLE IF EXISTS `t_sts_pegawai`;

CREATE TABLE `t_sts_pegawai` (
  `id_sts_pegawai` char(3) NOT NULL,
  `status_pegawai` char(15) NOT NULL,
  `aktif` tinyint(1) NOT NULL DEFAULT '1',
  PRIMARY KEY (`id_sts_pegawai`)
) ENGINE=InnoDB DEFAULT CHARSET=latin1;

/*Data for the table `t_sts_pegawai` */

insert  into `t_sts_pegawai`(`id_sts_pegawai`,`status_pegawai`,`aktif`) values ('33','ASN',1),('99','Non ASN',1);

/*Table structure for table `t_tanda_tangan` */

DROP TABLE IF EXISTS `t_tanda_tangan`;

CREATE TABLE `t_tanda_tangan` (
  `id_ttd` char(15) NOT NULL,
  `jabatan_ttd` char(50) NOT NULL,
  `posisi` char(10) NOT NULL,
  `aktif` tinyint(1) NOT NULL,
  PRIMARY KEY (`id_ttd`)
) ENGINE=InnoDB DEFAULT CHARSET=latin1;

/*Data for the table `t_tanda_tangan` */

/*Table structure for table `t_target_d2d` */

DROP TABLE IF EXISTS `t_target_d2d`;

CREATE TABLE `t_target_d2d` (
  `id_target` char(15) NOT NULL,
  `id_anggaran` char(15) NOT NULL,
  `id_triwulan` char(15) NOT NULL,
  `id_jabatan` char(15) NOT NULL,
  `total` int(11) NOT NULL DEFAULT '0',
  PRIMARY KEY (`id_target`),
  KEY `id_jabatan` (`id_jabatan`),
  KEY `id_target` (`id_target`,`id_anggaran`),
  KEY `id_target_2` (`id_target`,`id_triwulan`),
  KEY `id_target_3` (`id_target`,`id_jabatan`),
  KEY `id_anggaran` (`id_anggaran`,`id_triwulan`),
  KEY `id_anggaran_2` (`id_anggaran`,`id_jabatan`),
  KEY `id_triwulan` (`id_triwulan`,`id_jabatan`),
  KEY `id_target_4` (`id_target`,`id_anggaran`,`id_triwulan`,`id_jabatan`),
  KEY `id_anggaran_3` (`id_anggaran`),
  KEY `id_triwulan_2` (`id_triwulan`),
  CONSTRAINT `t_target_d2d_ibfk_1` FOREIGN KEY (`id_anggaran`) REFERENCES `t_th_anggaran` (`id_anggaran`) ON DELETE CASCADE ON UPDATE CASCADE,
  CONSTRAINT `t_target_d2d_ibfk_2` FOREIGN KEY (`id_triwulan`) REFERENCES `t_triwulan` (`id_triwulan`) ON DELETE CASCADE ON UPDATE CASCADE,
  CONSTRAINT `t_target_d2d_ibfk_3` FOREIGN KEY (`id_jabatan`) REFERENCES `t_jabatan` (`id_jabatan`) ON DELETE CASCADE ON UPDATE CASCADE
) ENGINE=InnoDB DEFAULT CHARSET=latin1;

/*Data for the table `t_target_d2d` */

insert  into `t_target_d2d`(`id_target`,`id_anggaran`,`id_triwulan`,`id_jabatan`,`total`) values ('14591031481','1458627189','01','e1',0),('145910314810','1458627189','02','e3',30),('145910314811','1458627189','03','e3',30),('145910314812','1458627189','04','e3',30),('145910314813','1458627189','01','e4',45),('145910314814','1458627189','02','e4',45),('145910314815','1458627189','03','e4',45),('145910314816','1458627189','04','e4',45),('145910314817','1458627189','01','s',60),('145910314818','1458627189','02','s',60),('145910314819','1458627189','03','s',60),('14591031482','1458627189','02','e1',0),('145910314820','1458627189','04','s',60),('14591031483','1458627189','03','e1',0),('14591031484','1458627189','04','e1',0),('14591031485','1458627189','01','e2',20),('14591031486','1458627189','02','e2',20),('14591031487','1458627189','03','e2',20),('14591031488','1458627189','04','e2',20),('14591031489','1458627189','01','e3',30);

/*Table structure for table `t_target_pely_pd` */

DROP TABLE IF EXISTS `t_target_pely_pd`;

CREATE TABLE `t_target_pely_pd` (
  `id_target` char(15) NOT NULL,
  `id_anggaran` char(15) NOT NULL,
  `id_triwulan` char(15) NOT NULL,
  `id_rek_pd` char(15) NOT NULL,
  `total` int(11) NOT NULL DEFAULT '0',
  PRIMARY KEY (`id_target`),
  KEY `id_jabatan` (`id_rek_pd`),
  KEY `id_target` (`id_target`,`id_anggaran`),
  KEY `id_target_2` (`id_target`,`id_triwulan`),
  KEY `id_target_3` (`id_target`,`id_rek_pd`),
  KEY `id_anggaran` (`id_anggaran`,`id_triwulan`),
  KEY `id_anggaran_2` (`id_anggaran`,`id_rek_pd`),
  KEY `id_triwulan` (`id_triwulan`,`id_rek_pd`),
  KEY `id_target_4` (`id_target`,`id_anggaran`,`id_triwulan`,`id_rek_pd`),
  KEY `id_anggaran_3` (`id_anggaran`),
  KEY `id_triwulan_2` (`id_triwulan`),
  CONSTRAINT `t_target_pely_pd_ibfk_1` FOREIGN KEY (`id_rek_pd`) REFERENCES `t_rek_pd` (`id_rek_pd`)
) ENGINE=InnoDB DEFAULT CHARSET=latin1;

/*Data for the table `t_target_pely_pd` */

insert  into `t_target_pely_pd`(`id_target`,`id_anggaran`,`id_triwulan`,`id_rek_pd`,`total`) values ('14591536811','1458627189','01','01',2230000),('145915368110','1458627189','02','03',1908),('145915368111','1458627189','03','03',1908),('145915368112','1458627189','04','03',1908),('145915368113','1458627189','01','04',2430),('145915368114','1458627189','02','04',2430),('145915368115','1458627189','03','04',2430),('145915368116','1458627189','04','04',2430),('14591536812','1458627189','02','01',2280000),('14591536813','1458627189','03','01',2580000),('14591536814','1458627189','04','01',2540000),('14591536815','1458627189','01','02',317000),('14591536816','1458627189','02','02',308000),('14591536817','1458627189','03','02',328000),('14591536818','1458627189','04','02',250000),('14591536819','1458627189','01','03',1908);

/*Table structure for table `t_th_anggaran` */

DROP TABLE IF EXISTS `t_th_anggaran`;

CREATE TABLE `t_th_anggaran` (
  `id_anggaran` char(15) NOT NULL,
  `th_anggaran` year(4) NOT NULL,
  `keterangan` text,
  `aktif` tinyint(1) NOT NULL DEFAULT '0',
  PRIMARY KEY (`id_anggaran`)
) ENGINE=InnoDB DEFAULT CHARSET=latin1;

/*Data for the table `t_th_anggaran` */

insert  into `t_th_anggaran`(`id_anggaran`,`th_anggaran`,`keterangan`,`aktif`) values ('1458627189',2016,'awal penghitungan kinerja',1),('1458634522',2015,'Coba Tahun Lalu',0);

/*Table structure for table `t_triwulan` */

DROP TABLE IF EXISTS `t_triwulan`;

CREATE TABLE `t_triwulan` (
  `id_triwulan` char(15) NOT NULL,
  `triwulan` char(15) NOT NULL,
  `aktif` tinyint(1) NOT NULL DEFAULT '1',
  PRIMARY KEY (`id_triwulan`)
) ENGINE=InnoDB DEFAULT CHARSET=latin1;

/*Data for the table `t_triwulan` */

insert  into `t_triwulan`(`id_triwulan`,`triwulan`,`aktif`) values ('01','I',1),('02','II',1),('03','III',1),('04','IV',1);

/*Table structure for table `t_trx_d2d` */

DROP TABLE IF EXISTS `t_trx_d2d`;

CREATE TABLE `t_trx_d2d` (
  `id_trx` char(15) NOT NULL,
  `id_mutasi` char(15) NOT NULL,
  `id_bulan` char(15) NOT NULL,
  `id_anggaran` char(15) NOT NULL,
  `jumlah` int(11) NOT NULL DEFAULT '0',
  `id_user` char(15) NOT NULL,
  PRIMARY KEY (`id_trx`),
  KEY `id_bulan` (`id_bulan`),
  KEY `id_anggaran` (`id_anggaran`),
  KEY `id_mutasi` (`id_mutasi`),
  CONSTRAINT `t_trx_d2d_ibfk_1` FOREIGN KEY (`id_bulan`) REFERENCES `t_bulan` (`id_bulan`) ON DELETE CASCADE ON UPDATE CASCADE,
  CONSTRAINT `t_trx_d2d_ibfk_2` FOREIGN KEY (`id_anggaran`) REFERENCES `t_th_anggaran` (`id_anggaran`) ON DELETE CASCADE ON UPDATE CASCADE,
  CONSTRAINT `t_trx_d2d_ibfk_3` FOREIGN KEY (`id_mutasi`) REFERENCES `t_mutasi` (`id_mutasi`) ON DELETE CASCADE ON UPDATE CASCADE
) ENGINE=InnoDB DEFAULT CHARSET=latin1;

/*Data for the table `t_trx_d2d` */

insert  into `t_trx_d2d`(`id_trx`,`id_mutasi`,`id_bulan`,`id_anggaran`,`jumlah`,`id_user`) values ('145915058080','145913513199','1','1458627189',20,'1459134128'),('145915058081','145913513199','2','1458627189',15,'1459134128'),('145915058082','145913513199','3','1458627189',15,'1459134128'),('145915062480','145915046099','1','1458627189',20,'1459134128'),('145915062481','145915046099','2','1458627189',20,'1459134128'),('145915062482','145915046099','3','1458627189',20,'1459134128'),('145915064780','145915043999','1','1458627189',20,'1459134128'),('145915064781','145915043999','2','1458627189',20,'1459134128'),('145915064782','145915043999','3','1458627189',20,'1459134128'),('145915079080','145913525699','1','1458627189',60,'1459134128'),('145915079081','145913525699','2','1458627189',16,'1459134128'),('145915079082','145913525699','3','1458627189',15,'1459134128'),('145915081680','145913534999','1','1458627189',47,'1458608926'),('145915081681','145913534999','2','1458627189',15,'1458608926'),('145915081682','145913534999','3','1458627189',15,'1458608926'),('145915084280','145913544399','1','1458627189',27,'1459134128'),('145915084281','145913544399','2','1458627189',29,'1459134128'),('145915084282','145913544399','3','1458627189',15,'1459134128'),('145915087180','145913553399','1','1458627189',27,'1459134128'),('145915087181','145913553399','2','1458627189',15,'1459134128'),('145915087182','145913553399','3','1458627189',15,'1459134128'),('145915092280','145913567199','1','1458627189',25,'1459134128'),('145915092281','145913567199','2','1458627189',10,'1459134128'),('145915092282','145913567199','3','1458627189',10,'1459134128'),('145915096080','145914963999','1','1458627189',23,'1459134128'),('145915096081','145914963999','2','1458627189',20,'1459134128'),('145915096082','145914963999','3','1458627189',20,'1459134128'),('145915098880','145914996799','1','1458627189',25,'1459134128'),('145915098881','145914996799','2','1458627189',21,'1459134128'),('145915098882','145914996799','3','1458627189',20,'1459134128'),('145915102580','145914974499','1','1458627189',60,'1459134128'),('145915102581','145914974499','2','1458627189',20,'1459134128'),('145915102582','145914974499','3','1458627189',20,'1459134128'),('145915105780','145914980899','1','1458627189',23,'1459134128'),('145915105781','145914980899','2','1458627189',18,'1459134128'),('145915105782','145914980899','3','1458627189',20,'1459134128'),('145915107980','145914991599','1','1458627189',25,'1459134128'),('145915107981','145914991599','2','1458627189',20,'1459134128'),('145915107982','145914991599','3','1458627189',20,'1459134128'),('145915112780','145915002999','1','1458627189',25,'1459134128'),('145915112781','145915002999','2','1458627189',26,'1459134128'),('145915112782','145915002999','3','1458627189',20,'1459134128'),('145915115680','145915008099','1','1458627189',22,'1459134128'),('145915115681','145915008099','2','1458627189',23,'1459134128'),('145915115682','145915008099','3','1458627189',20,'1459134128'),('145915118380','145915015999','1','1458627189',22,'1459134128'),('145915118381','145915015999','2','1458627189',20,'1459134128'),('145915118382','145915015999','3','1458627189',20,'1459134128'),('145915120780','145915021199','1','1458627189',20,'1459134128'),('145915120781','145915021199','2','1458627189',20,'1459134128'),('145915120782','145915021199','3','1458627189',20,'1459134128'),('145915123480','145915028799','1','1458627189',20,'1459134128'),('145915123481','145915028799','2','1458627189',20,'1459134128'),('145915123482','145915028799','3','1458627189',20,'1459134128'),('145915125880','145915032699','1','1458627189',22,'1459134128'),('145915125881','145915032699','2','1458627189',20,'1459134128'),('145915125882','145915032699','3','1458627189',20,'1459134128'),('145915824480','145915809699','1','1458627189',0,'1459136279'),('145915824481','145915809699','2','1458627189',0,'1459136279'),('145915824482','145915809699','3','1458627189',0,'1459136279'),('145917837380','145915813599','1','1458627189',0,'1459136279'),('145917837381','145915813599','2','1458627189',0,'1459136279'),('145917837382','145915813599','3','1458627189',0,'1459136279'),('145921544981','145921412899','2','1458627189',28,'1459213035'),('145921544982','145921412899','3','1458627189',5,'1459213035'),('145921549981','145921422599','2','1458627189',34,'1459213035'),('145921549982','145921422599','3','1458627189',11,'1459213035'),('145921561881','145921431999','2','1458627189',23,'1459213035'),('145921561882','145921431999','3','1458627189',22,'1459213035'),('145921565581','145921446499','2','1458627189',31,'1459213035'),('145921565582','145921446499','3','1458627189',14,'1459213035'),('145921567981','145921455299','2','1458627189',26,'1459213035'),('145921567982','145921455299','3','1458627189',19,'1459213035'),('145921570781','145921460199','2','1458627189',67,'1459213035'),('145921570782','145921460199','3','1458627189',10,'1459213035'),('145921577681','145921467799','2','1458627189',28,'1459213035'),('145921577682','145921467799','3','1458627189',32,'1459213035'),('145921580281','145921473599','2','1458627189',32,'1459213035'),('145921580282','145921473599','3','1458627189',28,'1459213035'),('145921584481','145921478599','2','1458627189',24,'1459213035'),('145921584482','145921478599','3','1458627189',36,'1459213035'),('145921587181','145921484099','2','1458627189',32,'1459213035'),('145921587182','145921484099','3','1458627189',28,'1459213035'),('145921590081','145921487899','2','1458627189',25,'1459213035'),('145921590082','145921487899','3','1458627189',35,'1459213035'),('145921592481','145921494399','2','1458627189',33,'1459213035'),('145921592482','145921494399','3','1458627189',27,'1459213035'),('145921984880','145921973899','1','1458627189',22,'1459136367'),('145921984881','145921973899','2','1458627189',20,'1459136367'),('145921984882','145921973899','3','1458627189',20,'1459136367'),('145922102380','145921896199','1','1458627189',34,'1459130999'),('145922102381','145921896199','2','1458627189',13,'1459130999'),('145922102382','145921896199','3','1458627189',10,'1459130999'),('145922108780','145921914099','1','1458627189',53,'1459130999'),('145922108781','145921914099','2','1458627189',16,'1459130999'),('145922108782','145921914099','3','1458627189',15,'1459130999'),('145922111680','145921901799','1','1458627189',38,'1459130999'),('145922111681','145921901799','2','1458627189',17,'1459130999'),('145922111682','145921901799','3','1458627189',15,'1459130999'),('145922113980','145921908299','1','1458627189',52,'1459130999'),('145922113981','145921908299','2','1458627189',17,'1459130999'),('145922113982','145921908299','3','1458627189',15,'1459130999'),('145922119380','145921927899','1','1458627189',52,'1459130999'),('145922119381','145921927899','2','1458627189',24,'1459130999'),('145922119382','145921927899','3','1458627189',20,'1459130999'),('145922126780','145921932399','1','1458627189',53,'1459130999'),('145922126781','145921932399','2','1458627189',22,'1459130999'),('145922126782','145921932399','3','1458627189',20,'1459130999'),('145922199580','145921954099','1','1458627189',51,'1459130999'),('145922199581','145921954099','2','1458627189',22,'1459130999'),('145922199582','145921954099','3','1458627189',20,'1459130999'),('145922202580','145921960299','1','1458627189',53,'1459130999'),('145922202581','145921960299','2','1458627189',23,'1459130999'),('145922202582','145921960299','3','1458627189',20,'1459130999'),('145922205180','145921966299','1','1458627189',52,'1459130999'),('145922205181','145921966299','2','1458627189',21,'1459130999'),('145922205182','145921966299','3','1458627189',20,'1459130999'),('145922208280','145921944299','1','1458627189',50,'1459130999'),('145922208281','145921944299','2','1458627189',23,'1459130999'),('145922208282','145921944299','3','1458627189',20,'1459130999'),('145922210480','145921923499','1','1458627189',45,'1459130999'),('145922210481','145921923499','2','1458627189',24,'1459130999'),('145922210482','145921923499','3','1458627189',20,'1459130999'),('145922213580','145921970999','1','1458627189',50,'1459130999'),('145922213581','145921970999','2','1458627189',21,'1459130999'),('145922213582','145921970999','3','1458627189',20,'1459130999'),('145922216181','145921940299','2','1458627189',22,'1459130999'),('145922216182','145921940299','3','1458627189',20,'1459130999'),('145922217980','145921976699','1','1458627189',51,'1459130999'),('145922224880','145922221899','1','1458627189',43,'1459130999'),('145922224881','145922221899','2','1458627189',18,'1459130999'),('145922254780','145916658499','1','1458627189',20,'1459136279'),('145922254781','145916658499','2','1458627189',20,'1459136279'),('145922254782','145916658499','3','1458627189',20,'1459136279'),('145922257180','145922250199','1','1458627189',20,'1459136367'),('145922257181','145922250199','2','1458627189',20,'1459136367'),('145922257182','145922250199','3','1458627189',20,'1459136367'),('145922415680','145921284299','1','1458627189',47,'1459150457'),('145922415681','145921284299','2','1458627189',35,'1459150457'),('145922429380','145921195499','1','1458627189',52,'1459150457'),('145922429381','145921195499','2','1458627189',33,'1459150457'),('145922434380','145921212399','1','1458627189',61,'1459150457'),('145922434381','145921212399','2','1458627189',57,'1459150457'),('145922440580','145921223299','1','1458627189',45,'1459150457'),('145922440581','145921223299','2','1458627189',33,'1459150457'),('145922447680','145921355599','1','1458627189',48,'1459150457'),('145922447681','145921355599','2','1458627189',42,'1459150457'),('145922451380','145921362399','1','1458627189',50,'1459150457'),('145922451381','145921362399','2','1458627189',56,'1459150457'),('145922455880','145921329399','1','1458627189',37,'1459150457'),('145922455881','145921329399','2','1458627189',60,'1459150457'),('145922462480','145921370799','1','1458627189',40,'1459150457'),('145922462481','145921370799','2','1458627189',30,'1459150457'),('145922494380','145921347799','1','1458627189',47,'1459150457'),('145922494381','145921347799','2','1458627189',30,'1459150457'),('145922502980','145921393499','1','1458627189',32,'1459150457'),('145922502981','145921393499','2','1458627189',37,'1459150457'),('145922508080','145921399899','1','1458627189',40,'1459150457'),('145922508081','145921399899','2','1458627189',30,'1459150457'),('145922513280','145921376999','1','1458627189',39,'1459150457'),('145922513281','145921376999','2','1458627189',35,'1459150457'),('145922554580','145922537599','1','1458627189',65,'1459150457'),('145922554581','145922537599','2','1458627189',55,'1459150457'),('145922576380','145921736599','1','1458627189',70,'1459152424'),('145922585080','145921744399','1','1458627189',70,'1459152424'),('145922587280','145921751299','1','1458627189',70,'1459152424'),('145922590980','145921757099','1','1458627189',70,'1459152424'),('145922593180','145921762899','1','1458627189',70,'1459152424'),('145922598080','145921771499','1','1458627189',70,'1459152424'),('145922601080','145921776599','1','1458627189',70,'1459152424'),('145922602980','145921810699','1','1458627189',70,'1459152424'),('145922605180','145921818499','1','1458627189',70,'1459152424'),('145922607180','145921824299','1','1458627189',70,'1459152424'),('145922610480','145921836399','1','1458627189',70,'1459152424'),('145922612380','145921844999','1','1458627189',70,'1459152424'),('145922614480','145921857699','1','1458627189',70,'1459152424'),('145922616780','145921865799','1','1458627189',70,'1459152424'),('145922619480','145921871499','1','1458627189',71,'1459152424'),('145922622580','145921876699','1','1458627189',70,'1459152424'),('145922624880','145921881199','1','1458627189',70,'1459152424'),('145922626980','145921885699','1','1458627189',70,'1459152424'),('145922629180','145921890999','1','1458627189',70,'1459152424'),('145922631480','145921895099','1','1458627189',70,'1459152424'),('145922635880','145921904899','1','1458627189',70,'1459152424'),('145922637780','145921910299','1','1458627189',70,'1459152424'),('145922641080','145921920499','1','1458627189',76,'1459152424'),('145922643280','145921915699','1','1458627189',70,'1459152424'),('145922645480','145921925199','1','1458627189',71,'1459152424'),('145922647580','145921931999','1','1458627189',70,'1459152424'),('145922652280','145922550399','1','1458627189',70,'1459152424'),('145922654080','145922553399','1','1458627189',71,'1459152424'),('145922655880','145922556399','1','1458627189',70,'1459152424'),('145922658380','145922558399','1','1458627189',72,'1459152424'),('145922660880','145922560899','1','1458627189',70,'1459152424'),('145922664480','145922563199','1','1458627189',70,'1459152424'),('145922666080','145922565199','1','1458627189',70,'1459152424'),('145922685381','145921736599','2','1458627189',10,'1459152424'),('145922687081','145921744399','2','1458627189',15,'1459152424'),('145922689181','145921751299','2','1458627189',15,'1459152424'),('145922691381','145921757099','2','1458627189',15,'1459152424'),('145922693281','145921762899','2','1458627189',15,'1459152424'),('145922695381','145921771499','2','1458627189',15,'1459152424'),('145922697281','145921776599','2','1458627189',20,'1459152424'),('145922700481','145921810699','2','1458627189',20,'1459152424'),('145922704481','145921818499','2','1458627189',20,'1459152424'),('145922706381','145921824299','2','1458627189',20,'1459152424'),('145922709281','145921836399','2','1458627189',20,'1459152424'),('145922711181','145921844999','2','1458627189',20,'1459152424'),('145922713081','145921857699','2','1458627189',20,'1459152424'),('145922714781','145921865799','2','1458627189',20,'1459152424'),('145922716681','145921871499','2','1458627189',20,'1459152424'),('145922718381','145921876699','2','1458627189',20,'1459152424'),('145922720081','145921881199','2','1458627189',20,'1459152424'),('145922722081','145921885699','2','1458627189',20,'1459152424'),('145922723881','145921890999','2','1458627189',20,'1459152424'),('145922725781','145921895099','2','1458627189',20,'1459152424'),('145922727981','145921900699','2','1458627189',0,'1459152424'),('145922729681','145921904899','2','1458627189',20,'1459152424'),('145922731581','145921910299','2','1458627189',20,'1459152424'),('145922733381','145921915699','2','1458627189',20,'1459152424'),('145922735181','145921920499','2','1458627189',20,'1459152424'),('145922736981','145921925199','2','1458627189',20,'1459152424'),('145922738781','145921931999','2','1458627189',20,'1459152424'),('145922740481','145922550399','2','1458627189',20,'1459152424'),('145922742481','145922553399','2','1458627189',20,'1459152424'),('145922744181','145922556399','2','1458627189',20,'1459152424'),('145922748381','145922558399','2','1458627189',20,'1459152424'),('145922751081','145922560899','2','1458627189',20,'1459152424'),('145922752981','145922563199','2','1458627189',20,'1459152424'),('145922755281','145922565199','2','1458627189',20,'1459152424'),('145922802981','145922786599','2','1458627189',1355,'1459152424'),('145922979880','145922974399','1','1458627189',15,'1459136367'),('145922979881','145922974399','2','1458627189',15,'1459136367'),('145922979882','145922974399','3','1458627189',15,'1459136367'),('145923010780','145922048299','1','1458627189',36,'1459215531'),('145923010781','145922048299','2','1458627189',75,'1459215531'),('145923015480','145922061599','1','1458627189',37,'1459215531'),('145923015481','145922061599','2','1458627189',73,'1459215531'),('145923018580','145922447199','1','1458627189',35,'1459215531'),('145923018581','145922447199','2','1458627189',55,'1459215531'),('145923021980','145922459899','1','1458627189',32,'1459215531'),('145923021981','145922459899','2','1458627189',49,'1459215531'),('145923026480','145922536699','1','1458627189',40,'1459215531'),('145923026481','145922536699','2','1458627189',70,'1459215531'),('145923030180','145922544799','1','1458627189',41,'1459215531'),('145923030181','145922544799','2','1458627189',94,'1459215531'),('145923033880','145922551099','1','1458627189',30,'1459215531'),('145923033881','145922551099','2','1458627189',50,'1459215531'),('145923036780','145922557999','1','1458627189',37,'1459215531'),('145923036781','145922557999','2','1458627189',61,'1459215531'),('145923039680','145922567299','1','1458627189',77,'1459215531'),('145923039681','145922567299','2','1458627189',68,'1459215531'),('145923042680','145922572799','1','1458627189',44,'1459215531'),('145923042681','145922572799','2','1458627189',75,'1459215531'),('145923047280','145922578999','1','1458627189',66,'1459215531'),('145923047281','145922578999','2','1458627189',86,'1459215531'),('145923050380','145922592899','1','1458627189',68,'1459215531'),('145923050381','145922592899','2','1458627189',67,'1459215531'),('145923053480','145922598799','1','1458627189',37,'1459215531'),('145923053481','145922598799','2','1458627189',75,'1459215531'),('145923057180','145922604899','1','1458627189',73,'1459215531'),('145923057181','145922604899','2','1458627189',113,'1459215531'),('145923060380','145922609899','1','1458627189',44,'1459215531'),('145923060381','145922609899','2','1458627189',52,'1459215531'),('145923064080','145922616499','1','1458627189',34,'1459215531'),('145923064081','145922616499','2','1458627189',39,'1459215531'),('145923066980','145922623999','1','1458627189',48,'1459215531'),('145923066981','145922623999','2','1458627189',72,'1459215531'),('145923069880','145922749099','1','1458627189',35,'1459215531'),('145923069881','145922749099','2','1458627189',55,'1459215531'),('145923073180','145922756899','1','1458627189',33,'1459215531'),('145923073181','145922756899','2','1458627189',31,'1459215531'),('145923076280','145922774399','1','1458627189',46,'1459215531'),('145923076281','145922774399','2','1458627189',60,'1459215531'),('145923173180','145913825399','1','1458627189',50,'1459136436'),('145923173181','145913825399','2','1458627189',50,'1459136436'),('145923173182','145913825399','3','1458627189',0,'1459136436'),('145923180680','145913973399','1','1458627189',50,'1459136436'),('145923180681','145913973399','2','1458627189',50,'1459136436'),('145923180682','145913973399','3','1458627189',0,'1459136436'),('145923186280','145923162299','1','1458627189',15,'1459136436'),('145923186281','145923162299','2','1458627189',15,'1459136436'),('145923224480','145913983599','1','1458627189',30,'1459136436'),('145923224481','145913983599','2','1458627189',30,'1459136436'),('145923228880','145913989399','1','1458627189',40,'1459136436'),('145923228881','145913989399','2','1458627189',40,'1459136436'),('145923241780','145913995999','1','1458627189',25,'1459136436'),('145923241781','145913995999','2','1458627189',25,'1459136436'),('145923294780','145914067699','1','1458627189',40,'1459136436'),('145923294781','145914067699','2','1458627189',40,'1459136436'),('145923298080','145914264899','1','1458627189',22,'1459136436'),('145923298081','145914264899','2','1458627189',40,'1459136436'),('145923303580','145914111099','1','1458627189',40,'1459136436'),('145923303581','145914111099','2','1458627189',40,'1459136436'),('145923311280','145914254599','1','1458627189',30,'1459136436'),('145923311281','145914254599','2','1458627189',30,'1459136436'),('145923361280','145921317299','1','1458627189',45,'1459150457'),('145923361281','145921317299','2','1458627189',40,'1459150457'),('145923365880','145915261599','1','1458627189',20,'1459152004'),('145923365881','145915261599','2','1458627189',15,'1459152004'),('145923365882','145915261599','3','1458627189',10,'1459152004'),('145923371780','145923024199','1','1458627189',20,'1459152004'),('145923371781','145923024199','2','1458627189',15,'1459152004'),('145923371782','145923024199','3','1458627189',10,'1459152004'),('145923375480','145923030899','1','1458627189',20,'1459152004'),('145923375481','145923030899','2','1458627189',15,'1459152004'),('145923375482','145923030899','3','1458627189',10,'1459152004'),('145923378380','145923039099','1','1458627189',20,'1459152004'),('145923378381','145923039099','2','1458627189',15,'1459152004'),('145923378382','145923039099','3','1458627189',10,'1459152004'),('145923381580','145923044699','1','1458627189',20,'1459152004'),('145923381581','145923044699','2','1458627189',10,'1459152004'),('145923383980','145923056399','1','1458627189',20,'1459152004'),('145923383981','145923056399','2','1458627189',20,'1459152004'),('145923383982','145923056399','3','1458627189',20,'1459152004'),('145923385780','145923063299','1','1458627189',20,'1459152004'),('145923385781','145923063299','2','1458627189',20,'1459152004'),('145923385782','145923063299','3','1458627189',20,'1459152004'),('145923388080','145923072599','1','1458627189',20,'1459152004'),('145923388081','145923072599','2','1458627189',20,'1459152004'),('145923388082','145923072599','3','1458627189',20,'1459152004'),('145923391180','145923079199','1','1458627189',20,'1459152004'),('145923391181','145923079199','2','1458627189',20,'1459152004'),('145923391182','145923079199','3','1458627189',20,'1459152004'),('145923393480','145923084099','1','1458627189',20,'1459152004'),('145923393481','145923084099','2','1458627189',20,'1459152004'),('145923393482','145923084099','3','1458627189',20,'1459152004'),('145923395980','145923089699','1','1458627189',20,'1459152004'),('145923395981','145923089699','2','1458627189',20,'1459152004'),('145923395982','145923089699','3','1458627189',20,'1459152004'),('145923397780','145923096399','1','1458627189',20,'1459152004'),('145923397781','145923096399','2','1458627189',20,'1459152004'),('145923397782','145923096399','3','1458627189',20,'1459152004'),('145923399680','145923102499','1','1458627189',20,'1459152004'),('145923399681','145923102499','2','1458627189',20,'1459152004'),('145923399682','145923102499','3','1458627189',20,'1459152004'),('145923402580','145923109699','1','1458627189',20,'1459152004'),('145923402581','145923109699','2','1458627189',20,'1459152004'),('145923402582','145923109699','3','1458627189',20,'1459152004'),('145923404780','145923120299','1','1458627189',20,'1459152004'),('145923404781','145923120299','2','1458627189',20,'1459152004'),('145923404782','145923120299','3','1458627189',20,'1459152004'),('145923406680','145923132099','1','1458627189',20,'1459152004'),('145923406681','145923132099','2','1458627189',20,'1459152004'),('145923406682','145923132099','3','1458627189',20,'1459152004'),('145923409280','145923153399','1','1458627189',20,'1459152004'),('145923409281','145923153399','2','1458627189',20,'1459152004'),('145923409282','145923153399','3','1458627189',20,'1459152004'),('145923411980','145923157299','1','1458627189',20,'1459152004'),('145923411981','145923157299','2','1458627189',20,'1459152004'),('145923411982','145923157299','3','1458627189',20,'1459152004'),('145923414080','145923161699','1','1458627189',20,'1459152004'),('145923414081','145923161699','2','1458627189',20,'1459152004'),('145923414082','145923161699','3','1458627189',20,'1459152004'),('145923416180','145923168399','1','1458627189',20,'1459152004'),('145923416181','145923168399','2','1458627189',20,'1459152004'),('145923416182','145923168399','3','1458627189',20,'1459152004'),('145923419080','145923170899','1','1458627189',20,'1459152004'),('145923419081','145923170899','2','1458627189',20,'1459152004'),('145923419082','145923170899','3','1458627189',20,'1459152004'),('145923421080','145923173799','1','1458627189',20,'1459152004'),('145923421081','145923173799','2','1458627189',20,'1459152004'),('145923421082','145923173799','3','1458627189',20,'1459152004'),('145923422980','145923176499','1','1458627189',20,'1459152004'),('145923422981','145923176499','2','1458627189',20,'1459152004'),('145923422982','145923176499','3','1458627189',20,'1459152004'),('145923788080','145914272099','1','1458627189',39,'1459136436'),('145923788081','145914272099','2','1458627189',40,'1459136436'),('145923792780','145914310799','1','1458627189',24,'1459136436'),('145923792781','145914310799','2','1458627189',25,'1459136436'),('145923792782','145914310799','3','1458627189',11,'1459136436'),('145923822480','145922237899','1','1458627189',35,'1459136436'),('145923822481','145922237899','2','1458627189',40,'1459136436'),('145923832580','145922250799','1','1458627189',45,'1459136436'),('145923832581','145922250799','2','1458627189',40,'1459136436'),('145924457380','145922783399','1','1458627189',32,'1459215531'),('145924457381','145922783399','2','1458627189',76,'1459215531'),('145924461480','145922789099','1','1458627189',50,'1459215531'),('145924461481','145922789099','2','1458627189',93,'1459215531');

/*Table structure for table `t_users` */

DROP TABLE IF EXISTS `t_users`;

CREATE TABLE `t_users` (
  `id_user` char(15) NOT NULL,
  `username` char(25) NOT NULL,
  `katakunci` char(25) NOT NULL,
  `sandi` char(50) NOT NULL,
  `nama_user` char(100) NOT NULL,
  `id_lokasi` char(15) NOT NULL,
  `admin` tinyint(1) NOT NULL DEFAULT '1',
  `pusat` tinyint(1) NOT NULL DEFAULT '1',
  `menuakses` text,
  `aktif` tinyint(1) NOT NULL DEFAULT '1',
  PRIMARY KEY (`id_user`)
) ENGINE=InnoDB DEFAULT CHARSET=latin1;

/*Data for the table `t_users` */

insert  into `t_users`(`id_user`,`username`,`katakunci`,`sandi`,`nama_user`,`id_lokasi`,`admin`,`pusat`,`menuakses`,`aktif`) values ('1458608926','adminpusat','dombajc','f6338e9679fa67f44f818e3bfd546584','Administrator Pusat','05',1,1,'2,21,22,23,24,3,31,4,41,42,5,51',1),('1459065329','wawan4276','1003','aa68c75c4a77c87f97fb686b2f068676','WAWAN GUNAWAN UTAMA','05',1,1,'2,21,22,23,24,3,31,32,4,41,42,5,51,52',1),('1459065417','ppsmg1','ppsmg1','7d534e40c460e465796fe469ad006cda','Admin pembukuan pelaporan UP3AD Semarang I','0501',1,0,'3,31,4,41,42,5,51',1),('1459130999','ppkbm','ppkbm','377890c9d82b22d440f0de1ca47e9f23','Admin pembukuan pelaporan UP3AD Kebumen','0535',1,0,'3,31,4,41,42,5,51,52',1),('1459133423','ppwnsb','ppwsb','dd48a5b21928bb4ba213f1893dd5004b','admin pembukuan pelaporan UP3AD Kab. Wonosobo','0537',1,0,'3,31,4,41,42,5,51,52',1),('1459133843','ppsltg','ppsltg','24681a75aa183e7af4c88fb87eabb53c','admin pembukuan pelaporan UP3AD Kota Salatiga','0504',1,0,'3,31,4,41,42,5,51,52',1),('1459134128','ppsrg','ppsrg','9f7836618106cb9613e0252524334e57','Admin Pembukuan dan Pelaporan UP3AD Kab. Sragen','0513',1,0,'3,31,32,4,41,42,5,51,52',1),('1459136279','ppsmg2','ppsmg2','bc39606f7bf2b78d99a75eb7e3e371a4','Admin Pembukuan dan Pelaporan UP3AD Kota Smg. II','0502',1,0,'3,31,4,41,42,5,51,52',1),('1459136367','ppsmg3','ppsmg3','d7424f4944e3e701c9358e1f72de0b0e','Admin Pembukuan dan Pelaporan UP3AD Kota Smg. III','0503',1,0,'3,31,4,41,42,5,51,52',1),('1459136436','ppsmg','ppsmg','3c69fd2f46f7ecd2f87301f83518ba46','Admin Pembukuan dan Pelaporan UP3AD Kab. Semarang','0505',1,0,'3,31,4,41,42,5,51,52',1),('1459136622','ppkdl','ppkdl','06d8108454d0de5d9d806a06ac5cf00b','Admin Pembukuan dan Pelaporan UP3AD Kab. Kendal','0506',1,0,'3,31,4,41,5,51,52',1),('1459137270','ppdmk','ppdmk','4915c2ad6a92f4edb730a8ababbb44c2','Admin Pembukuan dan Pelaporan UP3AD Kab. Demak','0507',1,0,'3,31,4,41,42,5,51,52',1),('1459137354','pppati','pppati','938a3aca5666c19c2c53cbf20f95645c','Admin Pembukuan dan Pelaporan UP3AD Kab. Pati','0516',1,0,'3,31,4,41,42,5,51,52',1),('1459137438','ppkds','ppkds','7fb9fb497424f395f7275754d053e419','Admin Pembukuan dan Pelaporan UP3AD Kab. Kudus','0517',1,0,'3,31,4,41,42,5,51,52',1),('1459137509','ppjpr','ppjpr','52e291a1eedfc5584e6f14153502171a','Admin Pembukuan dan Pelaporan UP3AD Kab. Jepara','0518',1,0,'3,31,4,41,42,5,51,52',1),('1459138022','pprbg','pprbg','20644fd3887103a317042b21f22be24c','Admin Pembukuan dan Pelaporan UP3AD Kab. Rembang','0519',1,0,'3,31,4,41,42,5,51,52',1),('1459138103','ppbra','ppbra','2423ca4d6d791c57e69f18cf267aa849','Admin Pembukuan dan Pelaporan UP3AD Kab. Blora','0520',1,0,'3,31,4,41,42,5,51,52',1),('1459143349','pptmg','pptmg','629f09451ae439d6a2785e575631c21f','Admin Pembukuan dan Pelaporan UP3AD Kab. Temanggung','0536',1,0,'3,31,4,41,42,5,51,52',1),('1459150457','ppbtg','ppbtg','791381ba535b343b51209f471660da2c','Admin Pembukuan dan Pelaporan UP3AD Kab. Batang','0523',1,0,'3,31,4,41,42,5,51,52',1),('1459150862','ppkra','ppkra','1ec0c23c5402e04d3ff0cbc33afb7f49','Admin Pembukuan dan Pelaporan UP3AD Kab. Karanganyar','0514',1,0,'3,31,4,41,42,5,51,52',1),('1459151125','pppkl','pppkl','f09993919170cebf1793030f1386c9ad','Admin Pembukuan dan Pelaporan UP3AD Kota Pekalongan','0521',1,0,'3,31,32,4,41,42,5,51,52',1),('1459151511','ppclp','ppclp','5dae6dfe4418815c0ba917db39746467','Admin Pembukuan dan Pelaporan UP3AD Kab. Cilacap','0529',1,0,'3,31,4,41,42,5,51,52',1),('1459152004','ppskh','ppskh','e828d5420f561fddc6d27b381f572630','Admin Pembukuan dan Pelaporan UP3AD Kab. Sukoharjo','0510',1,0,'3,31,32,4,41,42,5,51,52',1),('1459152424','ppklt','ppklt','83ab9f08a7cbc218800a8dec99e06a78','Admin Pembukuan dan Pelaporan UP3AD Kab. Klaten','0511',1,0,'3,31,4,41,42,5,51,52',1),('1459153920','ppmgl','ppmgl','e456130dbdfd8bcc5608468e3407ac67','Admin Pembukuan dan Pelaporan UP3AD Kota Magelang','0532',1,0,'3,31,32,4,41,42,5,51,52',1),('1459213035','pptgl','pptgl','dff73b094cddb172a24d96824b660c38','Admin Pembukuan Dan Pelaporan UP3AD Kota Tegal','0525',1,0,'3,31,4,41,42,5,51,52',1),('1459213265','ppbna','ppbna','da896bb48c8c2cafec56f1efe17f76d3','Admin Pembukuan Dan Pelaporan UP3AD Kab. Banjarnegara','0531',1,0,'3,31,4,41,42,5,51,52',1),('1459215531','pppwj','pppwj','6fee05c934a79959131b7bc034be8db5','Admin Pembukuan Dan Pelaporan UP3AD Kab. Purworejo','0534',1,0,'3,31,4,41,42,5,51,52',1),('1459240332','ppbyl','ppbyl','dad0d426d29b457473ddcc662721422c','Admin Pembukuan Dan Pelaporan UP3AD Kab. Boyolali','0512',1,0,'3,31,4,41,42,5,51,52',1);

/*Table structure for table `v_bulan` */

DROP TABLE IF EXISTS `v_bulan`;

/*!50001 DROP VIEW IF EXISTS `v_bulan` */;
/*!50001 DROP TABLE IF EXISTS `v_bulan` */;

/*!50001 CREATE TABLE  `v_bulan`(
 `id_bulan` char(15) ,
 `id_triwulan` char(15) ,
 `bulan` char(25) ,
 `aktif` tinyint(1) ,
 `triwulan` char(15) 
)*/;

/*Table structure for table `v_homebase` */

DROP TABLE IF EXISTS `v_homebase`;

/*!50001 DROP VIEW IF EXISTS `v_homebase` */;
/*!50001 DROP TABLE IF EXISTS `v_homebase` */;

/*!50001 CREATE TABLE  `v_homebase`(
 `id_lokasi` varchar(20) ,
 `id_induk` varchar(20) ,
 `lokasi` varchar(50) ,
 `nama_kota` varchar(50) ,
 `alamat` text ,
 `kota` varchar(30) ,
 `kdpos` varchar(10) ,
 `telp` text ,
 `fax` varchar(15) ,
 `samsat` enum('pusat','besar','kecil','other') ,
 `kd_wil` varchar(15) ,
 `kabkot` enum('Kota','Kabupaten') ,
 `email` varchar(100) ,
 `d2d_pusat` tinyint(1) ,
 `blokir` tinyint(1) 
)*/;

/*Table structure for table `v_mutasi` */

DROP TABLE IF EXISTS `v_mutasi`;

/*!50001 DROP VIEW IF EXISTS `v_mutasi` */;
/*!50001 DROP TABLE IF EXISTS `v_mutasi` */;

/*!50001 CREATE TABLE  `v_mutasi`(
 `id_mutasi` char(15) ,
 `id_pegawai` char(15) ,
 `id_lokasi` char(15) ,
 `id_homebase` char(15) ,
 `lokasi_lain` char(100) ,
 `id_jabatan` char(15) ,
 `sk` char(100) ,
 `no_sk` char(50) ,
 `tgl_sk` date ,
 `tgl_mulai` date ,
 `aktif` tinyint(1) ,
 `id_user` char(15) ,
 `update_akhir` datetime ,
 `jabatan` char(25) ,
 `nama_lokasi` varchar(50) ,
 `nama_homebase` varchar(50) 
)*/;

/*Table structure for table `v_pegawai_v2` */

DROP TABLE IF EXISTS `v_pegawai_v2`;

/*!50001 DROP VIEW IF EXISTS `v_pegawai_v2` */;
/*!50001 DROP TABLE IF EXISTS `v_pegawai_v2` */;

/*!50001 CREATE TABLE  `v_pegawai_v2`(
 `id_pegawai` char(15) ,
 `id_sts_pegawai` char(3) ,
 `nama_pegawai` char(100) ,
 `nip` char(25) ,
 `id_pangkat` char(15) ,
 `id_user` char(15) ,
 `history_buat` datetime ,
 `history_update` datetime ,
 `aktif` tinyint(1) ,
 `pangkat` char(25) ,
 `golongan` char(5) ,
 `jabatan` char(25) ,
 `id_jabatan` char(15) ,
 `id_lokasi` char(15) ,
 `nama_lokasi` varchar(50) ,
 `nama_homebase` varchar(50) ,
 `status_pegawai` char(15) 
)*/;

/*Table structure for table `v_users` */

DROP TABLE IF EXISTS `v_users`;

/*!50001 DROP VIEW IF EXISTS `v_users` */;
/*!50001 DROP TABLE IF EXISTS `v_users` */;

/*!50001 CREATE TABLE  `v_users`(
 `id_user` char(15) ,
 `username` char(25) ,
 `katakunci` char(25) ,
 `sandi` char(50) ,
 `nama_user` char(100) ,
 `id_lokasi` char(15) ,
 `admin` tinyint(1) ,
 `pusat` tinyint(1) ,
 `menuakses` text ,
 `aktif` tinyint(1) ,
 `lokasi` varchar(50) 
)*/;

/*View structure for view v_bulan */

/*!50001 DROP TABLE IF EXISTS `v_bulan` */;
/*!50001 DROP VIEW IF EXISTS `v_bulan` */;

/*!50001 CREATE ALGORITHM=UNDEFINED DEFINER=`root`@`localhost` SQL SECURITY DEFINER VIEW `v_bulan` AS (select `t_bulan`.`id_bulan` AS `id_bulan`,`t_bulan`.`id_triwulan` AS `id_triwulan`,`t_bulan`.`bulan` AS `bulan`,`t_bulan`.`aktif` AS `aktif`,`t_triwulan`.`triwulan` AS `triwulan` from (`t_bulan` left join `t_triwulan` on((`t_triwulan`.`id_triwulan` = `t_bulan`.`id_triwulan`)))) */;

/*View structure for view v_homebase */

/*!50001 DROP TABLE IF EXISTS `v_homebase` */;
/*!50001 DROP VIEW IF EXISTS `v_homebase` */;

/*!50001 CREATE ALGORITHM=UNDEFINED DEFINER=`root`@`localhost` SQL SECURITY DEFINER VIEW `v_homebase` AS (select `lokasi`.`id_lokasi` AS `id_lokasi`,`lokasi`.`id_induk` AS `id_induk`,`lokasi`.`lokasi` AS `lokasi`,`lokasi`.`nama_kota` AS `nama_kota`,`lokasi`.`alamat` AS `alamat`,`lokasi`.`kota` AS `kota`,`lokasi`.`kdpos` AS `kdpos`,`lokasi`.`telp` AS `telp`,`lokasi`.`fax` AS `fax`,`lokasi`.`samsat` AS `samsat`,`lokasi`.`kd_wil` AS `kd_wil`,`lokasi`.`kabkot` AS `kabkot`,`lokasi`.`email` AS `email`,`lokasi`.`d2d_pusat` AS `d2d_pusat`,`lokasi`.`blokir` AS `blokir` from `lokasi` where (`lokasi`.`samsat` in ('pusat','besar'))) */;

/*View structure for view v_mutasi */

/*!50001 DROP TABLE IF EXISTS `v_mutasi` */;
/*!50001 DROP VIEW IF EXISTS `v_mutasi` */;

/*!50001 CREATE ALGORITHM=UNDEFINED DEFINER=`root`@`localhost` SQL SECURITY DEFINER VIEW `v_mutasi` AS (select `t_mutasi`.`id_mutasi` AS `id_mutasi`,`t_mutasi`.`id_pegawai` AS `id_pegawai`,`t_mutasi`.`id_lokasi` AS `id_lokasi`,`t_mutasi`.`id_homebase` AS `id_homebase`,`t_mutasi`.`lokasi_lain` AS `lokasi_lain`,`t_mutasi`.`id_jabatan` AS `id_jabatan`,`t_mutasi`.`sk` AS `sk`,`t_mutasi`.`no_sk` AS `no_sk`,`t_mutasi`.`tgl_sk` AS `tgl_sk`,`t_mutasi`.`tgl_mulai` AS `tgl_mulai`,`t_mutasi`.`aktif` AS `aktif`,`t_mutasi`.`id_user` AS `id_user`,`t_mutasi`.`update_akhir` AS `update_akhir`,`t_jabatan`.`jabatan` AS `jabatan`,(select `lokasi`.`lokasi` from `lokasi` where (`lokasi`.`id_lokasi` = convert(`t_mutasi`.`id_lokasi` using utf8))) AS `nama_lokasi`,(select `lokasi`.`lokasi` from `lokasi` where (`lokasi`.`id_lokasi` = convert(`t_mutasi`.`id_homebase` using utf8))) AS `nama_homebase` from (`t_mutasi` left join `t_jabatan` on((`t_jabatan`.`id_jabatan` = `t_mutasi`.`id_jabatan`)))) */;

/*View structure for view v_pegawai_v2 */

/*!50001 DROP TABLE IF EXISTS `v_pegawai_v2` */;
/*!50001 DROP VIEW IF EXISTS `v_pegawai_v2` */;

/*!50001 CREATE ALGORITHM=UNDEFINED DEFINER=`root`@`localhost` SQL SECURITY DEFINER VIEW `v_pegawai_v2` AS (select `t_pegawai`.`id_pegawai` AS `id_pegawai`,`t_pegawai`.`id_sts_pegawai` AS `id_sts_pegawai`,`t_pegawai`.`nama_pegawai` AS `nama_pegawai`,`t_pegawai`.`nip` AS `nip`,`t_pegawai`.`id_pangkat` AS `id_pangkat`,`t_pegawai`.`id_user` AS `id_user`,`t_pegawai`.`history_buat` AS `history_buat`,`t_pegawai`.`history_update` AS `history_update`,`t_pegawai`.`aktif` AS `aktif`,`t_pangkat`.`pangkat` AS `pangkat`,`t_pangkat`.`golongan` AS `golongan`,`v_mutasi`.`jabatan` AS `jabatan`,`v_mutasi`.`id_jabatan` AS `id_jabatan`,`v_mutasi`.`id_lokasi` AS `id_lokasi`,`v_mutasi`.`nama_lokasi` AS `nama_lokasi`,`v_mutasi`.`nama_homebase` AS `nama_homebase`,`t_sts_pegawai`.`status_pegawai` AS `status_pegawai` from (((`t_pegawai` left join `v_mutasi` on((`v_mutasi`.`id_pegawai` = `t_pegawai`.`id_pegawai`))) left join `t_pangkat` on((`t_pangkat`.`id_pangkat` = `t_pegawai`.`id_pangkat`))) left join `t_sts_pegawai` on((`t_sts_pegawai`.`id_sts_pegawai` = `t_pegawai`.`id_sts_pegawai`))) where (`v_mutasi`.`aktif` = 1)) */;

/*View structure for view v_users */

/*!50001 DROP TABLE IF EXISTS `v_users` */;
/*!50001 DROP VIEW IF EXISTS `v_users` */;

/*!50001 CREATE ALGORITHM=UNDEFINED DEFINER=`root`@`localhost` SQL SECURITY DEFINER VIEW `v_users` AS (select `t_users`.`id_user` AS `id_user`,`t_users`.`username` AS `username`,`t_users`.`katakunci` AS `katakunci`,`t_users`.`sandi` AS `sandi`,`t_users`.`nama_user` AS `nama_user`,`t_users`.`id_lokasi` AS `id_lokasi`,`t_users`.`admin` AS `admin`,`t_users`.`pusat` AS `pusat`,`t_users`.`menuakses` AS `menuakses`,`t_users`.`aktif` AS `aktif`,`lokasi`.`lokasi` AS `lokasi` from (`t_users` left join `lokasi` on((`lokasi`.`id_lokasi` = convert(`t_users`.`id_lokasi` using utf8))))) */;

/*!40101 SET SQL_MODE=@OLD_SQL_MODE */;
/*!40014 SET FOREIGN_KEY_CHECKS=@OLD_FOREIGN_KEY_CHECKS */;
/*!40014 SET UNIQUE_CHECKS=@OLD_UNIQUE_CHECKS */;
/*!40111 SET SQL_NOTES=@OLD_SQL_NOTES */;
