/*
SQLyog Ultimate v11.11 (64 bit)
MySQL - 5.5.27 : Database - dbd2d
*********************************************************************
*/

/*!40101 SET NAMES utf8 */;

/*!40101 SET SQL_MODE=''*/;

/*!40014 SET @OLD_UNIQUE_CHECKS=@@UNIQUE_CHECKS, UNIQUE_CHECKS=0 */;
/*!40014 SET @OLD_FOREIGN_KEY_CHECKS=@@FOREIGN_KEY_CHECKS, FOREIGN_KEY_CHECKS=0 */;
/*!40101 SET @OLD_SQL_MODE=@@SQL_MODE, SQL_MODE='NO_AUTO_VALUE_ON_ZERO' */;
/*!40111 SET @OLD_SQL_NOTES=@@SQL_NOTES, SQL_NOTES=0 */;
USE `dbd2d`;

/*Table structure for table `lokasi` */

DROP TABLE IF EXISTS `lokasi`;

CREATE TABLE `lokasi` (
  `id_lokasi` varchar(20) NOT NULL,
  `id_induk` varchar(20) NOT NULL,
  `lokasi` varchar(50) NOT NULL,
  `nama_kota` varchar(50) NOT NULL,
  `alamat` text,
  `kota` varchar(30) DEFAULT NULL,
  `kdpos` varchar(10) DEFAULT NULL,
  `telp` text,
  `fax` varchar(15) DEFAULT NULL,
  `samsat` enum('pusat','besar','kecil','other') DEFAULT NULL,
  `kd_wil` varchar(15) DEFAULT NULL,
  `kabkot` enum('Kota','Kabupaten') DEFAULT NULL,
  `email` varchar(100) DEFAULT NULL,
  `d2d_pusat` tinyint(1) NOT NULL DEFAULT '0',
  `blokir` tinyint(1) DEFAULT '0',
  PRIMARY KEY (`id_lokasi`),
  KEY `ID_INDUK` (`id_induk`),
  KEY `3` (`samsat`),
  KEY `4` (`kd_wil`),
  KEY `5` (`kabkot`)
) ENGINE=InnoDB DEFAULT CHARSET=utf8;

/*Data for the table `lokasi` */

insert  into `lokasi`(`id_lokasi`,`id_induk`,`lokasi`,`nama_kota`,`alamat`,`kota`,`kdpos`,`telp`,`fax`,`samsat`,`kd_wil`,`kabkot`,`email`,`d2d_pusat`,`blokir`) values ('05','05','Kantor PUSAT','SEMARANG','Jln.Pemuda No. 1','Semarang','50113','024-899828','023-838888','pusat','SMG','Kota','pusat@gmail.com',0,0),('050','05','ATM BANK JATENG','SEMARANG','BP PUSAT Sub Bag Keuangan\r\nJl. Pemuda No. 1 Semarang','Semarang','','024 3515514','024 3517227','kecil',NULL,NULL,NULL,0,NULL),('0500','05','ATM BANK BRI','SEMARANG','Jl. Pemuda No. 1','Semarang','50142','024-3515514','024-3587227','kecil',NULL,NULL,NULL,0,NULL),('0501','0501','UP3AD Kota Semarang I','UP3AD Kota Semarang I','Jl. Brigjen Sudiarto 428','Semarang','0','024-6712916','024-6715449','pusat','SMG','Kota','up3ad.smg1@gmail.com',1,0),('050101','0501','Samsat Khusus DPMall','UP3AD Kota Semarang I','','Semarang','0','','','kecil','',NULL,'',0,0),('050102','0501','SAMKEL Kota Semarang I','UP3AD Kota Semarang I','','Semarang','0','','','kecil','',NULL,'',0,0),('050103','0501','DRIVE THRU Lotte Mart','UP3AD Kota Semarang I','','Semarang','0','','','kecil','',NULL,'',0,0),('0502','0502','UP3AD Kota Semarang II','UP3AD Kota Semarang II','Jl.Setiabudi No. 110, Srondol ','Semarang','50269','024-7475810','024-7478858','pusat','SMG','Kota','up3ad.smg2@gmail.com',1,0),('050201','0502','SAMKEL Kota Semarang II','UP3AD Kota Semarang II','','Semarang','0','','','kecil','',NULL,'',0,0),('0503','0503','UP3AD Kota Semarang III','UP3AD Kota Semarang III','Jl. Hanoman No. 2','Semarang','50146','024-7601476','024-7601476','pusat','SMG','Kota','up3ad.smg.III@gmail.com',1,0),('050301','0503','SAMSAT Khusus Bank Jateng','UP3AD Kota Semarang III','','Semarang','0','','','kecil','',NULL,'',0,0),('050302','0503','SAMSAT Jateng Fair','UP3AD Kota Semarang III','Arena PRPP','Semarang','0','','','kecil',NULL,NULL,'',0,0),('0504','0504','UP3AD Kota Salatiga','UP3AD Kota Salatiga','Jl. Brigjen Sudiarto No.2','Salatiga','0','0298-327015','0298-327015','pusat','SMG','Kota','up3ad.kota.sltg@gmail.com',0,0),('0505','0505','UP3AD Kabupaten Semarang','UP3AD Kabupaten Semarang','Jl. MT Haryono Sidomulyo Ungaran Timur','Ungaran','50511','+6224-76910391,','+6224-76910392','pusat','SMG','Kota','kabsemarangup3ad@gmail.com',0,0),('050501','0505','SAMKEL UP3AD Kab. Semarang','UP3AD Kabupaten Semarang','','Ungaran','0','','','kecil','',NULL,'',0,0),('050502','0505','Samsat Cepat Klepu','UP3AD Kabupaten Semarang','Klepu','Kab Semarang','','','','kecil',NULL,NULL,NULL,0,NULL),('0506','0506','UP3AD Kabupaten Kendal','UP3AD Kabupaten Kendal','Jl. Soekarno Hatta No. 101','Kendal','51314','0294-381209','0294-381209','pusat','SMG','Kabupaten','up3ad.kab.kendal@gmail.com',0,0),('050601','0506','SAMKEL Kab. Kendal','UP3AD Kabupaten Kendal','','','0','','','kecil',NULL,NULL,'',0,0),('0507','0507','UP3AD Kabupaten Demak','UP3AD Kabupaten Demak','Jl. Sultan Trenggono Katonsari ','Demak','0','0291-686075','0291-686075','pusat','SMG','Kabupaten','up3ad.demak@gmail.com',0,0),('050701','0507','SAMKEL Kab. Demak','UP3AD Kabupaten Demak','','','0','','','kecil',NULL,NULL,'',0,0),('0508','0508','UP3AD Kabupaten Grobogan','UP3AD Kabupaten Grobogan','Jl.P. Diponegoro No. 1','Purwodadi','58111','0292-421303','0292-421303','pusat','PT','Kota','up3adkabgrobogan@gmail.com',0,0),('050801','0508','SAMKEL Kab. Grobogan','UP3AD Kabupaten Grobogan','','','0','','','kecil',NULL,NULL,'',0,0),('050802','0508','SAMSAT PATEN WIROSARI','UP3AD Kabupaten Grobogan','PURWODADI','GROBOGAN','','','','kecil',NULL,NULL,NULL,0,NULL),('0509','0509','UP3AD Kota Surakarta','UP3AD Kota Surakarta','Jalan Prof. DR. Soeharso Nomor 17 Jajar Laweyan','Surakarta','57144','0271 714919,0271 718007,','0271 714919','pusat','SKA','Kota','up3adsurakarta@gmail.com',0,0),('050901','0509','SAMKEL UP3AD Kota Surakarta','UP3AD Kota Surakarta','','Surakarta','0','','','kecil','',NULL,'',0,0),('050902','0509','DRIVE THRU Surakarta','UP3AD Kota Surakarta','','Surakarta','0','','','kecil','',NULL,'',0,0),('050903','0509','Asrama Haji Donohudan','UP3AD Kota Surakarta','','Surakarta','0','','','other',NULL,NULL,'',0,0),('0510','0510','UP3AD Kabupaten Sukoharjo','UP3AD Kabupaten Sukoharjo','Jl. Jaksa Agung R. Suprapto No.9 ','Sukoharjo','0','0271-593145','0271-593145','pusat','SKA','Kabupaten','up3ad.kab.sukoharjo@gmail.com',0,0),('051001','0510','Samkel Kab. Sukoharjo','UP3AD Kabupaten Sukoharjo','','','','','','kecil',NULL,NULL,NULL,0,NULL),('0511','0511','UP3AD Kabupaten Klaten','UP3AD Kabupaten Klaten','','Delanggu','0','','','pusat','SKA','Kabupaten','up3ad.kab.klt.dlg@gmail.com',0,0),('051101','0511','Samsat Pembantu Prambanan','UP3AD Kabupaten Klaten','Jl. Manisrenggo No. 1\r\nDsn. Tlogo Ds. Tlogo, Kec. Prambanan','Prambanan','0','(0274) 496943','(0274) 496943','besar','',NULL,'',0,0),('051102','0511','Samsat Pembantu Delanggu','UP3AD Kabupaten Klaten','','Delanggu','0','','','besar','',NULL,'up3ad.kab.klt.dlg@gmail.com',0,0),('051103','0511','Samsat Keliling Klaten','UP3AD Kabupaten Klaten','','','','','','kecil',NULL,NULL,NULL,0,NULL),('0512','0512','UP3AD Kabupaten Boyolali','UP3AD Kabupaten Boyolali','JL Raya Boyolali-Solo Km. 2  ','Boyolali','0','0276-321412','0276-321412','pusat','SKA','Kabupaten','up3ad_kab_byl@yahoo.co.id',0,0),('051201','0512','SAMKEL UP3AD Kab. Boyolali','UP3AD Kabupaten Boyolali','','Boyolali','0','','','kecil','',NULL,'',0,0),('0513','0513','UP3AD Kabupaten Sragen','UP3AD Kabupaten Sragen','JL.Raya Barat SukowatiI Km. 02 No.17 ','Sragen','0','0271-891260','0271-891260','pusat','SKA','Kabupaten','up3ad.kab.sragen@gmail.com',0,0),('051301','0513','SAMKEL Kab. Sragen','UP3AD Kabupaten Sragen','','','0','','','kecil',NULL,NULL,'',0,0),('051302','0513','SAMSAT PATEN TANON','UP3AD Kabupaten Sragen','','SRAGEN','','','','kecil',NULL,NULL,NULL,0,NULL),('0514','0514','UP3AD Kabupaten Karanganyar','UP3AD Kabupaten Karanganyar','Jl. Lawu No. 389','Karanganyar','0','0271-495121','0271-495121','pusat','SKA','Kabupaten','upppadkabkra@yahoo.co.id',0,0),('051401','0514','SAMKEL Kab. Karanganyar','UP3AD Kabupaten Karanganyar','','','0','','','kecil',NULL,NULL,'',0,0),('0515','0515','UP3AD Kabupaten Wonogiri','UP3AD Kabupaten Wonogiri','Jl. RM. Said','Wonogiri','0','0273-321815','0273-321815','pusat','SKA','Kabupaten','samsat.wng@gmail.com',0,0),('051501','0515','Samsat Pembantu Purwantoro','UP3AD Kabupaten Wonogiri','','Purwantoro','0','','','besar','',NULL,'',0,0),('051502','0515','Samsat Pembantu Baturetno','UP3AD Kabupaten Wonogiri','','Baturetno','0','','','besar','',NULL,'',0,0),('051503','0515','SAMSAT PATEN EROMOKO','UP3AD Kabupaten Wonogiri','','WONOGIRI','','','','kecil',NULL,NULL,NULL,0,NULL),('0516','0516','UP3AD Kabupaten Pati','UP3AD Kabupaten Pati','Jl.Panglima Sudirman No.52 ','Pati','59113','0295-381863','0295-381863','pusat','PT','Kabupaten','up3ad.kab.pati@gmail.com',0,0),('051601','0516','SAMKEL UP3AD Kab. Pati','UP3AD Kabupaten Pati','','Pati','0','','','kecil','',NULL,'',0,0),('051602','0516','SAMSAT Cepat UP3AD Kab. Pati','UP3AD Kabupaten Pati','','Pati','0','','','kecil',NULL,NULL,'',0,0),('0517','0517','UP3AD Kabupaten Kudus','UP3AD Kabupaten Kudus','Jl. Mejobo No. 63','Kudus','59319','0291-438412','0291-438412','pusat','PT','Kabupaten','up3ad.Kab.kudus@gmail.com',0,0),('0518','0518','UP3AD Kabupaten Jepara','UP3AD Kabupaten Jepara','JL. MT. Haryono No. 2 ','Jepara','59418','0291-591402','0291-591402','pusat','PT','Kabupaten','up3ad.kab.jepara@gmail.com',0,0),('051801','0518','SAMSAT Khusus Karimunjawa','UP3AD Kabupaten Jepara','','Karimunjawa','0','','','kecil','',NULL,'',0,0),('051802','0518','SAMKEL Kab. Jepara','UP3AD Kabupaten Jepara','','','0','','','kecil',NULL,NULL,'',0,0),('051803','0518','SAMSAT PATEN MAYONG','UP3AD Kabupaten Jepara','JEPARA','JEPARA','','','','kecil',NULL,NULL,NULL,0,NULL),('0519','0519','UP3AD Kabupaten Rembang','UP3AD Kabupaten Rembang','Jl.Pemuda 90 ','Rembang','59218','0295-691319','0295-691319','pusat','PT','Kabupaten','up3adrembang@gmail.com',0,0),('051901','0519','SAMKEL Kab. Rembang','UP3AD Kabupaten Rembang','','','0','','','kecil',NULL,NULL,'',0,0),('051902','0519','SAMSAT PATEN REMBANG','UP3AD Kabupaten Rembang','','REMBANG','','','','kecil',NULL,NULL,NULL,0,NULL),('0520','0520','UP3AD Kabupaten Blora','UP3AD Kabupaten Blora','Jl Jendral Sudirman No. 108','Blora','58216','0296-531261','0296-531261','pusat','PT','Kabupaten','up3ad.kabblora@gmail.com',0,0),('052001','0520','SAMSAT Pembantu Cepu','UP3AD Kabupaten Blora','JL Pemuda 86','Cepu','0','0296-425305','0296-425305','besar','',NULL,'up3ad.cepu@gmail.com',0,0),('052002','0520','Samsat Keliling Blora','UP3AD Kabupaten Blora','','','','','','kecil',NULL,NULL,NULL,0,0),('052003','0520','SAMSAT PATEN KUNDURAN','UP3AD Kabupaten Blora','','BLORA','','','','kecil',NULL,NULL,NULL,0,NULL),('0521','0521','UP3AD Kota Pekalongan','UP3AD Kota Pekalongan','Jl. Gajahmada Barat No. 25 Tirto','Pekalongan','51119','0285-424337','0285-424337','pusat','PKL','Kota','up3adktpekalongan@gmail.com',0,0),('052101','0521','DRIVE THRU Pekalongan','UP3AD Kota Pekalongan','','Pekalongan','0','','','kecil',NULL,NULL,'',0,0),('0522','0522','UP3AD Kabupaten Pekalongan','UP3AD Kabupaten Pekalongan','Jl. Raya Kajen-Karanganyar Km 2','Kajen','51182','0285-381677','0285-381677','pusat','PKL','Kota','up3ad_kab_pekalongan@yahoo.co.id',0,0),('052201','0522','SAMKEL Kabupaten Pekalongan','UP3AD Kabupaten Pekalongan','UP3AD Kabupaten Pekalongan','Kajen','','','','kecil',NULL,NULL,NULL,0,0),('0523','0523','UP3AD Kabupaten Batang','UP3AD Kabupaten Batang','JL.Urip Sumohardjo No. 15','Batang','51212','0285-391275','0285-391275','pusat','PKL','Kabupaten','up3ad.kab.batang@gmail.com',0,0),('052301','0523','SAMKEL Kab. Batang','UP3AD Kabupaten Batang','','','0','','','kecil',NULL,NULL,'',0,0),('0524','0524','UP3AD Kabupaten Pemalang','UP3AD Kabupaten Pemalang','Jl. Pemuda No. 49','Pemalang','0','0284-321137','0284-321137','pusat','PKL','Kabupaten','samsat.kab.pml@gmail.com',0,0),('052401','0524','SAMKEL UP3AD Kab. Pemalang','UP3AD Kabupaten Pemalang','','Pemalang','0','','','kecil','',NULL,'',0,0),('0525','0525','UP3AD Kota Tegal','UP3AD Kota Tegal','JL. Kapten Sudibyo No. 152','Tegal','52123','0283-353015','0283-353015','pusat','PKL','Kota','up3ad_kotategal@yahoo.co.id',0,0),('0526','0526','UP3AD Kabupaten Tegal','UP3AD Kabupaten Tegal','JL.Cut Nyak Dien Kalisapu','Slawi','5216','0283-6197719','0283-6197719','pusat','PKL','Kota','up3adslawi@gmail.com',0,0),('0527','0527','UP3AD Kabupaten Brebes','UP3AD Kabupaten Brebes','Jl.Gajahmada No.60 ','Brebes','0','0283-671622','0283-671621','pusat','PKL','Kabupaten','up3ad.kab.brebes@gmail.com',0,0),('052701','0527','Samsat Pembantu Bumiayu','UP3AD Kabupaten Brebes','jl.raya pagojengan km2.bumiayu kab.brebes jawa tengah','Bumiayu','52276','0289430104','0289430104','besar','',NULL,'up3ad.brebes.bma@mail.com',0,0),('052702','0527','Samsat Pembantu Tanjung','UP3AD Kabupaten Brebes','Jl. CENDRAWASIH NO.225 TANJUNG BREBES','Tanjung','52154','0283877403','0283877403','besar','',NULL,'',0,0),('052703','0527','SAMSAT PATEN LARANGAN','UP3AD Kabupaten Brebes','JL. RAYA LARANGAN NO 15 KEC. LARANGAN','BREBES','','','','kecil',NULL,NULL,NULL,0,NULL),('0528','0528','UP3AD Kabupaten Banyumas','UP3AD Kabupaten Banyumas','Jl. Prof. Moch. Yamin No. 7','Purwokerto','53142','0281637801','0281631531','pusat','BMS','Kota','bms@gmail.com',0,0),('052801','0528','Samsat Pembantu Wangon','UP3AD Kabupaten Banyumas','','Wangon','0','','','besar','',NULL,'',0,0),('052802','0528','SAMKEL UP3AD Kab. Banyumas (MOBIL)','UP3AD Kabupaten Banyumas','','Purwokerto','0','','','kecil','',NULL,'',0,0),('052803','0528','DRIVE THRU Purwokerto','UP3AD Kabupaten Banyumas','Halaman Gd. BAKORWIL','Purwokerto','0','','','kecil',NULL,NULL,'',0,0),('052804','0528','SAMKEL UP3AD Kab. Banyumas (BUS)','UP3AD Kabupaten Banyumas','','','','','','kecil',NULL,NULL,NULL,0,NULL),('052805','0528','SAMSAT PATEN SOKARAJA','UP3AD Kabupaten Banyumas','PURWOKERTO','BANYUMAS','','','','kecil',NULL,NULL,NULL,0,NULL),('0529','0529','UP3AD Kabupaten Cilacap','UP3AD Kabupaten Cilacap','Jl Kauman No. 11 ','Cilacap','53214','0282-535908','0282-535908','pusat','BMS','Kota','up3ad.kab.cilacap@gmail.com',0,0),('052901','0529','Samsat Pembantu Majenang','UP3AD Kabupaten Cilacap','','Majenang','0','','','besar','',NULL,'',0,0),('052902','0529','SAMKEL Kab. Cilacap','UP3AD Kabupaten Cilacap','','','0','','','kecil',NULL,NULL,'',0,0),('0530','0530','UP3AD Kabupaten Purbalingga','UP3AD Kabupaten Purbalingga','Jl Mayjend Sungkono km.2 Purbalingga','Purbalingga','53371','0281-891277','0281-892765','pusat','BMS','Kota','up3adkabpbg@gmail.com',0,0),('053001','0530','SAMKEL Kab. Purbalingga','UP3AD Kabupaten Purbalingga','','PURBALINGGA','0','','','kecil',NULL,NULL,'',0,0),('053002','0530','SAMSAT PATEN BUKATEJA','UP3AD Kabupaten Purbalingga','','PURBALINGGA','','','','kecil',NULL,NULL,NULL,0,NULL),('0531','0531','UP3AD Kabupaten Banjarnegara','UP3AD Kabupaten Banjarnegara','JL. Letjen S. Parman No. 143','Banjarnegara','53412','0286-591284','0286-591284','pusat','BMS','Kabupaten','up3ad.kab.bna@gmail.com',0,0),('053101','0531','SAMKEL UP3AD Kab. Banjarnegara','UP3AD Kabupaten Banjarnegara','','Banjarnegara','0','','','kecil',NULL,NULL,'',0,0),('0532','0532','UP3AD Kota Magelang','UP3AD Kota Magelang','JL JENDRAL SUDIRMAN NO. 52 MAGELANG  ','Magelang','56126','0293 362493','0293 313279','pusat','MGL','Kota','samsat.kota.mgl@gmail.com',0,0),('053201','0532','DRIVE THRU Magelang','UP3AD Kota Magelang','Halaman Kantor Satlantas Kota Magelang','Magelang','0','','','kecil',NULL,NULL,'',0,0),('0533','0533','UP3AD Kabupaten Magelang','UP3AD Kabupaten Magelang','Jl.Soekarno - Hatta Mungkid','Magelang','56511','0293-788405','0293-788405','pusat','MGL','Kota','up3ad_mungkid@yahoo.com',0,0),('053301','0533','SAMKEL UP3AD Kab. Magelang','UP3AD Kabupaten Magelang','','','0','','','kecil','',NULL,'',0,0),('0534','0534','UP3AD Kabupaten Purworejo','UP3AD Kabupaten Purworejo','jl. jend. sudirman no 17 purworejo','Purworejo','0','0274321466','','pusat','MGL','Kabupaten','up3adpwr@gmail.com',0,0),('053401','0534','Samsat Pembantu Bagelen','UP3AD Kabupaten Purworejo','','Purworejo','54174','0275756306','','besar','',NULL,'up3ad.kab.pwrj.bgl@gmail.com',0,0),('053402','0534','SAMKEL Kab. Purworejo','UP3AD Kabupaten Purworejo','','','0','','','kecil',NULL,NULL,'',0,0),('053403','0534','SAMSAT PATEN Kutoarjo','UP3AD Kabupaten Purworejo','kecamatan Kutoarjo','Purworejo','','','','kecil',NULL,NULL,NULL,0,NULL),('0535','0535','UP3AD Kabupaten Kebumen','UP3AD Kabupaten Kebumen','JL Tentara Pelajar No. 54','Kebumen','54312','0287381490','0287381490','pusat','MGL','Kota','up3adkebumen@yahoo.co.id',0,0),('053501','0535','SAMSAT Cepat Gombong','UP3AD Kabupaten Kebumen','Komplek Bapelkes Gombong\r\nJl. Wilis No. 1','Gombong','0','','','kecil',NULL,NULL,'',0,0),('053502','0535','Samsat Keliling Kebumen','UP3AD Kabupaten Kebumen','','','','','','kecil',NULL,NULL,NULL,0,NULL),('0536','0536','UP3AD Kabupaten Temanggung','UP3AD Kabupaten Temanggung','Jl. Suwandi Suwardi Temanggung','Temanggung','56229','0293491653','0293491653','pusat','MGL','Kota','up3adkabtemanggung@gmail.com',0,0),('053601','0536','SAMKEL Kab. Temanggung','UP3AD Kabupaten Temanggung','','','0','','','kecil',NULL,NULL,'',0,0),('0537','0537','UP3AD Kabupaten Wonosobo','UP3AD Kabupaten Wonosobo','JL. ANGKATAN 45 NO. 1 WONOSOBO','Wonosobo','56311','0286 321264','0286 321264','pusat','MGL','Kota','up3ad.kab.wsb@gmail.com',0,0),('053701','0537','SAMKEL Kab. Wonosobo','UP3AD Kabupaten Wonosobo','','','0','','','kecil',NULL,NULL,'',0,0);

/*Table structure for table `t_bulan` */

DROP TABLE IF EXISTS `t_bulan`;

CREATE TABLE `t_bulan` (
  `id_bulan` char(15) NOT NULL,
  `id_triwulan` char(15) NOT NULL,
  `bulan` char(25) NOT NULL,
  `urutan` smallint(3) NOT NULL,
  `aktif` tinyint(1) NOT NULL DEFAULT '1',
  PRIMARY KEY (`id_bulan`),
  KEY `id_triwulan` (`id_triwulan`),
  KEY `id_bulan` (`id_bulan`,`id_triwulan`),
  CONSTRAINT `t_bulan_ibfk_1` FOREIGN KEY (`id_triwulan`) REFERENCES `t_triwulan` (`id_triwulan`) ON DELETE CASCADE ON UPDATE CASCADE
) ENGINE=InnoDB DEFAULT CHARSET=latin1;

/*Data for the table `t_bulan` */

insert  into `t_bulan`(`id_bulan`,`id_triwulan`,`bulan`,`urutan`,`aktif`) values ('1','01','Januari',1,1),('10','04','Oktober',10,1),('11','04','November',11,1),('12','04','Desember',12,1),('2','01','Februari',2,1),('3','01','Maret',3,1),('4','02','April',4,1),('5','02','Mei',5,1),('6','02','Juni',6,1),('7','03','Juli',7,1),('8','03','Agustus',8,1),('9','03','September',9,1);

/*Table structure for table `t_data_setting_paraf` */

DROP TABLE IF EXISTS `t_data_setting_paraf`;

CREATE TABLE `t_data_setting_paraf` (
  `id_data_setting_paraf` char(15) NOT NULL,
  `id_paraf` char(15) NOT NULL,
  `id_pegawai` char(15) NOT NULL,
  `id_lokasi` char(15) NOT NULL,
  PRIMARY KEY (`id_data_setting_paraf`),
  KEY `id_paraf` (`id_paraf`),
  KEY `id_pegawai` (`id_pegawai`),
  CONSTRAINT `t_data_setting_paraf_ibfk_1` FOREIGN KEY (`id_paraf`) REFERENCES `t_paraf` (`id_paraf`) ON DELETE CASCADE ON UPDATE CASCADE,
  CONSTRAINT `t_data_setting_paraf_ibfk_2` FOREIGN KEY (`id_pegawai`) REFERENCES `t_pegawai` (`id_pegawai`) ON DELETE CASCADE ON UPDATE CASCADE
) ENGINE=InnoDB DEFAULT CHARSET=latin1;

/*Data for the table `t_data_setting_paraf` */

insert  into `t_data_setting_paraf`(`id_data_setting_paraf`,`id_paraf`,`id_pegawai`,`id_lokasi`) values ('14593261931','01rd2d','1459231622','0505'),('14593261932','02rd2d','1459138253','0505'),('14593288171','01rd2d','1459312248','0504'),('14593288172','02rd2d','1459312959','0504'),('14593339841','01rd2d','1459333221','0528'),('14593339842','02rd2d','1459333959','0528'),('14593398091','01rd2d','1459144010','0536'),('14593398092','02rd2d','1459143920','0536'),('14593410701','01rd2d','1459243212','0518'),('14593410702','02rd2d','1459243553','0518'),('14593441901','01rd2d','1459217365','0511'),('14593441902','02rd2d','1459217512','0511'),('14593511341','01rd2d','1459311275','0502'),('14593511342','02rd2d','1459311627','0502'),('14593832261','01rd2d','1459135671','0513'),('14593832262','02rd2d','1459135533','0513'),('14593835021','01rd2d','1459225379','0520'),('14593835022','02rd2d','1459311414','0520'),('14593842321','01rd2d','1459150412','0537'),('14593842322','02rd2d','1459149902','0537'),('14593860601','01rd2d','1459384859','0533'),('14593860602','02rd2d','1459385512','0533'),('14593925021','01rd2d','1459389120','0532'),('14593925022','02rd2d','1459389358','0532'),('14594005761','01rd2d','1459319307','0501'),('14594005762','02rd2d','1459238744','0501');

/*Table structure for table `t_jabatan` */

DROP TABLE IF EXISTS `t_jabatan`;

CREATE TABLE `t_jabatan` (
  `id_jabatan` char(5) NOT NULL,
  `jabatan` char(25) NOT NULL,
  `non_asn` tinyint(1) NOT NULL DEFAULT '0',
  `aktif` tinyint(1) NOT NULL DEFAULT '1',
  PRIMARY KEY (`id_jabatan`)
) ENGINE=InnoDB DEFAULT CHARSET=latin1;

/*Data for the table `t_jabatan` */

insert  into `t_jabatan`(`id_jabatan`,`jabatan`,`non_asn`,`aktif`) values ('e1','Eselon I',0,1),('e2','Eselon II',0,1),('e3','Eselon III',0,1),('e4','Eselon IV',0,1),('s','Staff',1,1);

/*Table structure for table `t_master_aplikasi` */

DROP TABLE IF EXISTS `t_master_aplikasi`;

CREATE TABLE `t_master_aplikasi` (
  `id_master` char(5) NOT NULL,
  `site` char(100) NOT NULL,
  `site_singkat` char(25) NOT NULL,
  `nama_perusahaan` varchar(100) NOT NULL,
  `alamat_perusahaan` text NOT NULL,
  `kota` char(50) NOT NULL,
  `no_telp` char(50) NOT NULL,
  `nama_pemilik` varchar(100) NOT NULL,
  `slogan` varchar(100) DEFAULT NULL,
  `logo` varchar(100) DEFAULT NULL,
  `aktif` tinyint(1) NOT NULL DEFAULT '0',
  PRIMARY KEY (`id_master`)
) ENGINE=InnoDB DEFAULT CHARSET=latin1;

/*Data for the table `t_master_aplikasi` */

insert  into `t_master_aplikasi`(`id_master`,`site`,`site_singkat`,`nama_perusahaan`,`alamat_perusahaan`,`kota`,`no_telp`,`nama_pemilik`,`slogan`,`logo`,`aktif`) values ('1','Aplikasi Pembukuan dan Pelaporan Dinas PPAD Provinsi Jawa Tengah','APP DPPAD JATENG','KLINIK KECANTIKAN','Jl.','BREBES','024','Dr.','None',NULL,1);

/*Table structure for table `t_menu_akses` */

DROP TABLE IF EXISTS `t_menu_akses`;

CREATE TABLE `t_menu_akses` (
  `id_menu_akses` char(5) NOT NULL,
  `id_parent` char(5) NOT NULL,
  `sub` tinyint(1) NOT NULL DEFAULT '0',
  `menu` char(50) NOT NULL,
  `module` char(100) DEFAULT NULL,
  `dipilih` tinyint(1) NOT NULL DEFAULT '1',
  `ikon` char(50) DEFAULT NULL,
  `aktif` tinyint(1) NOT NULL DEFAULT '1',
  `pusat` tinyint(1) NOT NULL DEFAULT '0',
  `daerah` tinyint(1) NOT NULL DEFAULT '0',
  PRIMARY KEY (`id_menu_akses`)
) ENGINE=InnoDB DEFAULT CHARSET=latin1;

/*Data for the table `t_menu_akses` */

insert  into `t_menu_akses`(`id_menu_akses`,`id_parent`,`sub`,`menu`,`module`,`dipilih`,`ikon`,`aktif`,`pusat`,`daerah`) values ('','',0,'',NULL,1,NULL,1,1,0),('1','0',0,'Home','',0,'fa fa-home',1,0,0),('2','0',1,'Pengaturan',NULL,1,'fa fa-wrench',1,1,0),('21','2',0,'Pengguna','dtusers',1,'fa fa-circle-o',1,1,0),('22','2',0,'Tahun Anggaran','setanggaran',1,'fa fa-circle-o',1,1,0),('23','2',0,'Target Pelayanan PD','targetpelypd',1,'fa fa-circle-o',1,1,1),('24','2',0,'Target Pengiriman Dok. D2D','settarget',1,'fa fa-circle-o',1,1,0),('25','2',0,'Pengaturan Pejabat','setparaf',1,'fa fa-circle-o',1,1,1),('3','0',1,'Management Pegawai',NULL,1,'fa fa-users',1,1,1),('31','3',0,'Data Pegawai','datapegawai',1,'fa fa-circle-o',1,1,1),('32','3',0,'Mutasi','dtmutasi',1,'fa fa-circle-o',1,1,1),('32x','3',0,'Riwayat Lokasi Pegawai','history_pegawai',1,'fa fa-circle-o',0,1,1),('4','0',1,'Rekam Data',NULL,1,'fa fa-edit',1,1,1),('41','4',0,'Obyek Pemungutan PD','pungutpd',1,'fa fa-circle-o',1,1,1),('42','4',0,'Pengiriman Dok. D2D','inputresume',1,'fa fa-circle-o',1,1,1),('5','0',1,'Pelaporan',NULL,1,'fa fa-file',1,1,1),('51','5',0,'Rekap Pengiriman Dok. D2D','rekapupad',1,'fa fa-circle-o',1,1,1),('52','5',0,'Rekap Obyek Pemungutan PD','onprogress',1,'fa fa-circle-o',1,1,1),('53','5',0,'Resume D2D per UP3AD','resumed2d',1,'fa fa-circle-o',1,1,1);

/*Table structure for table `t_mutasi` */

DROP TABLE IF EXISTS `t_mutasi`;

CREATE TABLE `t_mutasi` (
  `id_mutasi` char(15) NOT NULL,
  `id_pegawai` char(15) NOT NULL,
  `id_lokasi` char(15) NOT NULL,
  `id_homebase` char(15) NOT NULL,
  `lokasi_lain` char(100) DEFAULT NULL,
  `id_jabatan` char(15) NOT NULL,
  `sk` char(100) DEFAULT NULL,
  `no_sk` char(50) DEFAULT NULL,
  `tgl_sk` date NOT NULL,
  `tgl_mulai` date NOT NULL,
  `aktif` tinyint(1) NOT NULL DEFAULT '0',
  `id_user` char(15) NOT NULL,
  `update_akhir` datetime NOT NULL,
  PRIMARY KEY (`id_mutasi`),
  KEY `id_pegawai` (`id_pegawai`),
  KEY `id_jabatan` (`id_jabatan`),
  CONSTRAINT `t_mutasi_ibfk_1` FOREIGN KEY (`id_pegawai`) REFERENCES `t_pegawai` (`id_pegawai`) ON DELETE CASCADE ON UPDATE CASCADE,
  CONSTRAINT `t_mutasi_ibfk_2` FOREIGN KEY (`id_jabatan`) REFERENCES `t_jabatan` (`id_jabatan`) ON DELETE CASCADE ON UPDATE CASCADE
) ENGINE=InnoDB DEFAULT CHARSET=latin1;

/*Data for the table `t_mutasi` */

insert  into `t_mutasi`(`id_mutasi`,`id_pegawai`,`id_lokasi`,`id_homebase`,`lokasi_lain`,`id_jabatan`,`sk`,`no_sk`,`tgl_sk`,`tgl_mulai`,`aktif`,`id_user`,`update_akhir`) values ('145913513199','1459135131','0513','0513',NULL,'e4',NULL,NULL,'2016-01-01','2016-01-01',1,'1459134128','2016-03-28 10:18:51'),('145913525699','1459135256','0513','0513',NULL,'e4',NULL,NULL,'2016-01-01','2016-01-01',1,'1459134128','2016-03-28 10:20:56'),('145913534999','1459135349','0513','0513',NULL,'e4',NULL,NULL,'2016-01-01','2016-01-01',1,'1459134128','2016-03-28 10:22:29'),('145913544399','1459135443','0513','0513',NULL,'e4',NULL,NULL,'2016-01-01','2016-01-01',1,'1459134128','2016-03-28 10:24:03'),('145913553399','1459135533','0513','0513',NULL,'e4',NULL,NULL,'2016-01-01','2016-01-01',1,'1459134128','2016-03-28 10:25:33'),('145913567199','1459135671','0513','0513',NULL,'e3',NULL,NULL,'2016-01-01','2016-01-01',1,'1459134128','2016-03-30 14:38:00'),('145913825399','1459138253','0505','0505',NULL,'e4',NULL,NULL,'2016-01-01','2016-01-01',1,'1459136436','2016-03-29 13:07:21'),('145913973399','1459139733','0505','0505',NULL,'e4',NULL,NULL,'2016-01-01','2016-01-01',1,'1459136436','2016-03-28 11:35:33'),('145913983599','1459139835','0505','0505',NULL,'s',NULL,NULL,'2016-01-01','2016-01-01',1,'1459136436','2016-03-28 11:37:15'),('145913989399','1459139893','0505','0505',NULL,'e4',NULL,NULL,'2016-01-01','2016-01-01',1,'1459136436','2016-03-28 11:38:13'),('145913995999','1459139959','0505','0505',NULL,'e4',NULL,NULL,'2016-01-01','2016-01-01',1,'1459136436','2016-03-28 11:39:19'),('145914067699','1459140676','0505','0505',NULL,'s',NULL,NULL,'2016-01-01','2016-01-01',1,'1459136436','2016-03-28 11:51:16'),('145914098899','1459140988','0505','0505',NULL,'s',NULL,NULL,'2016-01-01','2016-01-01',1,'1459136436','2016-03-28 11:56:28'),('145914111099','1459141110','0505','0505',NULL,'s',NULL,NULL,'2016-01-01','2016-01-01',1,'1459136436','2016-03-28 11:58:30'),('145914254599','1459142545','0505','0505',NULL,'s',NULL,NULL,'2016-01-01','2016-01-01',1,'1459136436','2016-03-28 12:22:25'),('145914264899','1459142648','0505','0505',NULL,'s',NULL,NULL,'2016-01-01','2016-01-01',1,'1459136436','2016-03-28 12:24:08'),('145914272099','1459142720','0505','0505',NULL,'s',NULL,NULL,'2016-01-01','2016-01-01',1,'1459136436','2016-03-28 12:25:20'),('145914289199','1459142891','0505','0505',NULL,'s',NULL,NULL,'2016-01-01','2016-01-01',1,'1459136436','2016-03-28 12:28:11'),('145914298399','1459142983','0505','0505',NULL,'s',NULL,NULL,'2016-01-01','2016-01-01',1,'1459136436','2016-03-28 12:29:43'),('145914310799','1459143107','0505','0505',NULL,'s',NULL,NULL,'2016-01-01','2016-01-01',1,'1459136436','2016-03-28 12:31:47'),('145914392099','1459143920','0536','0536',NULL,'e4',NULL,NULL,'2016-01-01','2016-01-01',1,'1459143349','2016-03-28 12:45:20'),('145914401099','1459144010','0536','0536',NULL,'e3',NULL,NULL,'2016-01-01','2016-01-01',1,'1459143349','2016-03-28 12:46:50'),('145914421599','1459144215','0536','0536',NULL,'e4',NULL,NULL,'2016-01-01','2016-01-01',1,'1459143349','2016-03-28 12:50:15'),('145914434699','1459144346','0536','0536',NULL,'e4',NULL,NULL,'2016-01-01','2016-01-01',1,'1459143349','2016-03-28 12:52:26'),('145914445699','1459144456','0536','0536',NULL,'e4',NULL,NULL,'2016-01-01','2016-01-01',1,'1459143349','2016-03-28 12:54:16'),('145914456099','1459144560','0536','0536',NULL,'e4',NULL,NULL,'2016-01-01','2016-01-01',1,'1459143349','2016-03-28 12:56:00'),('145914464499','1459144644','0536','0536',NULL,'s',NULL,NULL,'2016-01-01','2016-01-01',1,'1459143349','2016-03-28 12:57:24'),('145914472399','1459144723','0536','0536',NULL,'s',NULL,NULL,'2016-01-01','2016-01-01',1,'1459143349','2016-03-28 12:58:43'),('145914483599','1459144835','0536','0536',NULL,'s',NULL,NULL,'2016-01-01','2016-01-01',1,'1459143349','2016-03-28 13:00:35'),('145914490999','1459144909','0536','0536',NULL,'s',NULL,NULL,'2016-01-01','2016-01-01',1,'1459143349','2016-03-28 13:01:49'),('145914497499','1459144974','0536','0536',NULL,'s',NULL,NULL,'2016-01-01','2016-01-01',1,'1459143349','2016-03-28 13:02:54'),('145914503999','1459145039','0536','0536',NULL,'s',NULL,NULL,'2016-01-01','2016-01-01',1,'1459143349','2016-03-28 13:03:59'),('145914510899','1459145108','0536','0536',NULL,'s',NULL,NULL,'2016-01-01','2016-01-01',1,'1459143349','2016-03-28 13:05:08'),('145914519799','1459145197','0536','0536',NULL,'s',NULL,NULL,'2016-01-01','2016-01-01',1,'1459143349','2016-03-28 13:06:37'),('145914526599','1459145265','0536','0536',NULL,'s',NULL,NULL,'2016-01-01','2016-01-01',1,'1459143349','2016-03-28 13:07:45'),('145914532999','1459145329','0536','0536',NULL,'s',NULL,NULL,'2016-01-01','2016-01-01',1,'1459143349','2016-03-28 13:08:49'),('145914963999','1459149639','0513','0513',NULL,'s',NULL,NULL,'2016-01-01','2016-01-01',1,'1459134128','2016-03-28 14:20:39'),('145914974399','1459149743','0537','0537',NULL,'e4',NULL,NULL,'2016-01-01','2016-01-01',1,'1459133423','2016-03-28 14:22:23'),('145914974499','1459149744','0513','0513',NULL,'s',NULL,NULL,'2016-01-01','2016-01-01',1,'1459134128','2016-03-28 14:22:24'),('145914980699','1459149806','0537','0537',NULL,'e4',NULL,NULL,'2016-01-01','2016-01-01',1,'1459133423','2016-03-28 14:23:26'),('145914980899','1459149808','0513','0513',NULL,'s',NULL,NULL,'2016-01-01','2016-01-01',1,'1459134128','2016-03-28 14:23:28'),('145914986799','1459149867','0537','0537',NULL,'e4',NULL,NULL,'2016-01-01','2016-01-01',1,'1459133423','2016-03-28 14:24:27'),('145914990299','1459149902','0537','0537',NULL,'e4',NULL,NULL,'2016-01-01','2016-01-01',1,'1459133423','2016-03-28 14:25:02'),('145914991599','1459149915','0513','0513',NULL,'s',NULL,NULL,'2016-01-01','2016-01-01',1,'1459134128','2016-03-28 14:25:15'),('145914996199','1459149961','0537','0537',NULL,'e4',NULL,NULL,'2016-01-01','2016-01-01',1,'1459133423','2016-03-28 14:26:01'),('145914996799','1459149967','0513','0513',NULL,'s',NULL,NULL,'2016-01-01','2016-01-01',1,'1459134128','2016-03-28 14:26:07'),('145915001999','1459150019','0537','0537',NULL,'s',NULL,NULL,'2016-01-01','2016-01-01',1,'1459133423','2016-03-28 14:26:59'),('145915002999','1459150029','0513','0513',NULL,'s',NULL,NULL,'2016-01-01','2016-01-01',1,'1459134128','2016-03-28 14:27:09'),('145915008099','1459150080','0513','0513',NULL,'s',NULL,NULL,'2016-01-01','2016-01-01',1,'1459134128','2016-03-28 14:28:00'),('145915010099','1459150100','0537','0537',NULL,'s',NULL,NULL,'2016-01-01','2016-01-01',1,'1459133423','2016-03-28 14:28:20'),('145915015999','1459150159','0513','0513',NULL,'s',NULL,NULL,'2016-01-01','2016-01-01',1,'1459134128','2016-03-28 14:29:19'),('145915017299','1459150172','0537','0537',NULL,'s',NULL,NULL,'2016-01-01','2016-01-01',1,'1459133423','2016-03-28 14:29:32'),('145915021199','1459150211','0513','0513',NULL,'s',NULL,NULL,'2016-01-01','2016-01-01',1,'1459134128','2016-03-28 14:30:11'),('145915023099','1459150230','0537','0537',NULL,'s',NULL,NULL,'2016-01-01','2016-01-01',1,'1459133423','2016-03-28 14:30:30'),('145915028199','1459150281','0537','0537',NULL,'s',NULL,NULL,'2016-01-01','2016-01-01',1,'1459133423','2016-03-28 14:31:21'),('145915028799','1459150287','0513','0513',NULL,'s',NULL,NULL,'2016-01-01','2016-01-01',1,'1459134128','2016-03-28 14:31:27'),('145915031899','1459150318','0537','0537',NULL,'s',NULL,NULL,'2016-01-01','2016-01-01',1,'1459133423','2016-03-28 14:31:58'),('145915032699','1459150326','0513','0513',NULL,'s',NULL,NULL,'2016-01-01','2016-01-01',1,'1459134128','2016-03-28 14:32:06'),('145915035899','1459150358','0537','0537',NULL,'s',NULL,NULL,'2016-01-01','2016-01-01',1,'1459133423','2016-03-28 14:32:38'),('145915041299','1459150412','0537','0537',NULL,'e3',NULL,NULL,'2016-01-01','2016-01-01',1,'1459133423','2016-03-28 14:33:32'),('145915043999','1459150439','0513','0513',NULL,'s',NULL,NULL,'2016-01-01','2016-01-01',1,'1459134128','2016-03-28 14:33:59'),('145915046099','1459150460','0513','0513',NULL,'s',NULL,NULL,'2016-01-01','2016-01-01',1,'1459134128','2016-03-28 14:34:20'),('145915261599','1459152615','0510','0510',NULL,'e4',NULL,NULL,'2016-01-01','2016-01-01',1,'1459152004','2016-03-28 15:10:15'),('145915277899','1459152778','0514','0514',NULL,'e3',NULL,NULL,'2016-01-01','2016-01-01',1,'1459150862','2016-03-28 15:12:58'),('145915424599','1459154245','0514','0514',NULL,'e4',NULL,NULL,'2016-01-01','2016-01-01',1,'1459150862','2016-03-28 15:37:25'),('145915426699','1459154266','0505','0505',NULL,'s',NULL,NULL,'2016-01-01','2016-01-01',1,'1459136436','2016-03-28 15:37:46'),('145915428299','1459154282','0514','0514',NULL,'e4',NULL,NULL,'2016-01-01','2016-01-01',1,'1459150862','2016-03-28 15:38:02'),('145915433999','1459154339','0514','0514',NULL,'e4',NULL,NULL,'2016-01-01','2016-01-01',1,'1459150862','2016-03-28 15:38:59'),('145915440999','1459154409','0514','0514',NULL,'e4',NULL,NULL,'2016-01-01','2016-01-01',1,'1459150862','2016-03-28 15:40:09'),('145915444499','1459154444','0514','0514',NULL,'e4',NULL,NULL,'2016-01-01','2016-01-01',1,'1459150862','2016-03-28 15:40:44'),('145915448599','1459154485','0514','0514',NULL,'s',NULL,NULL,'2016-01-01','2016-01-01',1,'1459150862','2016-03-28 15:41:25'),('145915451399','1459154513','0514','0514',NULL,'s',NULL,NULL,'2016-01-01','2016-01-01',1,'1459150862','2016-03-28 15:41:53'),('145915454899','1459154548','0514','0514',NULL,'s',NULL,NULL,'2016-01-01','2016-01-01',1,'1459150862','2016-03-28 15:42:28'),('145915459299','1459154592','0514','0514',NULL,'s',NULL,NULL,'2016-01-01','2016-01-01',1,'1459150862','2016-03-28 15:43:12'),('145915462899','1459154628','0514','0514',NULL,'s',NULL,NULL,'2016-01-01','2016-01-01',1,'1459150862','2016-03-28 15:43:48'),('145915467499','1459154674','0514','0514',NULL,'s',NULL,NULL,'2016-01-01','2016-01-01',1,'1459150862','2016-03-28 15:44:34'),('145915470699','1459154706','0514','0514',NULL,'s',NULL,NULL,'2016-01-01','2016-01-01',1,'1459150862','2016-03-28 15:45:06'),('145915476499','1459154764','0514','0514',NULL,'s',NULL,NULL,'2016-01-01','2016-01-01',1,'1459150862','2016-03-28 15:46:04'),('145915480999','1459154809','0514','0514',NULL,'s',NULL,NULL,'2016-01-01','2016-01-01',1,'1459150862','2016-03-28 15:46:49'),('145915484899','1459154848','0514','0514',NULL,'s',NULL,NULL,'2016-01-01','2016-01-01',1,'1459150862','2016-03-28 15:47:28'),('145915489199','1459154891','0514','0514',NULL,'s',NULL,NULL,'2016-01-01','2016-01-01',1,'1459150862','2016-03-28 15:48:11'),('145915491799','1459154917','0514','0514',NULL,'s',NULL,NULL,'2016-01-01','2016-01-01',1,'1459150862','2016-03-28 15:48:37'),('145915493799','1459154937','0514','0514',NULL,'s',NULL,NULL,'2016-01-01','2016-01-01',1,'1459150862','2016-03-28 15:48:57'),('145915495399','1459154953','0514','0514',NULL,'s',NULL,NULL,'2016-01-01','2016-01-01',1,'1459150862','2016-03-28 15:49:13'),('145915809699','1459158096','0502','05',NULL,'e3',NULL,NULL,'2016-01-01','2016-01-01',1,'1459303853','2016-03-31 11:08:13'),('145915813599','1459158135','0502','05',NULL,'s',NULL,NULL,'2016-01-01','2016-01-01',1,'1459136279','2016-03-28 16:42:15'),('145916658499','1459166584','0502','05',NULL,'s',NULL,NULL,'2016-01-01','2016-01-01',1,'1459136279','2016-03-28 19:03:04'),('145917315199','1459173151','0502','05',NULL,'s',NULL,NULL,'2016-01-01','2016-01-01',1,'1459136279','2016-03-28 20:52:31'),('145917333499','1459173334','0502','05',NULL,'s',NULL,NULL,'2016-01-01','2016-01-01',1,'1459136279','2016-03-28 20:55:34'),('145921195499','1459211954','0523','0523',NULL,'e3',NULL,NULL,'2016-01-01','2016-01-01',1,'1459150457','2016-03-29 12:04:49'),('145921212399','1459212123','0523','0523',NULL,'e4',NULL,NULL,'2016-01-01','2016-01-01',1,'1459150457','2016-03-29 07:42:03'),('145921223299','1459212232','0523','0523',NULL,'e4',NULL,NULL,'2016-01-01','2016-01-01',1,'1459150457','2016-03-29 07:43:52'),('145921232699','1459212326','0523','0523',NULL,'e4',NULL,NULL,'2016-01-01','2016-01-01',1,'1459150457','2016-03-29 07:45:26'),('145921284299','1459212842','0523','0523',NULL,'e4',NULL,NULL,'2016-01-01','2016-01-01',1,'1459150457','2016-03-29 07:54:02'),('145921317299','1459213172','0523','0523',NULL,'e4',NULL,NULL,'2016-01-01','2016-01-01',1,'1459150457','2016-03-29 07:59:32'),('145921329399','1459213293','0523','0523',NULL,'s',NULL,NULL,'2016-01-01','2016-01-01',1,'1459150457','2016-03-29 08:01:33'),('145921347799','1459213477','0523','0523',NULL,'s',NULL,NULL,'2016-01-01','2016-01-01',1,'1459150457','2016-03-29 11:12:25'),('145921355599','1459213555','0523','0523',NULL,'s',NULL,NULL,'2016-01-01','2016-01-01',1,'1459150457','2016-03-29 08:05:55'),('145921362399','1459213623','0523','0523',NULL,'s',NULL,NULL,'2016-01-01','2016-01-01',1,'1459150457','2016-03-29 08:07:03'),('145921370799','1459213707','0523','0523',NULL,'s',NULL,NULL,'2016-01-01','2016-01-01',1,'1459150457','2016-03-29 08:08:27'),('145921376999','1459213769','0523','0523',NULL,'s',NULL,NULL,'2016-01-01','2016-01-01',1,'1459150457','2016-03-29 08:09:29'),('145921393499','1459213934','0523','0523',NULL,'s',NULL,NULL,'2016-01-01','2016-01-01',1,'1459150457','2016-03-29 11:23:39'),('145921399899','1459213998','0523','0523',NULL,'s',NULL,NULL,'2016-01-01','2016-01-01',1,'1459150457','2016-03-29 08:13:18'),('145921412899','1459214128','0525','0525',NULL,'e3',NULL,NULL,'2016-01-01','2016-01-01',1,'1459213035','2016-03-29 08:15:28'),('145921422599','1459214225','0525','0525',NULL,'e4',NULL,NULL,'2016-01-01','2016-01-01',1,'1459213035','2016-03-29 08:17:05'),('145921431999','1459214319','0525','0525',NULL,'e4',NULL,NULL,'2016-01-01','2016-01-01',1,'1459213035','2016-03-29 08:19:28'),('145921446499','1459214464','0525','0525',NULL,'e4',NULL,NULL,'2016-01-01','2016-01-01',1,'1459213035','2016-03-29 08:21:04'),('145921455299','1459214552','0525','0525',NULL,'e4',NULL,NULL,'2016-01-01','2016-01-01',1,'1459213035','2016-03-29 08:22:32'),('145921460199','1459214601','0525','0525',NULL,'e4',NULL,NULL,'2016-01-01','2016-01-01',1,'1459213035','2016-03-29 08:23:21'),('145921467799','1459214677','0525','0525',NULL,'s',NULL,NULL,'2016-01-01','2016-01-01',1,'1459213035','2016-03-29 08:24:37'),('145921473599','1459214735','0525','0525',NULL,'s',NULL,NULL,'2016-01-01','2016-01-01',1,'1459213035','2016-03-29 08:25:35'),('145921478599','1459214785','0525','0525',NULL,'s',NULL,NULL,'2016-01-01','2016-01-01',1,'1459213035','2016-03-29 08:26:25'),('145921484099','1459214840','0525','0525',NULL,'s',NULL,NULL,'2016-01-01','2016-01-01',1,'1459213035','2016-03-29 08:27:20'),('145921487899','1459214878','0525','0525',NULL,'s',NULL,NULL,'2016-01-01','2016-01-01',1,'1459213035','2016-03-29 08:27:58'),('145921494399','1459214943','0525','0525',NULL,'s',NULL,NULL,'2016-01-01','2016-01-01',1,'1459213035','2016-03-29 08:29:03'),('145921574999','1459215749','0531','0531',NULL,'e3',NULL,NULL,'2016-01-01','2016-01-01',1,'1459213265','2016-03-29 08:42:29'),('145921601199','1459216011','0531','0531',NULL,'e4',NULL,NULL,'2016-01-01','2016-01-01',1,'1459213265','2016-03-29 08:46:51'),('145921634199','1459216341','0531','0531',NULL,'e4',NULL,NULL,'2016-01-01','2016-01-01',1,'1459213265','2016-03-29 08:52:21'),('145921646499','1459216464','0531','0531',NULL,'e4',NULL,NULL,'2016-01-01','2016-01-01',1,'1459213265','2016-03-29 08:54:24'),('145921659499','1459216594','0531','0531',NULL,'e4',NULL,NULL,'2016-01-01','2016-01-01',1,'1459213265','2016-03-29 08:56:34'),('145921736599','1459217365','0511','0511',NULL,'e3',NULL,NULL,'2016-01-01','2016-01-01',1,'1459152424','2016-03-29 09:42:32'),('145921743999','1459217439','0531','0531',NULL,'e4',NULL,NULL,'2016-01-01','2016-01-01',1,'1459213265','2016-03-29 09:10:39'),('145921744399','1459217443','0511','0511',NULL,'e4',NULL,NULL,'2016-01-01','2016-01-01',1,'1459152424','2016-03-29 09:10:43'),('145921750499','1459217504','0531','0531',NULL,'s',NULL,NULL,'2016-01-01','2016-01-01',1,'1459213265','2016-03-29 09:11:44'),('145921751299','1459217512','0511','0511',NULL,'e4',NULL,NULL,'2016-01-01','2016-01-01',1,'1459152424','2016-03-29 09:11:52'),('145921756599','1459217565','0531','0531',NULL,'s',NULL,NULL,'2016-01-01','2016-01-01',1,'1459213265','2016-03-29 09:12:45'),('145921757099','1459217570','0511','0511',NULL,'e4',NULL,NULL,'2016-01-01','2016-01-01',1,'1459152424','2016-03-29 09:12:50'),('145921761699','1459217616','0531','0531',NULL,'s',NULL,NULL,'2016-01-01','2016-01-01',1,'1459213265','2016-03-29 09:13:36'),('145921762899','1459217628','0511','0511',NULL,'e4',NULL,NULL,'2016-01-01','2016-01-01',1,'1459152424','2016-03-29 09:13:48'),('145921771499','1459217714','0511','0511',NULL,'e4',NULL,NULL,'2016-01-01','2016-01-01',1,'1459152424','2016-03-29 09:15:14'),('145921776599','1459217765','0511','0511',NULL,'s',NULL,NULL,'2016-01-01','2016-01-01',1,'1459152424','2016-03-29 09:16:05'),('145921810699','1459218106','0511','0511',NULL,'s',NULL,NULL,'2016-01-01','2016-01-01',1,'1459152424','2016-03-29 09:21:46'),('145921818499','1459218184','0511','0511',NULL,'s',NULL,NULL,'2016-01-01','2016-01-01',1,'1459152424','2016-03-29 09:23:04'),('145921824299','1459218242','0511','0511',NULL,'s',NULL,NULL,'2016-01-01','2016-01-01',1,'1459152424','2016-03-29 09:24:02'),('145921836399','1459218363','0511','0511',NULL,'s',NULL,NULL,'2016-01-01','2016-01-01',1,'1459152424','2016-03-29 09:26:03'),('145921844999','1459218449','0511','0511',NULL,'s',NULL,NULL,'2016-01-01','2016-01-01',1,'1459152424','2016-03-29 09:27:29'),('145921857699','1459218576','0511','0511',NULL,'s',NULL,NULL,'2016-01-01','2016-01-01',1,'1459152424','2016-03-29 09:29:36'),('145921858699','1459218586','0531','0531',NULL,'s',NULL,NULL,'2016-01-01','2016-01-01',1,'1459213265','2016-03-29 09:29:46'),('145921864499','1459218644','0531','0531',NULL,'s',NULL,NULL,'2016-01-01','2016-01-01',1,'1459213265','2016-03-29 09:30:44'),('145921865799','1459218657','0511','0511',NULL,'s',NULL,NULL,'2016-01-01','2016-01-01',1,'1459152424','2016-03-29 09:30:57'),('145921871499','1459218714','0511','0511',NULL,'s',NULL,NULL,'2016-01-01','2016-01-01',1,'1459152424','2016-03-29 09:31:54'),('145921876699','1459218766','0511','0511',NULL,'s',NULL,NULL,'2016-01-01','2016-01-01',1,'1459152424','2016-03-29 09:32:46'),('145921876799','1459218767','0531','0531',NULL,'s',NULL,NULL,'2016-01-01','2016-01-01',1,'1459213265','2016-03-29 09:32:47'),('145921881199','1459218811','0511','0511',NULL,'s',NULL,NULL,'2016-01-01','2016-01-01',1,'1459152424','2016-03-29 09:33:31'),('145921885699','1459218856','0511','0511',NULL,'s',NULL,NULL,'2016-01-01','2016-01-01',1,'1459152424','2016-03-29 09:34:16'),('145921890999','1459218909','0511','0511',NULL,'s',NULL,NULL,'2016-01-01','2016-01-01',1,'1459152424','2016-03-29 09:35:09'),('145921895099','1459218950','0511','0511',NULL,'s',NULL,NULL,'2016-01-01','2016-01-01',1,'1459152424','2016-03-29 09:35:50'),('145921896199','1459218961','0535','0535',NULL,'e3',NULL,NULL,'2016-01-01','2016-01-01',1,'1459130999','2016-03-29 09:49:46'),('145921900699','1459219006','0511','0511',NULL,'s',NULL,NULL,'2016-01-01','2016-01-01',1,'1459152424','2016-03-29 09:36:46'),('145921901799','1459219017','0535','0535',NULL,'e4',NULL,NULL,'2016-01-01','2016-01-01',1,'1459130999','2016-03-29 09:36:57'),('145921904899','1459219048','0511','0511',NULL,'s',NULL,NULL,'2016-01-01','2016-01-01',1,'1459152424','2016-03-29 09:37:28'),('145921908299','1459219082','0535','0535',NULL,'e4',NULL,NULL,'2016-01-01','2016-01-01',1,'1459130999','2016-03-29 09:38:02'),('145921910299','1459219102','0511','0511',NULL,'s',NULL,NULL,'2016-01-01','2016-01-01',1,'1459152424','2016-03-29 09:38:22'),('145921914099','1459219140','0535','0535',NULL,'e4',NULL,NULL,'2016-01-01','2016-01-01',1,'1459130999','2016-03-29 09:39:00'),('145921915699','1459219156','0511','0511',NULL,'s',NULL,NULL,'2016-01-01','2016-01-01',1,'1459152424','2016-03-29 09:39:16'),('145921920499','1459219204','0511','0511',NULL,'s',NULL,NULL,'2016-01-01','2016-01-01',1,'1459152424','2016-03-29 09:40:04'),('145921923499','1459219234','0535','0535',NULL,'s',NULL,NULL,'2016-01-01','2016-01-01',1,'1459130999','2016-03-29 09:40:34'),('145921925199','1459219251','0511','0511',NULL,'s',NULL,NULL,'2016-01-01','2016-01-01',1,'1459152424','2016-03-29 09:40:51'),('145921927899','1459219278','0535','0535',NULL,'s',NULL,NULL,'2016-01-01','2016-01-01',1,'1459130999','2016-03-29 09:41:18'),('145921931999','1459219319','0511','0511',NULL,'s',NULL,NULL,'2016-01-01','2016-01-01',1,'1459152424','2016-03-29 09:43:38'),('145921932399','1459219323','0535','0535',NULL,'s',NULL,NULL,'2016-01-01','2016-01-01',1,'1459130999','2016-03-29 09:42:03'),('145921940299','1459219402','0535','0535',NULL,'s',NULL,NULL,'2016-01-01','2016-01-01',1,'1459130999','2016-03-29 09:43:22'),('145921944299','1459219442','0535','0535',NULL,'s',NULL,NULL,'2016-01-01','2016-01-01',1,'1459130999','2016-03-29 09:44:02'),('145921946899','1459219468','0531','0531',NULL,'s',NULL,NULL,'2016-01-01','2016-01-01',1,'1459213265','2016-03-29 09:44:28'),('145921952099','1459219520','0531','0531',NULL,'s',NULL,NULL,'2016-01-01','2016-01-01',1,'1459213265','2016-03-29 09:45:20'),('145921954099','1459219540','0535','0535',NULL,'s',NULL,NULL,'2016-01-01','2016-01-01',1,'1459130999','2016-03-29 09:45:40'),('145921957799','1459219577','0531','0531',NULL,'s',NULL,NULL,'2016-01-01','2016-01-01',1,'1459213265','2016-03-29 09:46:17'),('145921960299','1459219602','0535','0535',NULL,'s',NULL,NULL,'2016-01-01','2016-01-01',1,'1459130999','2016-03-29 09:46:42'),('145921965399','1459219653','0531','0531',NULL,'s',NULL,NULL,'2016-01-01','2016-01-01',1,'1459213265','2016-03-29 09:47:33'),('145921966299','1459219662','0535','0535',NULL,'s',NULL,NULL,'2016-01-01','2016-01-01',1,'1459130999','2016-03-29 09:47:42'),('145921969099','1459219690','0531','0531',NULL,'s',NULL,NULL,'2016-01-01','2016-01-01',1,'1459213265','2016-03-29 09:48:10'),('145921970999','1459219709','0535','0535',NULL,'s',NULL,NULL,'2016-01-01','2016-01-01',1,'1459130999','2016-03-29 09:48:29'),('145921973899','1459219738','0503','05',NULL,'s',NULL,NULL,'2016-01-01','2016-01-01',1,'1459136367','2016-03-29 09:48:58'),('145921976699','1459219766','0535','0535',NULL,'s',NULL,NULL,'2016-01-01','2016-01-01',1,'1459130999','2016-03-29 09:49:26'),('145922020399','1459220203','0521','0521',NULL,'e3',NULL,NULL,'2016-01-01','2016-01-01',1,'1459151125','2016-03-29 11:26:34'),('145922027599','1459220275','0521','0521',NULL,'e4',NULL,NULL,'2016-01-01','2016-01-01',1,'1459151125','2016-03-29 11:26:53'),('145922042599','1459220425','0521','0521',NULL,'e4',NULL,NULL,'2016-01-01','2016-01-01',1,'1459151125','2016-03-29 11:27:09'),('145922048299','1459220482','0534','0534',NULL,'e3',NULL,NULL,'2016-01-01','2016-01-01',1,'1459215531','2016-03-29 10:01:22'),('145922054299','1459220542','0521','0521',NULL,'e4',NULL,NULL,'2016-01-01','2016-01-01',1,'1459151125','2016-03-29 11:27:24'),('145922059399','1459220593','0521','0521',NULL,'e4',NULL,NULL,'2016-01-01','2016-01-01',1,'1459151125','2016-03-29 11:27:38'),('145922061599','1459220615','0534','0534',NULL,'e4',NULL,NULL,'2016-01-01','2016-01-01',1,'1459215531','2016-03-29 10:03:35'),('145922064299','1459220642','0521','0521',NULL,'e4',NULL,NULL,'2016-01-01','2016-01-01',1,'1459151125','2016-03-29 11:27:55'),('145922067899','1459220678','0505','0505',NULL,'s',NULL,NULL,'2016-01-01','2016-01-01',1,'1459136436','2016-03-29 10:04:38'),('145922069499','1459220694','0521','0521',NULL,'s',NULL,NULL,'2016-01-01','2016-01-01',1,'1459151125','2016-03-29 11:28:09'),('145922073699','1459220736','0521','0521',NULL,'s',NULL,NULL,'2016-01-01','2016-01-01',1,'1459151125','2016-03-29 11:28:23'),('145922078699','1459220786','0521','0521',NULL,'s',NULL,NULL,'2016-01-01','2016-01-01',1,'1459151125','2016-03-29 11:28:42'),('145922079299','1459220792','0505','0505',NULL,'s',NULL,NULL,'2016-01-01','2016-01-01',1,'1459136436','2016-03-29 10:06:32'),('145922082999','1459220829','0521','0521',NULL,'s',NULL,NULL,'2016-01-01','2016-01-01',1,'1459151125','2016-03-29 11:28:57'),('145922085799','1459220857','0505','0505',NULL,'s',NULL,NULL,'2016-01-01','2016-01-01',1,'1459136436','2016-03-29 10:07:37'),('145922091299','1459220912','0521','0521',NULL,'s',NULL,NULL,'2016-01-01','2016-01-01',1,'1459151125','2016-03-29 11:29:14'),('145922096799','1459220967','0521','0521',NULL,'s',NULL,NULL,'2016-01-01','2016-01-01',1,'1459151125','2016-03-29 10:09:27'),('145922102599','1459221025','0521','0521',NULL,'s',NULL,NULL,'2016-01-01','2016-01-01',1,'1459151125','2016-03-29 11:29:39'),('145922108999','1459221089','0521','0521',NULL,'s',NULL,NULL,'2016-01-01','2016-01-01',1,'1459151125','2016-03-29 10:11:29'),('145922118199','1459221181','0521','0521',NULL,'s',NULL,NULL,'2016-01-01','2016-01-01',1,'1459151125','2016-03-29 10:13:01'),('145922169199','1459221691','0521','0521',NULL,'s',NULL,NULL,'2016-01-01','2016-01-01',1,'1459151125','2016-03-29 10:21:31'),('145922173899','1459221738','0521','0521',NULL,'s',NULL,NULL,'2016-01-01','2016-01-01',1,'1459151125','2016-03-29 10:22:18'),('145922178699','1459221786','0505','0505',NULL,'s',NULL,NULL,'2016-01-01','2016-01-01',1,'1459136436','2016-03-29 10:23:06'),('145922187099','1459221870','0505','0505',NULL,'s',NULL,NULL,'2016-01-01','2016-01-01',1,'1459136436','2016-03-29 10:24:30'),('145922202799','1459222027','0505','0505',NULL,'s',NULL,NULL,'2016-01-01','2016-01-01',1,'1459136436','2016-03-29 10:27:07'),('145922212199','1459222121','0505','0505',NULL,'s',NULL,NULL,'2016-01-01','2016-01-01',1,'1459136436','2016-03-29 10:28:41'),('145922221899','1459222218','0535','0535',NULL,'e4',NULL,NULL,'2016-01-01','2016-01-01',1,'1459130999','2016-03-29 10:30:18'),('145922237899','1459222378','0505','0505',NULL,'s',NULL,NULL,'2016-01-01','2016-01-01',1,'1459136436','2016-03-29 10:32:58'),('145922250199','1459222501','0503','05',NULL,'s',NULL,NULL,'2016-01-01','2016-01-01',1,'1459136367','2016-03-29 10:35:01'),('145922250799','1459222507','0505','0505',NULL,'s',NULL,NULL,'2016-01-01','2016-01-01',1,'1459136436','2016-03-29 10:35:07'),('145922257499','1459222574','0505','0505',NULL,'s',NULL,NULL,'2016-01-01','2016-01-01',1,'1459136436','2016-03-29 10:36:14'),('145922262699','1459222626','0505','0505',NULL,'s',NULL,NULL,'2016-01-01','2016-01-01',1,'1459136436','2016-03-29 10:37:06'),('145922267899','1459222678','0505','0505',NULL,'s',NULL,NULL,'2016-01-01','2016-01-01',1,'1459136436','2016-03-29 10:37:58'),('145922272199','1459222721','0505','0505',NULL,'s',NULL,NULL,'2016-01-01','2016-01-01',1,'1459136436','2016-03-29 10:38:41'),('145922327099','1459223270','0505','0505',NULL,'s',NULL,NULL,'2016-01-01','2016-01-01',1,'1459136436','2016-03-29 10:47:50'),('145922332199','1459223321','0505','0505',NULL,'s',NULL,NULL,'2016-01-01','2016-01-01',1,'1459136436','2016-03-30 13:37:48'),('145922405399','1459224053','0505','0505',NULL,'s',NULL,NULL,'2016-01-01','2016-01-01',1,'1459136436','2016-03-29 11:00:53'),('145922447199','1459224471','0534','0534',NULL,'e4',NULL,NULL,'2016-01-01','2016-01-01',1,'1459215531','2016-03-29 11:07:51'),('145922453799','1459224537','0520','0520',NULL,'e4',NULL,NULL,'2016-01-01','2016-01-01',1,'1459138103','2016-03-29 11:08:57'),('145922459899','1459224598','0534','0534',NULL,'e4',NULL,NULL,'2016-01-01','2016-01-01',1,'1459215531','2016-03-29 11:09:58'),('145922474599','1459224745','0520','0520',NULL,'e4',NULL,NULL,'2016-01-01','2016-01-01',1,'1459138103','2016-03-29 11:12:25'),('145922492999','1459224929','0520','0520',NULL,'e4',NULL,NULL,'2016-01-01','2016-01-01',1,'1459138103','2016-03-29 11:15:29'),('145922518199','1459225181','0520','0520',NULL,'e4',NULL,NULL,'2016-01-01','2016-01-01',1,'1459138103','2016-03-29 11:19:41'),('145922536699','1459225366','0534','0534',NULL,'e4',NULL,NULL,'2016-01-01','2016-01-01',1,'1459215531','2016-03-29 11:22:46'),('145922537599','1459225375','0523','0523',NULL,'s',NULL,NULL,'2016-01-01','2016-01-01',1,'1459150457','2016-03-29 11:22:55'),('145922537999','1459225379','0520','0520',NULL,'e3',NULL,NULL,'2016-01-01','2016-01-01',1,'1459138103','2016-03-29 11:22:59'),('145922544799','1459225447','0534','0534',NULL,'e4',NULL,NULL,'2016-01-01','2016-01-01',1,'1459215531','2016-03-29 11:24:07'),('145922550399','1459225503','0511','0511',NULL,'s',NULL,NULL,'2016-01-01','2016-01-01',1,'1459152424','2016-03-29 11:25:03'),('145922551099','1459225510','0534','0534',NULL,'s',NULL,NULL,'2016-01-01','2016-01-01',1,'1459215531','2016-03-29 11:25:10'),('145922552099','1459225520','0520','0520',NULL,'s',NULL,NULL,'2016-01-01','2016-01-01',1,'1459138103','2016-03-29 11:25:20'),('145922553399','1459225533','0511','0511',NULL,'s',NULL,NULL,'2016-01-01','2016-01-01',1,'1459152424','2016-03-29 11:25:33'),('145922556399','1459225563','0511','0511',NULL,'s',NULL,NULL,'2016-01-01','2016-01-01',1,'1459152424','2016-03-29 11:26:03'),('145922557999','1459225579','0534','053401',NULL,'s',NULL,NULL,'2016-01-01','2016-01-01',1,'1459215531','2016-03-29 11:26:19'),('145922558399','1459225583','0511','0511',NULL,'s',NULL,NULL,'2016-01-01','2016-01-01',1,'1459152424','2016-03-29 11:26:23'),('145922560399','1459225603','0520','0520',NULL,'s',NULL,NULL,'2016-01-01','2016-01-01',1,'1459138103','2016-03-29 11:26:43'),('145922560899','1459225608','0511','0511',NULL,'s',NULL,NULL,'2016-01-01','2016-01-01',1,'1459152424','2016-03-29 11:26:48'),('145922563199','1459225631','0511','0511',NULL,'s',NULL,NULL,'2016-01-01','2016-01-01',1,'1459152424','2016-03-29 11:27:11'),('145922565199','1459225651','0511','0511',NULL,'s',NULL,NULL,'2016-01-01','2016-01-01',1,'1459152424','2016-03-29 11:27:31'),('145922567199','1459225671','0520','0520',NULL,'s',NULL,NULL,'2016-01-01','2016-01-01',1,'1459138103','2016-03-29 11:27:51'),('145922567299','1459225672','0534','0534',NULL,'s',NULL,NULL,'2016-01-01','2016-01-01',1,'1459215531','2016-03-29 11:27:52'),('145922572799','1459225727','0534','0534',NULL,'s',NULL,NULL,'2016-01-01','2016-01-01',1,'1459215531','2016-03-29 11:28:47'),('145922573099','1459225730','0520','0520',NULL,'s',NULL,NULL,'2016-01-01','2016-01-01',1,'1459138103','2016-03-29 11:28:50'),('145922578999','1459225789','0534','0534',NULL,'s',NULL,NULL,'2016-01-01','2016-01-01',1,'1459215531','2016-03-29 11:29:49'),('145922580699','1459225806','0520','0520',NULL,'s',NULL,NULL,'2016-01-01','2016-01-01',1,'1459138103','2016-03-29 11:30:06'),('145922586399','1459225863','0520','0520',NULL,'s',NULL,NULL,'2016-01-01','2016-01-01',1,'1459138103','2016-03-29 11:31:03'),('145922592899','1459225928','0534','0534',NULL,'s',NULL,NULL,'2016-01-01','2016-01-01',1,'1459215531','2016-03-29 11:32:08'),('145922595999','1459225959','0520','0520',NULL,'s',NULL,NULL,'2016-01-01','2016-01-01',1,'1459138103','2016-03-29 11:32:39'),('145922598799','1459225987','0534','0534',NULL,'s',NULL,NULL,'2016-01-01','2016-01-01',1,'1459215531','2016-03-29 11:33:07'),('145922602899','1459226028','0520','0520',NULL,'s',NULL,NULL,'2016-01-01','2016-01-01',1,'1459138103','2016-03-29 11:33:48'),('145922604899','1459226048','0534','0534',NULL,'s',NULL,NULL,'2016-01-01','2016-01-01',1,'1459215531','2016-03-29 11:34:08'),('145922608299','1459226082','0520','0520',NULL,'s',NULL,NULL,'2016-01-01','2016-01-01',1,'1459138103','2016-03-29 11:34:42'),('145922609899','1459226098','0534','0534',NULL,'s',NULL,NULL,'2016-01-01','2016-01-01',1,'1459215531','2016-03-29 11:34:58'),('145922616499','1459226164','0534','053401',NULL,'s',NULL,NULL,'2016-01-01','2016-01-01',1,'1459215531','2016-03-29 11:36:04'),('145922621199','1459226211','0520','0520',NULL,'s',NULL,NULL,'2016-01-01','2016-01-01',1,'1459138103','2016-03-29 11:36:51'),('145922623999','1459226239','0534','0534',NULL,'s',NULL,NULL,'2016-01-01','2016-01-01',1,'1459215531','2016-03-29 11:37:19'),('145922693699','1459226936','0520','052001',NULL,'s',NULL,NULL,'2016-01-01','2016-01-01',1,'1459138103','2016-03-29 11:48:56'),('145922700899','1459227008','0520','052001',NULL,'s',NULL,NULL,'2016-01-01','2016-01-01',1,'1459138103','2016-03-29 11:50:08'),('145922707799','1459227077','0520','052001',NULL,'s',NULL,NULL,'2016-01-01','2016-01-01',1,'1459138103','2016-03-29 11:51:17'),('145922713599','1459227135','0520','052001',NULL,'s',NULL,NULL,'2016-01-01','2016-01-01',1,'1459138103','2016-03-29 11:52:15'),('145922719899','1459227198','0520','052001',NULL,'s',NULL,NULL,'2016-01-01','2016-01-01',1,'1459138103','2016-03-29 11:53:18'),('145922727099','1459227270','0520','052001',NULL,'s',NULL,NULL,'2016-01-01','2016-01-01',1,'1459138103','2016-03-29 11:54:30'),('145922749099','1459227490','0534','0534',NULL,'s',NULL,NULL,'2016-01-01','2016-01-01',1,'1459215531','2016-03-29 11:58:10'),('145922756899','1459227568','0534','053401',NULL,'s',NULL,NULL,'2016-01-01','2016-01-01',1,'1459215531','2016-03-29 11:59:28'),('145922774399','1459227743','0534','053401',NULL,'s',NULL,NULL,'2016-01-01','2016-01-01',1,'1459215531','2016-03-29 12:02:23'),('145922776799','1459227767','0511','0511',NULL,'s',NULL,NULL,'2016-01-01','2016-01-01',1,'1459152424','2016-03-29 12:02:47'),('145922783399','1459227833','0534','053401',NULL,'s',NULL,NULL,'2016-01-01','2016-01-01',1,'1459215531','2016-03-29 12:03:53'),('145922786599','1459227865','0511','0511',NULL,'s',NULL,NULL,'2016-01-01','2016-01-01',1,'1459152424','2016-03-29 12:04:25'),('145922789099','1459227890','0534','0534',NULL,'s',NULL,NULL,'2016-01-01','2016-01-01',1,'1459215531','2016-03-29 12:04:50'),('145922974399','1459229743','0503','05',NULL,'e4',NULL,NULL,'2016-01-01','2016-01-01',1,'1459136367','2016-03-29 12:35:43'),('145923024199','1459230241','0510','0510',NULL,'e4',NULL,NULL,'2016-01-01','2016-01-01',1,'1459152004','2016-03-29 12:44:01'),('145923030899','1459230308','0510','0510',NULL,'e4',NULL,NULL,'2016-01-01','2016-01-01',1,'1459152004','2016-03-29 12:45:08'),('145923039099','1459230390','0510','0510',NULL,'e4',NULL,NULL,'2016-01-01','2016-01-01',1,'1459152004','2016-03-29 12:46:30'),('145923044699','1459230446','0510','0510',NULL,'e3',NULL,NULL,'2016-01-01','2016-01-01',1,'1459152004','2016-03-29 12:47:26'),('145923056399','1459230563','0510','0510',NULL,'s',NULL,NULL,'2016-01-01','2016-01-01',1,'1459152004','2016-03-29 12:49:23'),('145923063299','1459230632','0510','0510',NULL,'s',NULL,NULL,'2016-01-01','2016-01-01',1,'1459152004','2016-03-29 12:50:32'),('145923072599','1459230725','0510','0510',NULL,'s',NULL,NULL,'2016-01-01','2016-01-01',1,'1459152004','2016-03-29 12:52:05'),('145923079199','1459230791','0510','0510',NULL,'s',NULL,NULL,'2016-01-01','2016-01-01',1,'1459152004','2016-03-29 12:53:11'),('145923084099','1459230840','0510','0510',NULL,'s',NULL,NULL,'2016-01-01','2016-01-01',1,'1459152004','2016-03-29 12:54:00'),('145923089699','1459230896','0510','0510',NULL,'s',NULL,NULL,'2016-01-01','2016-01-01',1,'1459152004','2016-03-29 12:54:56'),('145923096399','1459230963','0510','0510',NULL,'s',NULL,NULL,'2016-01-01','2016-01-01',1,'1459152004','2016-03-29 12:56:03'),('145923102499','1459231024','0510','0510',NULL,'s',NULL,NULL,'2016-01-01','2016-01-01',1,'1459152004','2016-03-29 12:57:04'),('145923109699','1459231096','0510','0510',NULL,'s',NULL,NULL,'2016-01-01','2016-01-01',1,'1459152004','2016-03-29 12:58:16'),('145923120299','1459231202','0510','0510',NULL,'s',NULL,NULL,'2016-01-01','2016-01-01',1,'1459152004','2016-03-29 13:00:02'),('145923132099','1459231320','0510','0510',NULL,'s',NULL,NULL,'2016-01-01','2016-01-01',1,'1459152004','2016-03-29 13:02:00'),('145923153399','1459231533','0510','0510',NULL,'s',NULL,NULL,'2016-01-01','2016-01-01',1,'1459152004','2016-03-29 13:05:33'),('145923157299','1459231572','0510','0510',NULL,'s',NULL,NULL,'2016-01-01','2016-01-01',1,'1459152004','2016-03-29 13:06:12'),('145923161699','1459231616','0510','0510',NULL,'s',NULL,NULL,'2016-01-01','2016-01-01',1,'1459152004','2016-03-29 13:06:56'),('145923162299','1459231622','0505','0505',NULL,'e3',NULL,NULL,'2016-01-01','2016-01-01',1,'1459136436','2016-03-30 13:37:10'),('145923168399','1459231683','0510','0510',NULL,'s',NULL,NULL,'2016-01-01','2016-01-01',1,'1459152004','2016-03-29 13:08:03'),('145923170899','1459231708','0510','0510',NULL,'s',NULL,NULL,'2016-01-01','2016-01-01',1,'1459152004','2016-03-29 13:08:28'),('145923173799','1459231737','0510','0510',NULL,'s',NULL,NULL,'2016-01-01','2016-01-01',1,'1459152004','2016-03-29 13:08:57'),('145923176499','1459231764','0510','0510',NULL,'s',NULL,NULL,'2016-01-01','2016-01-01',1,'1459152004','2016-03-29 13:09:24'),('145923377399','1459233773','0529','0529',NULL,'e3',NULL,NULL,'2016-01-01','2016-01-01',1,'1459151511','2016-03-29 13:42:53'),('145923389899','1459233898','0529','0529',NULL,'e4',NULL,NULL,'2016-01-01','2016-01-01',1,'1459151511','2016-03-29 13:44:58'),('145923395999','1459233959','0529','0529',NULL,'e4',NULL,NULL,'2016-01-01','2016-01-01',1,'1459151511','2016-03-29 13:45:59'),('145923400199','1459234001','0529','0529',NULL,'e4',NULL,NULL,'2016-01-01','2016-01-01',1,'1459151511','2016-03-29 13:46:41'),('145923406199','1459234061','0529','0529',NULL,'e4',NULL,NULL,'2016-01-01','2016-01-01',1,'1459151511','2016-03-29 13:47:41'),('145923411299','1459234112','0529','0529',NULL,'e4',NULL,NULL,'2016-01-01','2016-01-01',1,'1459151511','2016-03-29 13:48:32'),('145923418699','1459234186','0529','0529',NULL,'s',NULL,NULL,'2016-01-01','2016-01-01',1,'1459151511','2016-03-29 13:49:46'),('145923474999','1459234749','0529','0529',NULL,'s',NULL,NULL,'2016-01-01','2016-01-01',1,'1459151511','2016-03-29 13:59:09'),('145923479999','1459234799','0529','0529',NULL,'s',NULL,NULL,'2016-01-01','2016-01-01',1,'1459151511','2016-03-29 13:59:59'),('145923485299','1459234852','0529','0529',NULL,'s',NULL,NULL,'2016-01-01','2016-01-01',1,'1459151511','2016-03-29 14:00:52'),('145923491099','1459234910','0529','0529',NULL,'s',NULL,NULL,'2016-01-01','2016-01-01',1,'1459151511','2016-03-29 14:01:50'),('145923495899','1459234958','0529','0529',NULL,'s',NULL,NULL,'2016-01-01','2016-01-01',1,'1459151511','2016-03-29 14:02:38'),('145923506499','1459235064','0529','0529',NULL,'s',NULL,NULL,'2016-01-01','2016-01-01',1,'1459151511','2016-03-29 14:04:24'),('145923515399','1459235153','0529','0529',NULL,'s',NULL,NULL,'2016-01-01','2016-01-01',1,'1459151511','2016-03-29 14:05:53'),('145923550899','1459235508','0529','052901',NULL,'s',NULL,NULL,'2016-01-01','2016-01-01',1,'1459151511','2016-03-29 14:11:48'),('145923637099','1459236370','0529','0529',NULL,'s',NULL,NULL,'2016-01-01','2016-01-01',1,'1459151511','2016-03-29 14:26:10'),('145923643899','1459236438','0529','052901',NULL,'s',NULL,NULL,'2016-01-01','2016-01-01',1,'1459151511','2016-03-29 14:27:18'),('145923648599','1459236485','0529','052901',NULL,'s',NULL,NULL,'2016-01-01','2016-01-01',1,'1459151511','2016-03-29 14:28:05'),('145923655099','1459236550','0529','0529',NULL,'s',NULL,NULL,'2016-01-01','2016-01-01',1,'1459151511','2016-03-29 14:29:10'),('145923660299','1459236602','0529','0529',NULL,'s',NULL,NULL,'2016-01-01','2016-01-01',1,'1459151511','2016-03-29 14:30:02'),('145923667099','1459236670','0529','052901',NULL,'s',NULL,NULL,'2016-01-01','2016-01-01',1,'1459151511','2016-03-29 14:31:10'),('145923671799','1459236717','0529','052901',NULL,'s',NULL,NULL,'2016-01-01','2016-01-01',1,'1459151511','2016-03-29 14:31:57'),('145923676099','1459236760','0529','0529',NULL,'s',NULL,NULL,'2016-01-01','2016-01-01',1,'1459151511','2016-03-29 14:32:40'),('145923719799','1459237197','0529','0529',NULL,'s',NULL,NULL,'2016-01-01','2016-01-01',1,'1459151511','2016-03-29 14:39:57'),('145923874499','1459238744','0501','0501',NULL,'e4',NULL,NULL,'2016-01-01','2016-01-01',1,'1459065417','2016-03-30 14:44:20'),('145924321299','1459243212','0518','0518',NULL,'e3',NULL,NULL,'2016-01-01','2016-01-01',1,'1459137509','2016-03-30 19:33:55'),('145924355399','1459243553','0518','0518',NULL,'e4',NULL,NULL,'2016-01-01','2016-01-01',1,'1459137509','2016-03-29 16:25:53'),('145924380099','1459243800','0518','0518',NULL,'e4',NULL,NULL,'2016-01-01','2016-01-01',1,'1459137509','2016-03-29 16:30:00'),('145924410699','1459244106','0518','0518',NULL,'e4',NULL,NULL,'2016-01-01','2016-01-01',1,'1459137509','2016-03-29 16:35:06'),('145924426099','1459244260','0518','0518',NULL,'e4',NULL,NULL,'2016-01-01','2016-01-01',1,'1459137509','2016-03-29 16:37:40'),('145924434699','1459244346','0518','0518',NULL,'e4',NULL,NULL,'2016-01-01','2016-01-01',1,'1459137509','2016-03-30 19:18:42'),('145924460399','1459244603','0518','0518',NULL,'s',NULL,NULL,'2016-01-01','2016-01-01',1,'1459137509','2016-03-29 16:43:23'),('145924624199','1459246241','0518','0518',NULL,'s',NULL,NULL,'2016-01-01','2016-01-01',1,'1459137509','2016-03-29 17:10:41'),('145924640499','1459246404','0518','0518',NULL,'s',NULL,NULL,'2016-01-01','2016-01-01',1,'1459137509','2016-03-29 17:13:24'),('145924657199','1459246571','0518','0518',NULL,'s',NULL,NULL,'2016-01-01','2016-01-01',1,'1459137509','2016-03-29 17:16:11'),('145924666499','1459246664','0518','0518',NULL,'s',NULL,NULL,'2016-01-01','2016-01-01',1,'1459137509','2016-03-29 17:17:44'),('145924682899','1459246828','0518','0518',NULL,'s',NULL,NULL,'2016-01-01','2016-01-01',1,'1459137509','2016-03-29 17:20:28'),('145924698799','1459246987','0518','0518',NULL,'s',NULL,NULL,'2016-01-01','2016-01-01',1,'1459137509','2016-03-29 17:23:07'),('145924713299','1459247132','0518','0518',NULL,'s',NULL,NULL,'2016-01-01','2016-01-01',1,'1459137509','2016-03-29 17:25:32'),('145924723899','1459247238','0518','0518',NULL,'s',NULL,NULL,'2016-01-01','2016-01-01',1,'1459137509','2016-03-29 17:27:18'),('145924729899','1459247298','0518','0518',NULL,'s',NULL,NULL,'2016-01-01','2016-01-01',1,'1459137509','2016-03-29 17:28:18'),('145924732399','1459247323','0518','0518',NULL,'s',NULL,NULL,'2016-01-01','2016-01-01',1,'1459137509','2016-03-29 17:28:43'),('145929571099','1459295710','0517','0517',NULL,'e3',NULL,NULL,'2016-01-01','2016-01-01',1,'1459137438','2016-03-30 06:55:10'),('145929574999','1459295749','0517','0517',NULL,'e4',NULL,NULL,'2016-01-01','2016-01-01',1,'1459137438','2016-03-30 06:55:49'),('145929578199','1459295781','0517','0517',NULL,'e4',NULL,NULL,'2016-01-01','2016-01-01',1,'1459137438','2016-03-30 06:56:21'),('145929580999','1459295809','0517','0517',NULL,'e4',NULL,NULL,'2016-01-01','2016-01-01',1,'1459137438','2016-03-30 06:56:49'),('145929585699','1459295856','0517','0517',NULL,'e4',NULL,NULL,'2016-01-01','2016-01-01',1,'1459137438','2016-03-30 06:57:36'),('145929589199','1459295891','0517','0517',NULL,'e4',NULL,NULL,'2016-01-01','2016-01-01',1,'1459137438','2016-03-30 06:58:11'),('145929592399','1459295923','0517','0517',NULL,'s',NULL,NULL,'2016-01-01','2016-01-01',1,'1459137438','2016-03-30 06:58:43'),('145929594499','1459295944','0517','0517',NULL,'s',NULL,NULL,'2016-01-01','2016-01-01',1,'1459137438','2016-03-30 06:59:04'),('145929648999','1459296489','0517','0517',NULL,'s',NULL,NULL,'2016-01-01','2016-01-01',1,'1459137438','2016-03-30 07:08:09'),('145929650499','1459296504','0517','0517',NULL,'s',NULL,NULL,'2016-01-01','2016-01-01',1,'1459137438','2016-03-30 07:08:24'),('145929652299','1459296522','0517','0517',NULL,'s',NULL,NULL,'2016-01-01','2016-01-01',1,'1459137438','2016-03-30 07:08:42'),('145929655399','1459296553','0517','0517',NULL,'s',NULL,NULL,'2016-01-01','2016-01-01',1,'1459137438','2016-03-30 07:09:13'),('145929658799','1459296587','0517','0517',NULL,'s',NULL,NULL,'2016-01-01','2016-01-01',1,'1459137438','2016-03-30 07:09:47'),('145929665599','1459296655','0517','0517',NULL,'s',NULL,NULL,'2016-01-01','2016-01-01',1,'1459137438','2016-03-30 07:10:55'),('145929668899','1459296688','0517','0517',NULL,'s',NULL,NULL,'2016-01-01','2016-01-01',1,'1459137438','2016-03-30 07:11:28'),('145929672099','1459296720','0517','0517',NULL,'s',NULL,NULL,'2016-01-01','2016-01-01',1,'1459137438','2016-03-30 07:12:00'),('145929675899','1459296758','0517','0517',NULL,'s',NULL,NULL,'2016-01-01','2016-01-01',1,'1459137438','2016-03-30 07:12:38'),('145929679899','1459296798','0517','0517',NULL,'s',NULL,NULL,'2016-01-01','2016-01-01',1,'1459137438','2016-03-30 07:13:18'),('145929693299','1459296932','0512','0512',NULL,'e3',NULL,NULL,'2016-01-01','2016-01-01',1,'1459240332','2016-03-30 07:15:32'),('145929698299','1459296982','0512','0512',NULL,'e4',NULL,NULL,'2016-01-01','2016-01-01',1,'1459240332','2016-03-30 07:16:22'),('145929703599','1459297035','0512','0512',NULL,'e4',NULL,NULL,'2016-01-01','2016-01-01',1,'1459240332','2016-03-30 07:17:15'),('145929708899','1459297088','0512','0512',NULL,'e4',NULL,NULL,'2016-01-01','2016-01-01',1,'1459240332','2016-03-30 07:18:08'),('145929714099','1459297140','0512','0512',NULL,'e4',NULL,NULL,'2016-01-01','2016-01-01',1,'1459240332','2016-03-30 07:19:00'),('145929718799','1459297187','0512','0512',NULL,'e4',NULL,NULL,'2016-01-01','2016-01-01',1,'1459240332','2016-03-30 07:19:47'),('145929726099','1459297260','0512','0512',NULL,'s',NULL,NULL,'2016-01-01','2016-01-01',1,'1459240332','2016-03-30 13:55:32'),('145929737399','1459297373','0512','0512',NULL,'s',NULL,NULL,'2016-01-01','2016-01-01',1,'1459240332','2016-03-30 07:22:53'),('145929743999','1459297439','0512','0512',NULL,'s',NULL,NULL,'2016-01-01','2016-01-01',1,'1459240332','2016-03-30 07:23:59'),('145929751399','1459297513','0512','0512',NULL,'s',NULL,NULL,'2016-01-01','2016-01-01',1,'1459240332','2016-03-30 07:25:13'),('145929756599','1459297565','0512','0512',NULL,'s',NULL,NULL,'2016-01-01','2016-01-01',1,'1459240332','2016-03-30 07:26:05'),('145929760999','1459297609','0512','0512',NULL,'s',NULL,NULL,'2016-01-01','2016-01-01',1,'1459240332','2016-03-30 07:26:49'),('145929764799','1459297647','0512','0512',NULL,'s',NULL,NULL,'2016-01-01','2016-01-01',1,'1459240332','2016-03-30 07:27:27'),('145929768299','1459297682','0512','0512',NULL,'s',NULL,NULL,'2016-01-01','2016-01-01',1,'1459240332','2016-03-30 07:28:02'),('145929774099','1459297740','0512','0512',NULL,'s',NULL,NULL,'2016-01-01','2016-01-01',1,'1459240332','2016-03-30 07:29:00'),('145929780299','1459297802','0512','0512',NULL,'s',NULL,NULL,'2016-01-01','2016-01-01',1,'1459240332','2016-03-30 07:30:02'),('145929785899','1459297858','0512','0512',NULL,'s',NULL,NULL,'2016-01-01','2016-01-01',1,'1459240332','2016-03-30 07:32:31'),('145929791299','1459297912','0512','0512',NULL,'s',NULL,NULL,'2016-01-01','2016-01-01',1,'1459240332','2016-03-30 07:31:52'),('145929798699','1459297986','0512','0512',NULL,'s',NULL,NULL,'2016-01-01','2016-01-01',1,'1459240332','2016-03-30 07:33:06'),('145929803399','1459298033','0512','0512',NULL,'s',NULL,NULL,'2016-01-01','2016-01-01',1,'1459240332','2016-03-30 07:33:53'),('145929808999','1459298089','0512','0512',NULL,'s',NULL,NULL,'2016-01-01','2016-01-01',1,'1459240332','2016-03-30 07:34:49'),('145929811299','1459298112','0512','0512',NULL,'s',NULL,NULL,'2016-01-01','2016-01-01',1,'1459240332','2016-03-30 07:35:12'),('145929813699','1459298136','0512','0512',NULL,'s',NULL,NULL,'2016-01-01','2016-01-01',1,'1459240332','2016-03-30 07:35:36'),('145929816099','1459298160','0512','0512',NULL,'s',NULL,NULL,'2016-01-01','2016-01-01',1,'1459240332','2016-03-30 07:36:00'),('145930292999','1459302929','0503','05',NULL,'e4',NULL,NULL,'2016-01-01','2016-01-01',1,'1459065329','2016-03-30 08:55:29'),('145930299199','1459302991','0502','05',NULL,'s',NULL,NULL,'2016-01-01','2016-01-01',1,'1459065329','2016-03-30 08:56:31'),('145930333699','1459303336','0505','0505',NULL,'e4',NULL,NULL,'2016-01-01','2016-01-01',1,'1459136436','2016-03-30 09:02:44'),('145930619899','1459306198','0501','05',NULL,'s',NULL,NULL,'2016-01-01','2016-01-01',1,'1459065417','2016-03-30 09:49:58'),('145931127599','1459311275','0502','0502',NULL,'e3',NULL,NULL,'2016-01-01','2016-01-01',1,'1459136279','2016-03-30 11:14:35'),('145931141499','1459311414','0520','0520',NULL,'e4',NULL,NULL,'2016-01-01','2016-01-01',1,'1459138103','2016-03-30 11:16:54'),('145931148399','1459311483','0502','0502',NULL,'e4',NULL,NULL,'2016-01-01','2016-01-01',1,'1459136279','2016-03-30 11:18:03'),('145931162799','1459311627','0502','0502',NULL,'e4',NULL,NULL,'2016-01-01','2016-01-01',1,'1459136279','2016-03-30 11:20:27'),('145931202599','1459312025','0502','0502',NULL,'e4',NULL,NULL,'2016-01-01','2016-01-01',1,'1459136279','2016-03-30 11:27:05'),('145931216499','1459312164','0502','0502',NULL,'e4',NULL,NULL,'2016-01-01','2016-01-01',1,'1459136279','2016-03-30 15:07:37'),('145931224899','1459312248','0504','0504',NULL,'e3',NULL,NULL,'2016-01-01','2016-01-01',1,'1459133843','2016-03-30 14:58:25'),('145931227199','1459312271','0502','0502',NULL,'s',NULL,NULL,'2016-01-01','2016-01-01',1,'1459136279','2016-03-30 11:31:11'),('145931230899','1459312308','0501','05',NULL,'e4',NULL,NULL,'2016-01-01','2016-01-01',1,'1459065329','2016-03-30 11:31:48'),('145931232999','1459312329','0502','0502',NULL,'s',NULL,NULL,'2016-01-01','2016-01-01',1,'1459136279','2016-03-30 11:32:09'),('145931240299','1459312402','0502','0502',NULL,'s',NULL,NULL,'2016-01-01','2016-01-01',1,'1459136279','2016-03-30 11:33:22'),('145931247199','1459312471','0504','0504',NULL,'e4',NULL,NULL,'2016-01-01','2016-01-01',1,'1459133843','2016-03-30 11:34:31'),('145931251999','1459312519','0502','0502',NULL,'s',NULL,NULL,'2016-01-01','2016-01-01',1,'1459136279','2016-03-30 11:35:19'),('145931258199','1459312581','0502','0502',NULL,'s',NULL,NULL,'2016-01-01','2016-01-01',1,'1459136279','2016-03-30 11:36:21'),('145931263199','1459312631','0504','0504',NULL,'e4',NULL,NULL,'2016-01-01','2016-01-01',1,'1459133843','2016-03-30 11:37:11'),('145931268399','1459312683','0502','0502',NULL,'s',NULL,NULL,'2016-01-01','2016-01-01',1,'1459136279','2016-03-30 11:38:03'),('145931274499','1459312744','0504','0504',NULL,'e4',NULL,NULL,'2016-01-01','2016-01-01',1,'1459133843','2016-03-30 11:39:04'),('145931277299','1459312772','0502','0502',NULL,'s',NULL,NULL,'2016-01-01','2016-01-01',1,'1459136279','2016-03-30 11:39:32'),('145931284899','1459312848','0502','0502',NULL,'s',NULL,NULL,'2016-01-01','2016-01-01',1,'1459136279','2016-03-30 11:40:48'),('145931285899','1459312858','0504','0504',NULL,'e4',NULL,NULL,'2016-01-01','2016-01-01',1,'1459133843','2016-03-30 11:40:58'),('145931294299','1459312942','0502','0502',NULL,'s',NULL,NULL,'2016-01-01','2016-01-01',1,'1459136279','2016-03-30 11:42:22'),('145931295999','1459312959','0504','0504',NULL,'e4',NULL,NULL,'2016-01-01','2016-01-01',1,'1459133843','2016-03-30 16:06:39'),('145931304399','1459313043','0504','0504',NULL,'s',NULL,NULL,'2016-01-01','2016-01-01',1,'1459133843','2016-03-30 12:11:58'),('145931313499','1459313134','0504','0504',NULL,'s',NULL,NULL,'2016-01-01','2016-01-01',1,'1459133843','2016-03-30 12:14:13'),('145931330099','1459313300','0504','0504',NULL,'s',NULL,NULL,'2016-01-01','2016-01-01',1,'1459133843','2016-03-30 12:12:48'),('145931356199','1459313561','0502','0502',NULL,'s',NULL,NULL,'2016-01-01','2016-01-01',1,'1459136279','2016-03-30 11:52:41'),('145931357799','1459313577','0504','0504',NULL,'s',NULL,NULL,'2016-01-01','2016-01-01',1,'1459133843','2016-03-30 12:13:11'),('145931369199','1459313691','0504','0504',NULL,'s',NULL,NULL,'2016-01-01','2016-01-01',1,'1459133843','2016-03-30 12:13:30'),('145931373299','1459313732','0502','0502',NULL,'s',NULL,NULL,'2016-01-01','2016-01-01',1,'1459136279','2016-03-30 11:55:32'),('145931405499','1459314054','0504','0504',NULL,'s',NULL,NULL,'2016-01-01','2016-01-01',1,'1459133843','2016-03-30 12:00:54'),('145931415999','1459314159','0504','0504',NULL,'s',NULL,NULL,'2016-01-01','2016-01-01',1,'1459133843','2016-03-30 12:02:39'),('145931427099','1459314270','0504','0504',NULL,'s',NULL,NULL,'2016-01-01','2016-01-01',1,'1459133843','2016-03-30 12:04:30'),('145931435599','1459314355','0504','0504',NULL,'s',NULL,NULL,'2016-01-01','2016-01-01',1,'1459133843','2016-03-30 12:05:55'),('145931443999','1459314439','0504','0504',NULL,'s',NULL,NULL,'2016-01-01','2016-01-01',1,'1459133843','2016-03-30 12:07:19'),('145931452499','1459314524','0504','0504',NULL,'s',NULL,NULL,'2016-01-01','2016-01-01',1,'1459133843','2016-03-30 12:08:44'),('145931461099','1459314610','0504','0504',NULL,'s',NULL,NULL,'2016-01-01','2016-01-01',1,'1459133843','2016-03-30 12:10:10'),('145931467099','1459314670','0504','0504',NULL,'s',NULL,NULL,'2016-01-01','2016-01-01',1,'1459133843','2016-03-30 12:11:10'),('145931471499','1459314714','0524','0524',NULL,'e3',NULL,NULL,'2016-01-01','2016-01-01',1,'1459310660','2016-03-30 12:11:54'),('145931496999','1459314969','0524','0524',NULL,'e4',NULL,NULL,'2016-01-01','2016-01-01',1,'1459310660','2016-03-30 12:16:09'),('145931506199','1459315061','0524','0524',NULL,'e4',NULL,NULL,'2016-01-01','2016-01-01',1,'1459310660','2016-03-30 12:17:41'),('145931514599','1459315145','0524','0524',NULL,'e4',NULL,NULL,'2016-01-01','2016-01-01',1,'1459310660','2016-03-30 12:19:05'),('145931520899','1459315208','0524','0524',NULL,'e4',NULL,NULL,'2016-01-01','2016-01-01',1,'1459310660','2016-03-30 12:20:08'),('145931532399','1459315323','0524','0524',NULL,'s',NULL,NULL,'2016-01-01','2016-01-01',1,'1459310660','2016-03-30 12:22:03'),('145931538699','1459315386','0524','0524',NULL,'s',NULL,NULL,'2016-01-01','2016-01-01',1,'1459310660','2016-03-30 12:23:06'),('145931544099','1459315440','0524','0524',NULL,'s',NULL,NULL,'2016-01-01','2016-01-01',1,'1459310660','2016-03-30 12:24:00'),('145931561299','1459315612','0524','0524',NULL,'s',NULL,NULL,'2016-01-01','2016-01-01',1,'1459310660','2016-03-30 12:26:52'),('145931565899','1459315658','0502','0502',NULL,'s',NULL,NULL,'2016-01-01','2016-01-01',1,'1459136279','2016-03-30 12:27:38'),('145931573299','1459315732','0524','0524',NULL,'s',NULL,NULL,'2016-01-01','2016-01-01',1,'1459310660','2016-03-30 12:28:52'),('145931574199','1459315741','0502','0502',NULL,'s',NULL,NULL,'2016-01-01','2016-01-01',1,'1459136279','2016-03-30 12:29:01'),('145931583599','1459315835','0524','0524',NULL,'s',NULL,NULL,'2016-01-01','2016-01-01',1,'1459310660','2016-03-30 12:30:35'),('145931586499','1459315864','0502','0502',NULL,'s',NULL,NULL,'2016-01-01','2016-01-01',1,'1459136279','2016-03-30 12:31:04'),('145931591199','1459315911','0502','0502',NULL,'s',NULL,NULL,'2016-01-01','2016-01-01',1,'1459136279','2016-03-30 12:31:51'),('145931597999','1459315979','0524','0524',NULL,'s',NULL,NULL,'2016-01-01','2016-01-01',1,'1459310660','2016-03-30 12:32:59'),('145931599999','1459315999','0502','0502',NULL,'s',NULL,NULL,'2016-01-01','2016-01-01',1,'1459136279','2016-03-30 12:33:19'),('145931604699','1459316046','0502','0502',NULL,'s',NULL,NULL,'2016-01-01','2016-01-01',1,'1459136279','2016-03-30 12:34:06'),('145931606199','1459316061','0524','0524',NULL,'s',NULL,NULL,'2016-01-01','2016-01-01',1,'1459310660','2016-03-30 12:34:21'),('145931608699','1459316086','0502','0502',NULL,'s',NULL,NULL,'2016-01-01','2016-01-01',1,'1459136279','2016-03-30 12:34:46'),('145931615699','1459316156','0524','0524',NULL,'s',NULL,NULL,'2016-01-01','2016-01-01',1,'1459310660','2016-03-30 12:35:56'),('145931624999','1459316249','0502','0502',NULL,'s',NULL,NULL,'2016-01-01','2016-01-01',1,'1459136279','2016-03-30 12:37:29'),('145931629999','1459316299','0524','0524',NULL,'s',NULL,NULL,'2016-01-01','2016-01-01',1,'1459310660','2016-03-30 12:38:19'),('145931637599','1459316375','0524','0524',NULL,'s',NULL,NULL,'2016-01-01','2016-01-01',1,'1459310660','2016-03-30 12:39:35'),('145931643499','1459316434','0524','0524',NULL,'s',NULL,NULL,'2016-01-01','2016-01-01',1,'1459310660','2016-03-30 12:40:34'),('145931649199','1459316491','0502','0502',NULL,'s',NULL,NULL,'2016-01-01','2016-01-01',1,'1459136279','2016-03-30 12:41:31'),('145931653199','1459316531','0502','0502',NULL,'s',NULL,NULL,'2016-01-01','2016-01-01',1,'1459136279','2016-03-30 12:42:11'),('145931656299','1459316562','0502','0502',NULL,'s',NULL,NULL,'2016-01-01','2016-01-01',1,'1459136279','2016-03-30 12:42:42'),('145931658999','1459316589','0502','0502',NULL,'s',NULL,NULL,'2016-01-01','2016-01-01',1,'1459136279','2016-03-30 12:43:09'),('145931664799','1459316647','0502','0502',NULL,'s',NULL,NULL,'2016-01-01','2016-01-01',1,'1459136279','2016-03-30 12:44:07'),('145931726899','1459317268','0507','0507',NULL,'e3',NULL,NULL,'2016-01-01','2016-01-01',1,'1459137270','2016-03-30 12:54:28'),('145931796699','1459317966','0507','0507',NULL,'e4',NULL,NULL,'2016-01-01','2016-01-01',1,'1459137270','2016-03-30 13:06:06'),('145931798799','1459317987','0502','0502',NULL,'s',NULL,NULL,'2016-01-01','2016-01-01',1,'1459136279','2016-03-30 13:06:27'),('145931801899','1459318018','0507','0507',NULL,'e4',NULL,NULL,'2016-01-01','2016-01-01',1,'1459137270','2016-03-30 13:06:58'),('145931802599','1459318025','0502','0502',NULL,'s',NULL,NULL,'2016-01-01','2016-01-01',1,'1459136279','2016-03-30 13:07:05'),('145931806099','1459318060','0507','0507',NULL,'e4',NULL,NULL,'2016-01-01','2016-01-01',1,'1459137270','2016-03-30 13:07:40'),('145931809799','1459318097','0502','0502',NULL,'s',NULL,NULL,'2016-01-01','2016-01-01',1,'1459136279','2016-03-30 13:08:17'),('145931816499','1459318164','0507','0507',NULL,'e4',NULL,NULL,'2016-01-01','2016-01-01',1,'1459137270','2016-03-30 13:09:24'),('145931824199','1459318241','0502','0502',NULL,'s',NULL,NULL,'2016-01-01','2016-01-01',1,'1459136279','2016-03-30 13:10:41'),('145931827399','1459318273','0502','0502',NULL,'s',NULL,NULL,'2016-01-01','2016-01-01',1,'1459136279','2016-03-30 13:11:13'),('145931830299','1459318302','0502','0502',NULL,'s',NULL,NULL,'2016-01-01','2016-01-01',1,'1459136279','2016-03-30 13:11:42'),('145931833599','1459318335','0502','0502',NULL,'s',NULL,NULL,'2016-01-01','2016-01-01',1,'1459136279','2016-03-30 13:12:15'),('145931835999','1459318359','0502','0502',NULL,'s',NULL,NULL,'2016-01-01','2016-01-01',1,'1459136279','2016-03-30 13:12:39'),('145931930799','1459319307','0501','0501',NULL,'e3',NULL,NULL,'2016-01-01','2016-01-01',1,'1459065417','2016-03-30 15:08:49'),('145931937899','1459319378','0501','0501',NULL,'e4',NULL,NULL,'2016-01-01','2016-01-01',1,'1459065417','2016-03-30 13:29:38'),('145931943299','1459319432','0501','0501',NULL,'e4',NULL,NULL,'2016-01-01','2016-01-01',1,'1459065417','2016-03-30 13:30:32'),('145931948699','1459319486','0501','0501',NULL,'e4',NULL,NULL,'2016-01-01','2016-01-01',1,'1459065417','2016-03-30 13:31:26'),('145931955199','1459319551','0501','0501',NULL,'e4',NULL,NULL,'2016-01-01','2016-01-01',1,'1459065417','2016-03-30 13:32:31'),('145931963199','1459319631','0501','0501',NULL,'s',NULL,NULL,'2016-01-01','2016-01-01',1,'1459065417','2016-03-30 13:33:51'),('145931968699','1459319686','0501','0501',NULL,'s',NULL,NULL,'2016-01-01','2016-01-01',1,'1459065417','2016-03-30 13:34:46'),('145931974299','1459319742','0501','0501',NULL,'s',NULL,NULL,'2016-01-01','2016-01-01',1,'1459065417','2016-03-30 13:35:42'),('145931984499','1459319844','0501','0501',NULL,'s',NULL,NULL,'2016-01-01','2016-01-01',1,'1459065417','2016-03-30 13:37:24'),('145931990699','1459319906','0501','0501',NULL,'s',NULL,NULL,'2016-01-01','2016-01-01',1,'1459065417','2016-03-30 13:38:26'),('145931995299','1459319952','0501','0501',NULL,'s',NULL,NULL,'2016-01-01','2016-01-01',1,'1459065417','2016-03-30 13:39:12'),('145932003799','1459320037','0501','0501',NULL,'s',NULL,NULL,'2016-01-01','2016-01-01',1,'1459065417','2016-03-30 13:40:37'),('145932012599','1459320125','0501','0501',NULL,'s',NULL,NULL,'2016-01-01','2016-01-01',1,'1459065417','2016-03-30 13:42:05'),('145932028499','1459320284','0501','0501',NULL,'s',NULL,NULL,'2016-01-01','2016-01-01',1,'1459065417','2016-03-30 13:44:44'),('145932042599','1459320425','0501','0501',NULL,'s',NULL,NULL,'2016-01-01','2016-01-01',1,'1459065417','2016-03-30 13:47:05'),('145932047099','1459320470','0501','0501',NULL,'s',NULL,NULL,'2016-01-01','2016-01-01',1,'1459065417','2016-03-30 13:47:50'),('145932054999','1459320549','0501','0501',NULL,'s',NULL,NULL,'2016-01-01','2016-01-01',1,'1459065417','2016-03-30 13:49:09'),('145932060499','1459320604','0501','0501',NULL,'s',NULL,NULL,'2016-01-01','2016-01-01',1,'1459065417','2016-03-30 13:50:04'),('145932123399','1459321233','0507','0507',NULL,'e4',NULL,NULL,'2016-01-01','2016-01-01',1,'1459137270','2016-03-30 14:00:33'),('145932130899','1459321308','0501','0501',NULL,'s',NULL,NULL,'2016-01-01','2016-01-01',1,'1459065417','2016-03-30 14:01:48'),('145932139699','1459321396','0501','0501',NULL,'s',NULL,NULL,'2016-01-01','2016-01-01',1,'1459065417','2016-03-30 14:03:16'),('145932143699','1459321436','0501','0501',NULL,'s',NULL,NULL,'2016-01-01','2016-01-01',1,'1459065417','2016-03-31 11:02:12'),('145932168199','1459321681','0507','0507',NULL,'s',NULL,NULL,'2016-01-01','2016-01-01',1,'1459137270','2016-03-30 14:08:01'),('145932182299','1459321822','0507','0507',NULL,'s',NULL,NULL,'2016-01-01','2016-01-01',1,'1459137270','2016-03-30 14:10:22'),('145932185599','1459321855','0501','0501',NULL,'s',NULL,NULL,'2016-01-01','2016-01-01',1,'1459065417','2016-03-30 14:10:55'),('145932192499','1459321924','0501','0501',NULL,'s',NULL,NULL,'2016-01-01','2016-01-01',1,'1459065417','2016-03-30 14:12:04'),('145932193799','1459321937','0507','0507',NULL,'s',NULL,NULL,'2016-01-01','2016-01-01',1,'1459137270','2016-03-30 14:12:17'),('145932196699','1459321966','0501','0501',NULL,'s',NULL,NULL,'2016-01-01','2016-01-01',1,'1459065417','2016-03-30 14:12:46'),('145932200099','1459322000','0507','0507',NULL,'s',NULL,NULL,'2016-01-01','2016-01-01',1,'1459137270','2016-03-30 14:13:20'),('145932201499','1459322014','0501','0501',NULL,'s',NULL,NULL,'2016-01-01','2016-01-01',1,'1459065417','2016-03-30 14:13:34'),('145932206199','1459322061','0501','0501',NULL,'s',NULL,NULL,'2016-01-01','2016-01-01',1,'1459065417','2016-03-30 14:14:21'),('145932210999','1459322109','0501','0501',NULL,'s',NULL,NULL,'2016-01-01','2016-01-01',1,'1459065417','2016-03-30 14:15:09'),('145932215099','1459322150','0501','0501',NULL,'s',NULL,NULL,'2016-01-01','2016-01-01',1,'1459065417','2016-03-30 14:15:50'),('145932218999','1459322189','0501','0501',NULL,'s',NULL,NULL,'2016-01-01','2016-01-01',1,'1459065417','2016-03-30 14:16:29'),('145932223699','1459322236','0501','0501',NULL,'s',NULL,NULL,'2016-01-01','2016-01-01',1,'1459065417','2016-03-30 14:17:16'),('145932225799','1459322257','0507','0507',NULL,'s',NULL,NULL,'2016-01-01','2016-01-01',1,'1459137270','2016-03-30 14:17:37'),('145932236999','1459322369','0507','0507',NULL,'s',NULL,NULL,'2016-01-01','2016-01-01',1,'1459137270','2016-03-30 14:19:29'),('145932266199','1459322661','0507','0507',NULL,'s',NULL,NULL,'2016-01-01','2016-01-01',1,'1459137270','2016-03-30 14:24:21'),('145932277699','1459322776','0507','0507',NULL,'s',NULL,NULL,'2016-01-01','2016-01-01',1,'1459137270','2016-03-30 14:26:16'),('145932339999','1459323399','0507','0507',NULL,'s',NULL,NULL,'2016-01-01','2016-01-01',1,'1459137270','2016-03-30 14:36:39'),('145932346199','1459323461','0501','0501',NULL,'s',NULL,NULL,'2016-01-01','2016-01-01',1,'1459065417','2016-03-30 14:37:41'),('145932348199','1459323481','0507','0507',NULL,'s',NULL,NULL,'2016-01-01','2016-01-01',1,'1459137270','2016-03-30 14:38:01'),('145932348699','1459323486','0501','0501',NULL,'s',NULL,NULL,'2016-01-01','2016-01-01',1,'1459065417','2016-03-30 14:38:06'),('145932351299','1459323512','0501','0501',NULL,'s',NULL,NULL,'2016-01-01','2016-01-01',1,'1459065417','2016-03-30 14:38:32'),('145932353599','1459323535','0501','0501',NULL,'s',NULL,NULL,'2016-01-01','2016-01-01',1,'1459065417','2016-03-30 14:38:55'),('145932355999','1459323559','0501','0501',NULL,'s',NULL,NULL,'2016-01-01','2016-01-01',1,'1459065417','2016-03-30 14:39:19'),('145932356499','1459323564','0507','0507',NULL,'s',NULL,NULL,'2016-01-01','2016-01-01',1,'1459137270','2016-03-30 14:39:24'),('145932358199','1459323581','0501','0501',NULL,'s',NULL,NULL,'2016-01-01','2016-01-01',1,'1459065417','2016-03-30 14:39:41'),('145932359899','1459323598','0501','0501',NULL,'s',NULL,NULL,'2016-01-01','2016-01-01',1,'1459065417','2016-03-30 14:39:58'),('145932361999','1459323619','0501','0501',NULL,'s',NULL,NULL,'2016-01-01','2016-01-01',1,'1459065417','2016-03-30 14:40:19'),('145932364099','1459323640','0501','0501',NULL,'s',NULL,NULL,'2016-01-01','2016-01-01',1,'1459065417','2016-03-30 14:40:40'),('145932365699','1459323656','0501','0501',NULL,'s',NULL,NULL,'2016-01-01','2016-01-01',1,'1459065417','2016-03-30 14:40:56'),('145932367999','1459323679','0501','0501',NULL,'s',NULL,NULL,'2016-01-01','2016-01-01',1,'1459065417','2016-03-30 14:41:19'),('145932373899','1459323738','0501','0501',NULL,'s',NULL,NULL,'2016-01-01','2016-01-01',1,'1459065417','2016-03-30 14:42:18'),('145932380499','1459323804','0501','0501',NULL,'s',NULL,NULL,'2016-01-01','2016-01-01',1,'1459065417','2016-03-30 14:43:24'),('145932380599','1459323805','0507','0507',NULL,'s',NULL,NULL,'2016-01-01','2016-01-01',1,'1459137270','2016-03-30 14:43:25'),('145932382999','1459323829','0501','0501',NULL,'s',NULL,NULL,'2016-01-01','2016-01-01',1,'1459065417','2016-03-30 14:43:49'),('145932387699','1459323876','0507','0507',NULL,'s',NULL,NULL,'2016-01-01','2016-01-01',1,'1459137270','2016-03-30 14:44:36'),('145932399199','1459323991','0507','0507',NULL,'s',NULL,NULL,'2016-01-01','2016-01-01',1,'1459137270','2016-03-30 14:46:31'),('145932408399','1459324083','0507','0507',NULL,'s',NULL,NULL,'2016-01-01','2016-01-01',1,'1459137270','2016-03-30 14:48:03'),('145932415399','1459324153','0507','0507',NULL,'s',NULL,NULL,'2016-01-01','2016-01-01',1,'1459137270','2016-03-30 14:49:13'),('145932420099','1459324200','0526','0526',NULL,'e4',NULL,NULL,'2016-01-01','2016-01-01',1,'1459322702','2016-03-30 14:50:00'),('145932420499','1459324204','0507','0507',NULL,'s',NULL,NULL,'2016-01-01','2016-01-01',1,'1459137270','2016-03-30 14:50:04'),('145932421199','1459324211','0526','0526',NULL,'e3',NULL,NULL,'2016-01-01','2016-01-01',1,'1459322702','2016-03-30 14:50:11'),('145932426599','1459324265','0507','0507',NULL,'s',NULL,NULL,'2016-01-01','2016-01-01',1,'1459137270','2016-03-30 14:51:05'),('145932437399','1459324373','0526','0526',NULL,'e4',NULL,NULL,'2016-01-01','2016-01-01',1,'1459322702','2016-03-30 14:52:53'),('145932439099','1459324390','0526','0526',NULL,'e4',NULL,NULL,'2016-01-01','2016-01-01',1,'1459322702','2016-03-30 14:53:10'),('145932473899','1459324738','0526','0526',NULL,'e4',NULL,NULL,'2016-01-01','2016-01-01',1,'1459322702','2016-03-30 14:58:58'),('145932481199','1459324811','0526','0526',NULL,'s',NULL,NULL,'2016-01-01','2016-01-01',1,'1459322702','2016-03-30 15:00:11'),('145932489299','1459324892','0526','0526',NULL,'e4',NULL,NULL,'2016-01-01','2016-01-01',1,'1459322702','2016-03-30 15:01:32'),('145932491399','1459324913','0526','0526',NULL,'s',NULL,NULL,'2016-01-01','2016-01-01',1,'1459322702','2016-03-30 15:01:53'),('145932500899','1459325008','0526','0526',NULL,'s',NULL,NULL,'2016-01-01','2016-01-01',1,'1459322702','2016-03-30 15:03:28'),('145932507199','1459325071','0526','0526',NULL,'s',NULL,NULL,'2016-01-01','2016-01-01',1,'1459322702','2016-03-30 15:04:31'),('145932510599','1459325105','0526','0526',NULL,'s',NULL,NULL,'2016-01-01','2016-01-01',1,'1459322702','2016-03-30 15:05:05'),('145932522699','1459325226','0526','0526',NULL,'s',NULL,NULL,'2016-01-01','2016-01-01',1,'1459322702','2016-03-30 15:07:06'),('145932528399','1459325283','0530','0530',NULL,'e3',NULL,NULL,'2016-01-01','2016-01-01',1,'1459322919','2016-03-30 15:08:03'),('145932535299','1459325352','0530','0530',NULL,'e4',NULL,NULL,'2016-01-01','2016-01-01',1,'1459322919','2016-03-30 15:09:12'),('145932541099','1459325410','0530','0530',NULL,'e4',NULL,NULL,'2016-01-01','2016-01-01',1,'1459322919','2016-03-30 15:10:10'),('145932546499','1459325464','0530','0530',NULL,'e4',NULL,NULL,'2016-01-01','2016-01-01',1,'1459322919','2016-03-30 15:11:04'),('145932550899','1459325508','0530','0530',NULL,'e4',NULL,NULL,'2016-01-01','2016-01-01',1,'1459322919','2016-03-30 15:11:48'),('145932555099','1459325550','0530','0530',NULL,'e4',NULL,NULL,'2016-01-01','2016-01-01',1,'1459322919','2016-03-30 15:12:30'),('145932559199','1459325591','0530','0530',NULL,'s',NULL,NULL,'2016-01-01','2016-01-01',1,'1459322919','2016-03-30 15:14:35'),('145932565499','1459325654','0530','0530',NULL,'s',NULL,NULL,'2016-01-01','2016-01-01',1,'1459322919','2016-03-30 15:14:14'),('145932572899','1459325728','0530','0530',NULL,'s',NULL,NULL,'2016-01-01','2016-01-01',1,'1459322919','2016-03-30 15:15:28'),('145932578999','1459325789','0530','0530',NULL,'s',NULL,NULL,'2016-01-01','2016-01-01',1,'1459322919','2016-03-30 15:16:29'),('145932583899','1459325838','0530','0530',NULL,'s',NULL,NULL,'2016-01-01','2016-01-01',1,'1459322919','2016-03-30 15:17:18'),('145932588799','1459325887','0530','0530',NULL,'s',NULL,NULL,'2016-01-01','2016-01-01',1,'1459322919','2016-03-30 15:18:07'),('145932593299','1459325932','0530','0530',NULL,'s',NULL,NULL,'2016-01-01','2016-01-01',1,'1459322919','2016-03-30 15:18:52'),('145932596899','1459325968','0530','0530',NULL,'s',NULL,NULL,'2016-01-01','2016-01-01',1,'1459322919','2016-03-30 15:19:28'),('145932601399','1459326013','0530','0530',NULL,'s',NULL,NULL,'2016-01-01','2016-01-01',1,'1459322919','2016-03-30 15:20:13'),('145932605299','1459326052','0530','0530',NULL,'s',NULL,NULL,'2016-01-01','2016-01-01',1,'1459322919','2016-03-30 15:20:52'),('145932607299','1459326072','0530','0530',NULL,'s',NULL,NULL,'2016-01-01','2016-01-01',1,'1459322919','2016-03-30 15:21:12'),('145932608799','1459326087','0530','0530',NULL,'s',NULL,NULL,'2016-01-01','2016-01-01',1,'1459322919','2016-03-30 15:21:27'),('145933322199','1459333221','0528','0528',NULL,'e3',NULL,NULL,'2016-01-01','2016-01-01',1,'1459331835','2016-03-30 17:23:54'),('145933339899','1459333398','0528','0528',NULL,'e4',NULL,NULL,'2016-01-01','2016-01-01',1,'1459331835','2016-03-30 17:23:18'),('145933357399','1459333573','0528','0528',NULL,'e4',NULL,NULL,'2016-01-01','2016-01-01',1,'1459331835','2016-03-30 17:26:13'),('145933364299','1459333642','0528','0528',NULL,'e4',NULL,NULL,'2016-01-01','2016-01-01',1,'1459331835','2016-03-30 17:27:22'),('145933389899','1459333898','0528','0528',NULL,'e4',NULL,NULL,'2016-01-01','2016-01-01',1,'1459331835','2016-03-30 17:31:38'),('145933395999','1459333959','0528','0528',NULL,'e4',NULL,NULL,'2016-01-01','2016-01-01',1,'1459331835','2016-03-30 17:32:39'),('145933408999','1459334089','0528','0528',NULL,'s',NULL,NULL,'2016-01-01','2016-01-01',1,'1459331835','2016-03-30 17:34:49'),('145933414699','1459334146','0528','0528',NULL,'s',NULL,NULL,'2016-01-01','2016-01-01',1,'1459331835','2016-03-30 17:35:46'),('145933422699','1459334226','0528','0528',NULL,'s',NULL,NULL,'2016-01-01','2016-01-01',1,'1459331835','2016-03-30 17:37:06'),('145933431099','1459334310','0528','0528',NULL,'s',NULL,NULL,'2016-01-01','2016-01-01',1,'1459331835','2016-03-30 17:38:30'),('145933437199','1459334371','0528','0528',NULL,'s',NULL,NULL,'2016-01-01','2016-01-01',1,'1459331835','2016-03-30 17:39:31'),('145933445999','1459334459','0528','0528',NULL,'s',NULL,NULL,'2016-01-01','2016-01-01',1,'1459331835','2016-03-30 17:40:59'),('145933453099','1459334530','0528','0528',NULL,'s',NULL,NULL,'2016-01-01','2016-01-01',1,'1459331835','2016-03-30 17:42:10'),('145933460799','1459334607','0528','0528',NULL,'s',NULL,NULL,'2016-01-01','2016-01-01',1,'1459331835','2016-03-30 17:43:27'),('145933465899','1459334658','0528','0528',NULL,'s',NULL,NULL,'2016-01-01','2016-01-01',1,'1459331835','2016-03-30 17:44:18'),('145933470599','1459334705','0528','0528',NULL,'s',NULL,NULL,'2016-01-01','2016-01-01',1,'1459331835','2016-03-30 17:45:05'),('145933482199','1459334821','0528','0528',NULL,'s',NULL,NULL,'2016-01-01','2016-01-01',1,'1459331835','2016-03-30 17:47:01'),('145933489699','1459334896','0528','0528',NULL,'s',NULL,NULL,'2016-01-01','2016-01-01',1,'1459331835','2016-03-30 17:48:16'),('145933494499','1459334944','0528','0528',NULL,'s',NULL,NULL,'2016-01-01','2016-01-01',1,'1459331835','2016-03-30 17:49:04'),('145933498299','1459334982','0528','0528',NULL,'s',NULL,NULL,'2016-01-01','2016-01-01',1,'1459331835','2016-03-30 17:49:42'),('145933503399','1459335033','0528','0528',NULL,'s',NULL,NULL,'2016-01-01','2016-01-01',1,'1459331835','2016-03-30 17:50:33'),('145933507799','1459335077','0528','0528',NULL,'s',NULL,NULL,'2016-01-01','2016-01-01',1,'1459331835','2016-03-30 17:51:17'),('145934192699','1459341926','0528','052801',NULL,'s',NULL,NULL,'2016-01-01','2016-01-01',1,'1459331835','2016-03-30 19:45:26'),('145934197099','1459341970','0528','052801',NULL,'s',NULL,NULL,'2016-01-01','2016-01-01',1,'1459331835','2016-03-30 19:46:10'),('145934201699','1459342016','0528','052801',NULL,'s',NULL,NULL,'2016-01-01','2016-01-01',1,'1459331835','2016-03-30 19:46:56'),('145934206799','1459342067','0528','052801',NULL,'s',NULL,NULL,'2016-01-01','2016-01-01',1,'1459331835','2016-03-30 19:47:47'),('145934223399','1459342233','0528','0528',NULL,'s',NULL,NULL,'2016-01-01','2016-01-01',1,'1459331835','2016-03-30 19:50:33'),('145934226199','1459342261','0528','0528',NULL,'s',NULL,NULL,'2016-01-01','2016-01-01',1,'1459331835','2016-03-30 19:51:01'),('145934230899','1459342308','0528','0528',NULL,'s',NULL,NULL,'2016-01-01','2016-01-01',1,'1459331835','2016-03-30 19:51:48'),('145934235499','1459342354','0528','0528',NULL,'s',NULL,NULL,'2016-01-01','2016-01-01',1,'1459331835','2016-03-30 19:52:34'),('145934243699','1459342436','0528','0528',NULL,'s',NULL,NULL,'2016-01-01','2016-01-01',1,'1459331835','2016-03-30 19:53:56'),('145934281599','1459342815','0528','0528',NULL,'s',NULL,NULL,'2016-01-01','2016-01-01',1,'1459331835','2016-03-30 20:00:15'),('145934285299','1459342852','0528','0528',NULL,'s',NULL,NULL,'2016-01-01','2016-01-01',1,'1459331835','2016-03-30 20:00:52'),('145938485999','1459384859','0533','0533',NULL,'e3',NULL,NULL,'2016-01-01','2016-01-01',1,'1459310316','2016-03-31 07:40:59'),('145938537299','1459385372','0533','0533',NULL,'e4',NULL,NULL,'2016-01-01','2016-01-01',1,'1459310316','2016-03-31 07:49:32'),('145938544599','1459385445','0533','0533',NULL,'e4',NULL,NULL,'2016-01-01','2016-01-01',1,'1459310316','2016-03-31 07:50:45'),('145938551299','1459385512','0533','0533',NULL,'e4',NULL,NULL,'2016-01-01','2016-01-01',1,'1459310316','2016-03-31 07:51:52'),('145938555699','1459385556','0533','0533',NULL,'e4',NULL,NULL,'2016-01-01','2016-01-01',1,'1459310316','2016-03-31 07:52:36'),('145938561999','1459385619','0533','0533',NULL,'e4',NULL,NULL,'2016-01-01','2016-01-01',1,'1459310316','2016-03-31 07:53:39'),('145938566299','1459385662','0533','0533',NULL,'s',NULL,NULL,'2016-01-01','2016-01-01',1,'1459310316','2016-03-31 07:54:22'),('145938570199','1459385701','0533','0533',NULL,'s',NULL,NULL,'2016-01-01','2016-01-01',1,'1459310316','2016-03-31 07:55:01'),('145938574099','1459385740','0533','0533',NULL,'s',NULL,NULL,'2016-01-01','2016-01-01',1,'1459310316','2016-03-31 07:55:40'),('145938578999','1459385789','0533','0533',NULL,'s',NULL,NULL,'2016-01-01','2016-01-01',1,'1459310316','2016-03-31 07:56:29'),('145938583099','1459385830','0533','0533',NULL,'s',NULL,NULL,'2016-01-01','2016-01-01',1,'1459310316','2016-03-31 07:57:10'),('145938586499','1459385864','0533','0533',NULL,'s',NULL,NULL,'2016-01-01','2016-01-01',1,'1459310316','2016-03-31 07:57:44'),('145938589499','1459385894','0533','0533',NULL,'s',NULL,NULL,'2016-01-01','2016-01-01',1,'1459310316','2016-03-31 07:58:14'),('145938592799','1459385927','0533','0533',NULL,'s',NULL,NULL,'2016-01-01','2016-01-01',1,'1459310316','2016-03-31 07:58:47'),('145938595099','1459385950','0533','0533',NULL,'s',NULL,NULL,'2016-01-01','2016-01-01',1,'1459310316','2016-03-31 07:59:10'),('145938596799','1459385967','0533','0533',NULL,'s',NULL,NULL,'2016-01-01','2016-01-01',1,'1459310316','2016-03-31 07:59:27'),('145938912099','1459389120','0532','0532',NULL,'e3',NULL,NULL,'2016-01-01','2016-01-01',1,'1459153920','2016-03-31 08:52:31'),('145938928099','1459389280','0532','0532',NULL,'e4',NULL,NULL,'2016-01-01','2016-01-01',1,'1459153920','2016-03-31 08:54:40'),('145938932399','1459389323','0532','0532',NULL,'e4',NULL,NULL,'2016-01-01','2016-01-01',1,'1459153920','2016-03-31 08:55:23'),('145938935899','1459389358','0532','0532',NULL,'e4',NULL,NULL,'2016-01-01','2016-01-01',1,'1459153920','2016-03-31 08:55:58'),('145938939199','1459389391','0532','0532',NULL,'e4',NULL,NULL,'2016-01-01','2016-01-01',1,'1459153920','2016-03-31 08:56:31'),('145938942699','1459389426','0532','0532',NULL,'e4',NULL,NULL,'2016-01-01','2016-01-01',1,'1459153920','2016-03-31 08:57:06'),('145938947399','1459389473','0532','0532',NULL,'s',NULL,NULL,'2016-01-01','2016-01-01',1,'1459153920','2016-03-31 08:57:53'),('145938955499','1459389554','0532','0532',NULL,'s',NULL,NULL,'2016-01-01','2016-01-01',1,'1459153920','2016-03-31 08:59:14'),('145938958999','1459389589','0532','0532',NULL,'s',NULL,NULL,'2016-01-01','2016-01-01',1,'1459153920','2016-03-31 08:59:49'),('145938962499','1459389624','0532','0532',NULL,'s',NULL,NULL,'2016-01-01','2016-01-01',1,'1459153920','2016-03-31 09:00:24'),('145938966799','1459389667','0532','0532',NULL,'s',NULL,NULL,'2016-01-01','2016-01-01',1,'1459153920','2016-03-31 09:01:07'),('145938970199','1459389701','0532','0532',NULL,'s',NULL,NULL,'2016-01-01','2016-01-01',1,'1459153920','2016-03-31 09:01:41'),('145938976099','1459389760','0532','0532',NULL,'s',NULL,NULL,'2016-01-01','2016-01-01',1,'1459153920','2016-03-31 09:02:40'),('145938978499','1459389784','0532','0532',NULL,'s',NULL,NULL,'2016-01-01','2016-01-01',1,'1459153920','2016-03-31 09:03:04'),('145939334199','1459393341','0517','0517',NULL,'s',NULL,NULL,'2016-01-01','2016-01-01',1,'1459137438','2016-03-31 10:02:21'),('145939350199','1459393501','0517','0517',NULL,'s',NULL,NULL,'2016-01-01','2016-01-01',1,'1459137438','2016-03-31 10:05:01'),('145939625899','1459396258','0502','05',NULL,'e4',NULL,NULL,'2016-01-01','2016-01-01',1,'1459303853','2016-03-31 11:16:38'),('145939632799','1459396327','0502','05',NULL,'s',NULL,NULL,'2016-01-01','2016-01-01',1,'1459303853','2016-03-31 10:52:07'),('145939637899','1459396378','0502','05',NULL,'s',NULL,NULL,'2016-01-01','2016-01-01',1,'1459303853','2016-03-31 10:52:58'),('145939642799','1459396427','0502','05',NULL,'s',NULL,NULL,'2016-01-01','2016-01-01',1,'1459303853','2016-03-31 10:53:47'),('145939647799','1459396477','0502','05',NULL,'s',NULL,NULL,'2016-01-01','2016-01-01',1,'1459303853','2016-03-31 10:54:37'),('145939651999','1459396519','0502','05',NULL,'s',NULL,NULL,'2016-01-01','2016-01-01',1,'1459303853','2016-03-31 10:55:19'),('145939654799','1459396547','0502','05',NULL,'s',NULL,NULL,'2016-01-01','2016-01-01',1,'1459303853','2016-03-31 10:55:47'),('145939658099','1459396580','0502','05',NULL,'s',NULL,NULL,'2016-01-01','2016-01-01',1,'1459303853','2016-03-31 10:56:20'),('145939660999','1459396609','0502','05',NULL,'s',NULL,NULL,'2016-01-01','2016-01-01',1,'1459303853','2016-03-31 10:56:49'),('145939685399','1459396853','0503','05',NULL,'e4',NULL,NULL,'2016-01-01','2016-01-01',1,'1459303895','2016-03-31 11:00:53'),('145939692399','1459396923','0503','05',NULL,'e4',NULL,NULL,'2016-01-01','2016-01-01',1,'1459303895','2016-03-31 11:02:03'),('145939699799','1459396997','0503','05',NULL,'s',NULL,NULL,'2016-01-01','2016-01-01',1,'1459303895','2016-03-31 11:03:17'),('145939738799','1459397387','0501','05',NULL,'s',NULL,NULL,'2016-01-01','2016-01-01',1,'1459303811','2016-03-31 11:09:47'),('145939745799','1459397457','0501','05',NULL,'s',NULL,NULL,'2016-01-01','2016-01-01',1,'1459303811','2016-03-31 11:10:57'),('145939749299','1459397492','0501','05',NULL,'s',NULL,NULL,'2016-01-01','2016-01-01',1,'1459303811','2016-03-31 11:11:32'),('145939752499','1459397524','0501','05',NULL,'s',NULL,NULL,'2016-01-01','2016-01-01',1,'1459303811','2016-03-31 11:12:04'),('145939754899','1459397548','0501','05',NULL,'s',NULL,NULL,'2016-01-01','2016-01-01',1,'1459303811','2016-03-31 11:12:28'),('145939875799','1459398757','0503','05',NULL,'e3',NULL,NULL,'2016-01-01','2016-01-01',1,'1459065329','2016-03-31 11:32:37'),('145940007999','1459400079','0501','0501',NULL,'s',NULL,NULL,'2016-01-01','2016-01-01',1,'1459065417','2016-03-31 11:54:39'),('145940012099','1459400120','0501','0501',NULL,'s',NULL,NULL,'2016-01-01','2016-01-01',1,'1459065417','2016-03-31 11:55:20'),('145940015999','1459400159','0501','0501',NULL,'s',NULL,NULL,'2016-01-01','2016-01-01',1,'1459065417','2016-03-31 11:55:59'),('145940532599','1459405325','0503','05',NULL,'s',NULL,NULL,'2016-01-01','2016-01-01',1,'1459065329','2016-03-31 13:22:05'),('145940613099','1459406130','0501','05',NULL,'s',NULL,NULL,'2016-01-01','2016-01-01',1,'1458608926','2016-03-31 13:35:30'),('145940900599','1459409005','0503','05',NULL,'s',NULL,NULL,'2016-01-01','2016-01-01',1,'1459136367','2016-03-31 14:23:25'),('145940908199','1459409081','0503','05',NULL,'s',NULL,NULL,'2016-01-01','2016-01-01',1,'1459136367','2016-03-31 14:24:41'),('145940976899','1459409768','0501','05',NULL,'s',NULL,NULL,'2016-01-01','2016-01-01',1,'1459303811','2016-03-31 14:36:08'),('145941002599','1459410025','05','05',NULL,'e3',NULL,NULL,'2016-01-01','2016-01-01',1,'1459297654','2016-03-31 14:40:25'),('145941008299','1459410082','0503','05',NULL,'e3',NULL,NULL,'2016-01-01','2016-01-01',1,'1459297654','2016-03-31 14:41:22'),('145941013399','1459410133','0502','05',NULL,'e3',NULL,NULL,'2016-01-01','2016-01-01',1,'1459297654','2016-03-31 14:42:13'),('145941018099','1459410180','0503','05',NULL,'e3',NULL,NULL,'2016-01-01','2016-01-01',1,'1459297654','2016-03-31 14:43:00'),('145941026899','1459410268','0501','05',NULL,'s',NULL,NULL,'2016-01-01','2016-01-01',1,'1459297654','2016-03-31 14:44:28'),('145941035799','1459410357','0503','05',NULL,'s',NULL,NULL,'2016-01-01','2016-01-01',1,'1459297654','2016-03-31 14:45:57'),('145941044399','1459410443','0501','05',NULL,'s',NULL,NULL,'2016-01-01','2016-01-01',1,'1459297654','2016-03-31 14:47:23'),('145941054099','1459410540','0501','05',NULL,'s',NULL,NULL,'2016-01-01','2016-01-01',1,'1459297654','2016-03-31 14:49:00'),('145941060799','1459410607','0501','05',NULL,'s',NULL,NULL,'2016-01-01','2016-01-01',1,'1459297654','2016-03-31 14:50:07'),('145941066099','1459410660','0501','05',NULL,'s',NULL,NULL,'2016-01-01','2016-01-01',1,'1459297654','2016-03-31 14:51:00'),('145941073199','1459410731','0501','05',NULL,'s',NULL,NULL,'2016-01-01','2016-01-01',1,'1459297654','2016-03-31 14:52:11'),('145941077999','1459410779','0502','05',NULL,'s',NULL,NULL,'2016-01-01','2016-01-01',1,'1459297654','2016-03-31 14:52:59'),('145941097499','1459410974','0501','05',NULL,'s',NULL,NULL,'2016-01-01','2016-01-01',1,'1459297654','2016-03-31 14:56:14'),('145941106099','1459411060','0501','05',NULL,'s',NULL,NULL,'2016-01-01','2016-01-01',1,'1459297654','2016-03-31 14:57:40'),('145941111499','1459411114','0501','05',NULL,'s',NULL,NULL,'2016-01-01','2016-01-01',1,'1459297654','2016-03-31 14:58:34'),('145941116699','1459411166','0503','05',NULL,'s',NULL,NULL,'2016-01-01','2016-01-01',1,'1459297654','2016-03-31 14:59:26'),('145941129199','1459411291','0502','05',NULL,'s',NULL,NULL,'2016-01-01','2016-01-01',1,'1459297654','2016-03-31 15:01:31'),('145941132199','1459411321','0502','05',NULL,'s',NULL,NULL,'2016-01-01','2016-01-01',1,'1459136279','2016-03-31 15:02:01'),('145941133199','1459411331','0503','05',NULL,'s',NULL,NULL,'2016-01-01','2016-01-01',1,'1459297654','2016-03-31 15:02:11'),('145941147899','1459411478','0502','05',NULL,'s',NULL,NULL,'2016-01-01','2016-01-01',1,'1459136279','2016-03-31 15:04:38'),('145941214199','1459412141','0501','05',NULL,'e4',NULL,NULL,'2016-01-01','2016-01-01',1,'1459303811','2016-03-31 15:15:41'),('145941222299','1459412222','0501','05',NULL,'s',NULL,NULL,'2016-01-01','2016-01-01',1,'1459303811','2016-03-31 15:17:02'),('145941229399','1459412293','0501','05',NULL,'s',NULL,NULL,'2016-01-01','2016-01-01',1,'1459303811','2016-03-31 15:18:13'),('145941240699','1459412406','0501','05',NULL,'s',NULL,NULL,'2016-01-01','2016-01-01',1,'1459303811','2016-03-31 15:20:06'),('145941244999','1459412449','0501','05',NULL,'e3',NULL,NULL,'2016-01-01','2016-01-01',1,'1459297654','2016-03-31 15:20:49'),('145941250599','1459412505','0501','05',NULL,'s',NULL,NULL,'2016-01-01','2016-01-01',1,'1459303811','2016-03-31 15:21:45'),('145941252999','1459412529','0502','05',NULL,'e4',NULL,NULL,'2016-01-01','2016-01-01',1,'1459297654','2016-03-31 15:22:09'),('145941255999','1459412559','0501','05',NULL,'s',NULL,NULL,'2016-01-01','2016-01-01',1,'1459303811','2016-03-31 15:22:39'),('145941277699','1459412776','0503','05',NULL,'e3',NULL,NULL,'2016-01-01','2016-01-01',1,'1459297654','2016-03-31 15:26:16'),('145941341499','1459413414','0502','05',NULL,'e3',NULL,NULL,'2016-01-01','2016-01-01',1,'1459303853','2016-03-31 15:36:54'),('145941348699','1459413486','0501','05',NULL,'e4',NULL,NULL,'2016-01-01','2016-01-01',1,'1459297654','2016-03-31 15:38:06'),('145941348799','1459413487','0502','05',NULL,'e4',NULL,NULL,'2016-01-01','2016-01-01',1,'1459303853','2016-03-31 15:38:07'),('145941349399','1459413493','0501','05',NULL,'e3',NULL,NULL,'2016-01-01','2016-01-01',1,'1459297654','2016-03-31 15:38:13'),('145941355999','1459413559','0501','05',NULL,'e4',NULL,NULL,'2016-01-01','2016-01-01',1,'1459297654','2016-03-31 15:39:19'),('145941365099','1459413650','0502','05',NULL,'s',NULL,NULL,'2016-01-01','2016-01-01',1,'1459303853','2016-03-31 15:40:50'),('145941367299','1459413672','0502','05',NULL,'s',NULL,NULL,'2016-01-01','2016-01-01',1,'1459297654','2016-03-31 15:41:12'),('145941370199','1459413701','0502','05',NULL,'s',NULL,NULL,'2016-01-01','2016-01-01',1,'1459303853','2016-03-31 15:41:41'),('145941376299','1459413762','05','05',NULL,'s',NULL,NULL,'2016-01-01','2016-01-01',1,'1459297654','2016-03-31 15:42:42'),('145941383799','1459413837','0503','05',NULL,'e3',NULL,NULL,'2016-01-01','2016-01-01',1,'1459297654','2016-03-31 15:43:57'),('145941385399','1459413853','0502','05',NULL,'s',NULL,NULL,'2016-01-01','2016-01-01',1,'1459297654','2016-03-31 15:44:13'),('145941390499','1459413904','0502','05',NULL,'s',NULL,NULL,'2016-01-01','2016-01-01',1,'1459297654','2016-03-31 15:45:04'),('145941391099','1459413910','0501','05',NULL,'e3',NULL,NULL,'2016-01-01','2016-01-01',1,'1459297654','2016-03-31 15:45:10'),('145941398299','1459413982','0502','05',NULL,'s',NULL,NULL,'2016-01-01','2016-01-01',1,'1459297654','2016-03-31 15:46:22'),('145941399499','1459413994','0502','05',NULL,'s',NULL,NULL,'2016-01-01','2016-01-01',1,'1459297654','2016-03-31 15:46:34'),('145941403499','1459414034','0503','05',NULL,'e4',NULL,NULL,'2016-01-01','2016-01-01',1,'1459303895','2016-03-31 15:53:17'),('145941405999','1459414059','0503','05',NULL,'s',NULL,NULL,'2016-01-01','2016-01-01',1,'1459297654','2016-03-31 15:47:39'),('145941407199','1459414071','0503','05',NULL,'s',NULL,NULL,'2016-01-01','2016-01-01',1,'1459297654','2016-03-31 15:47:51'),('145941409199','1459414091','0503','05',NULL,'s',NULL,NULL,'2016-01-01','2016-01-01',1,'1459303895','2016-03-31 15:48:11'),('145941411799','1459414117','0503','05',NULL,'s',NULL,NULL,'2016-01-01','2016-01-01',1,'1459297654','2016-03-31 15:48:37'),('145941417099','1459414170','0502','05',NULL,'s',NULL,NULL,'2016-01-01','2016-01-01',1,'1459297654','2016-03-31 15:49:30'),('145941419399','1459414193','0501','05',NULL,'s',NULL,NULL,'2016-01-01','2016-01-01',1,'1459297654','2016-03-31 15:49:53'),('145941419999','1459414199','0503','05',NULL,'s',NULL,NULL,'2016-01-01','2016-01-01',1,'1459303895','2016-03-31 15:49:59'),('145941421599','1459414215','0501','05',NULL,'s',NULL,NULL,'2016-01-01','2016-01-01',1,'1459297654','2016-03-31 15:50:15'),('145941428099','1459414280','0502','05',NULL,'s',NULL,NULL,'2016-01-01','2016-01-01',1,'1459297654','2016-03-31 15:51:20'),('145941429399','1459414293','0502','05',NULL,'s',NULL,NULL,'2016-01-01','2016-01-01',1,'1459297654','2016-03-31 15:51:33'),('145941432599','1459414325','0503','05',NULL,'s',NULL,NULL,'2016-01-01','2016-01-01',1,'1459303895','2016-03-31 15:52:05'),('145941433499','1459414334','0501','05',NULL,'s',NULL,NULL,'2016-01-01','2016-01-01',1,'1459297654','2016-03-31 15:52:14'),('145941435099','1459414350','0503','05',NULL,'s',NULL,NULL,'2016-01-01','2016-01-01',1,'1459297654','2016-03-31 15:52:30'),('145941438399','1459414383','0502','05',NULL,'s',NULL,NULL,'2016-01-01','2016-01-01',1,'1459297654','2016-03-31 15:53:03'),('145941443399','1459414433','0502','05',NULL,'s',NULL,NULL,'2016-01-01','2016-01-01',1,'1459297654','2016-03-31 15:53:53'),('145941443599','1459414435','0502','05',NULL,'s',NULL,NULL,'2016-01-01','2016-01-01',1,'1459297654','2016-03-31 15:53:55'),('145941452899','1459414528','0503','05',NULL,'s',NULL,NULL,'2016-01-01','2016-01-01',1,'1459297654','2016-03-31 15:55:28'),('145941455799','1459414557','05','05',NULL,'s',NULL,NULL,'2016-01-01','2016-01-01',1,'1459297654','2016-03-31 15:55:57'),('145941458599','1459414585','0502','05',NULL,'s',NULL,NULL,'2016-01-01','2016-01-01',1,'1459297654','2016-03-31 15:56:25'),('145941465099','1459414650','0503','05',NULL,'s',NULL,NULL,'2016-01-01','2016-01-01',1,'1459297654','2016-03-31 15:57:30'),('145941486499','1459414864','0502','05',NULL,'s',NULL,NULL,'2016-01-01','2016-01-01',1,'1459297654','2016-03-31 16:01:04'),('145941488099','1459414880','0503','05',NULL,'s',NULL,NULL,'2016-01-01','2016-01-01',1,'1459303895','2016-03-31 16:01:20'),('145941490899','1459414908','0502','05',NULL,'s',NULL,NULL,'2016-01-01','2016-01-01',1,'1459297654','2016-03-31 16:01:48'),('145941499899','1459414998','0502','05',NULL,'s',NULL,NULL,'2016-01-01','2016-01-01',1,'1459303853','2016-03-31 16:03:18'),('145941500399','1459415003','0501','05',NULL,'s',NULL,NULL,'2016-01-01','2016-01-01',1,'1459297654','2016-03-31 16:03:23'),('145941509899','1459415098','0502','05',NULL,'s',NULL,NULL,'2016-01-01','2016-01-01',1,'1459297654','2016-03-31 16:04:58'),('145941512399','1459415123','0501','05',NULL,'s',NULL,NULL,'2016-01-01','2016-01-01',1,'1459297654','2016-03-31 16:05:23'),('145941519399','1459415193','0501','05',NULL,'s',NULL,NULL,'2016-01-01','2016-01-01',1,'1459297654','2016-03-31 16:06:33'),('145941529299','1459415292','0502','05',NULL,'s',NULL,NULL,'2016-01-01','2016-01-01',1,'1459297654','2016-03-31 16:08:12'),('145941554299','1459415542','0503','05',NULL,'s',NULL,NULL,'2016-01-01','2016-01-01',1,'1459297654','2016-03-31 16:12:22');

/*Table structure for table `t_pangkat` */

DROP TABLE IF EXISTS `t_pangkat`;

CREATE TABLE `t_pangkat` (
  `id_pangkat` char(15) NOT NULL,
  `pangkat` char(25) NOT NULL,
  `golongan` char(5) NOT NULL,
  `asn` tinyint(1) NOT NULL DEFAULT '1',
  `aktif` tinyint(1) NOT NULL DEFAULT '1',
  PRIMARY KEY (`id_pangkat`)
) ENGINE=InnoDB DEFAULT CHARSET=latin1;

/*Data for the table `t_pangkat` */

insert  into `t_pangkat`(`id_pangkat`,`pangkat`,`golongan`,`asn`,`aktif`) values ('1a','JURU MUDA','Ia',1,1),('1b','JURU MUDA TK I','Ib',1,1),('1c','JURU','Ic',1,1),('1d','JURU TK I','Id',1,1),('2a','PENGATUR MUDA','IIa',1,1),('2b','PENGATUR MD TK I','IIb',1,1),('2c','PENGATUR','IIc',1,1),('2d','PENGATUR TK I','IId',1,1),('3a','PENATA MUDA','IIIa',1,1),('3b','PENATA MUDA TK I','IIIb',1,1),('3c','PENATA','IIIc',1,1),('3d','PENATA TK I','IIId',1,1),('4a','PEMBINA','IVa',1,1),('4b','PEMBINA TINGKAT I','IVb',1,1),('4c','PEMBINA UTAMA MUDA','IVc',1,1),('4d','PEMBINA UTAMA MADYA','IVd',1,1),('4e','PEMBINA UTAMA','IVe',1,1),('phl','PHL','-',0,1),('pk','PEGAWAI KONTRAK','-',0,1);

/*Table structure for table `t_paraf` */

DROP TABLE IF EXISTS `t_paraf`;

CREATE TABLE `t_paraf` (
  `id_paraf` char(15) NOT NULL,
  `posisi` smallint(5) NOT NULL DEFAULT '0',
  `nama_paraf` char(100) NOT NULL,
  `nama_laporan` char(50) NOT NULL,
  `id_jabatan` char(5) NOT NULL,
  `top_sort` tinyint(1) NOT NULL DEFAULT '0',
  `aktif` tinyint(1) NOT NULL DEFAULT '1',
  PRIMARY KEY (`id_paraf`)
) ENGINE=InnoDB DEFAULT CHARSET=latin1;

/*Data for the table `t_paraf` */

insert  into `t_paraf`(`id_paraf`,`posisi`,`nama_paraf`,`nama_laporan`,`id_jabatan`,`top_sort`,`aktif`) values ('01rd2d',1,'KEPALA UP3AD','rd2d','e3',1,1),('02rd2d',2,'KEPALA SEKSI PEMBUKUAN DAN PELAPORAN','rd2d','e4',0,1);

/*Table structure for table `t_pegawai` */

DROP TABLE IF EXISTS `t_pegawai`;

CREATE TABLE `t_pegawai` (
  `id_pegawai` char(15) NOT NULL,
  `id_sts_pegawai` char(3) NOT NULL,
  `nama_pegawai` char(100) NOT NULL,
  `nip` char(25) DEFAULT NULL,
  `id_pangkat` char(15) NOT NULL,
  `id_user` char(15) NOT NULL,
  `history_buat` datetime DEFAULT NULL,
  `history_update` datetime DEFAULT NULL,
  `aktif` tinyint(1) NOT NULL DEFAULT '1',
  PRIMARY KEY (`id_pegawai`),
  KEY `id_sts_pegawai` (`id_sts_pegawai`),
  KEY `id_pangkat` (`id_pangkat`),
  KEY `id_user` (`id_user`),
  CONSTRAINT `t_pegawai_ibfk_1` FOREIGN KEY (`id_sts_pegawai`) REFERENCES `t_sts_pegawai` (`id_sts_pegawai`) ON DELETE CASCADE ON UPDATE CASCADE,
  CONSTRAINT `t_pegawai_ibfk_2` FOREIGN KEY (`id_pangkat`) REFERENCES `t_pangkat` (`id_pangkat`) ON DELETE CASCADE ON UPDATE CASCADE,
  CONSTRAINT `t_pegawai_ibfk_4` FOREIGN KEY (`id_user`) REFERENCES `t_users` (`id_user`) ON DELETE CASCADE ON UPDATE CASCADE
) ENGINE=InnoDB DEFAULT CHARSET=latin1;

/*Data for the table `t_pegawai` */

insert  into `t_pegawai`(`id_pegawai`,`id_sts_pegawai`,`nama_pegawai`,`nip`,`id_pangkat`,`id_user`,`history_buat`,`history_update`,`aktif`) values ('1459135131','33','DELVINA','19600403 198903 2 003','3d','1459134128','2016-03-28 10:18:51',NULL,1),('1459135256','33','WIWIEK SUSYANI,SE','19591018 198208 2 001','3d','1459134128','2016-03-28 10:20:56',NULL,1),('1459135349','33','ANI PRATIWI,SE','19630311 198510 2 002','3d','1459134128','2016-03-28 10:22:29',NULL,1),('1459135443','33','KISWANTO,SH','19670725 198903 1 006','3d','1459134128','2016-03-28 10:24:03',NULL,1),('1459135533','33','ANTHONY ADI PUTRANTO,SH','19680709 199303 1 010','3d','1459134128','2016-03-28 10:25:33',NULL,1),('1459135671','33','KOESWARDONO B CHRIS,SH,MM','19601208 198503 1 013','4a','1459134128','2016-03-28 10:27:51','2016-03-30 14:38:00',1),('1459138253','33','ENDANG IRIYANTI,S.SOS, M.SI','19640730 198803 2 005','3d','1459136436','2016-03-28 11:10:53','2016-03-29 13:07:21',1),('1459139733','33','SRI SURYANINGSIH','19620831 199105 2 001','3d','1459136436','2016-03-28 11:35:33',NULL,1),('1459139835','33','AGUSMAN,SE','19590831 198510 1 001','3d','1459136436','2016-03-28 11:37:15',NULL,1),('1459139893','33','SRI NURYANI,SE','19590307 197902 2 001','3d','1459136436','2016-03-28 11:38:13',NULL,1),('1459139959','33','BAMBANG HARDJANTO,S.SOS','19580704 198404 1 010','3d','1459136436','2016-03-28 11:39:19',NULL,1),('1459140676','33','EDY HERIYANTO,SE','19600528 198503 1 008','3c','1459136436','2016-03-28 11:51:16',NULL,1),('1459140988','33','SUHARYADI WAHYU','19680111 199001 1 002','3d','1459136436','2016-03-28 11:56:28',NULL,1),('1459141110','33','KUSDARYANIKUSUMAWARDANI','19730820 200604 2 003','3c','1459136436','2016-03-28 11:58:30',NULL,1),('1459142545','33','KRISNO UTOMO','19660203 199203 1 009','3c','1459136436','2016-03-28 12:22:25',NULL,1),('1459142648','33','ANDY RADITYO KRIDA SUSILO,ST','19800914 201101 1 006','3b','1459136436','2016-03-28 12:24:08',NULL,1),('1459142720','33','SUGIARTO','19661009 198903 1 009','3b','1459136436','2016-03-28 12:25:20',NULL,1),('1459142891','33','SUGIYARTO','19720625 199203 1 006','3b','1459136436','2016-03-28 12:28:11',NULL,1),('1459142983','33','TEGUH PURNOMO','19580705 198503 1 015','3b','1459136436','2016-03-28 12:29:43',NULL,1),('1459143107','33','ARI MARWANTO','19710711 201001 1 002','2b','1459136436','2016-03-28 12:31:47',NULL,1),('1459143920','33','ENNY PUDJIASTUTI, S.SOS','19591028 197901 2 001','3d','1459143349','2016-03-28 12:45:20',NULL,1),('1459144010','33','DRS. AS\'ARI, M.SI','19621212 198510 1 001','4b','1459143349','2016-03-28 12:46:50',NULL,1),('1459144215','33','BAMBANG IRWAN SETIYABUDI, SH','19590310 198503 1 012','3d','1459143349','2016-03-28 12:50:15',NULL,1),('1459144346','33','AGUNG MARDIYANTO, SE','19630318 198512 1 001','3d','1459143349','2016-03-28 12:52:26',NULL,1),('1459144456','33','BAMBANG TRI KUNCORO, SH','19660102 199603 1 003','3d','1459143349','2016-03-28 12:54:16',NULL,1),('1459144560','33','LUKY YUDHIA PERWIRA, SH','19670524 198702 1 003','3d','1459143349','2016-03-28 12:56:00',NULL,1),('1459144644','33','ROCH SURYANI, S.SOS','19660307 198510 2 001','3d','1459143349','2016-03-28 12:57:24',NULL,1),('1459144723','33','NOORSANTI WIDOERI, S.SOS','19690210 198803 2 001','3d','1459143349','2016-03-28 12:58:43',NULL,1),('1459144835','33','SUONO','19590103 198503 1 012','3b','1459143349','2016-03-28 13:00:35',NULL,1),('1459144909','33','TRIMARGAGREDA BUDI SETIYAWAN','19700615 199203 1 009','3b','1459143349','2016-03-28 13:01:49',NULL,1),('1459144974','33','DWI KUSUMAWATI, S.SOS','19651022 198903 2 009','3a','1459143349','2016-03-28 13:02:54',NULL,1),('1459145039','33','SUNAR','19680309 198903 1 007','3a','1459143349','2016-03-28 13:03:59',NULL,1),('1459145108','33','PRATIKNO','19610106 200604 1 004','2c','1459143349','2016-03-28 13:05:08',NULL,1),('1459145197','33','ARIF RAHMADIYANTO, S.SOS','19671214 201001 1 001','2b','1459143349','2016-03-28 13:06:37',NULL,1),('1459145265','33','ARI DIKDO','19750615 201001 1 004','2b','1459143349','2016-03-28 13:07:45',NULL,1),('1459145329','33','KRISTIAWAN NUGRAHANTO, S.SOS','19800408 201001 1 004','2b','1459143349','2016-03-28 13:08:49',NULL,1),('1459149639','33','ARI WIDODO EDIJANTO','19671230 200701 1 007','2c','1459134128','2016-03-28 14:20:39',NULL,1),('1459149743','33','SLAMET PRIYO H.S.SOS','19600505 198503 1 016','3d','1459133423','2016-03-28 14:22:23',NULL,1),('1459149744','33','WAHYONO','19680419 201001 1 002','2b','1459134128','2016-03-28 14:22:24',NULL,1),('1459149806','33','SARONO EDI S, S.SOS','19601231 198503 1 125','3d','1459133423','2016-03-28 14:23:26',NULL,1),('1459149808','33','YOYOK SOEMARJO','19601222 198503 1 009','2a','1459134128','2016-03-28 14:23:28',NULL,1),('1459149867','33','S.HADI WIBOWO','19611028 198603 1 009','3d','1459133423','2016-03-28 14:24:27',NULL,1),('1459149902','33','SODIKUN,SE,MSE,MA','19740618 199511 1 001','3d','1459133423','2016-03-28 14:25:02',NULL,1),('1459149915','33','BAMBANG MURTOPO, SH., MH','19580329 199403 1 001','3c','1459134128','2016-03-28 14:25:15',NULL,1),('1459149961','33','TOTOK MULYANTO, S.SOS','19680603 198903 1 007','3d','1459133423','2016-03-28 14:26:01',NULL,1),('1459149967','33','MUJI HARTONO, SE','19680523 198903 1 005','3c','1459134128','2016-03-28 14:26:07',NULL,1),('1459150019','33','NURMAWATI KHASANAH','19630325 198510 2 001','3b','1459133423','2016-03-28 14:26:59',NULL,1),('1459150029','33','WAGIMAN, SE','19671004 198903 1 009','3c','1459134128','2016-03-28 14:27:09',NULL,1),('1459150080','33','WAGIMAN','19591112 198510 1 002','3a','1459134128','2016-03-28 14:28:00',NULL,1),('1459150100','33','NUR ENDAH SARWOSRI, SE','19690124 198903 2 006','3c','1459133423','2016-03-28 14:28:20',NULL,1),('1459150159','33','R TRI SOEDARSIH','19590621 198511 2 001','2c','1459134128','2016-03-28 14:29:19',NULL,1),('1459150172','33','SUHARTANTO, S.SOS','19690416 198903 1 005','3c','1459133423','2016-03-28 14:29:32',NULL,1),('1459150211','33','SURYATNO','19641112 200801 1 002','2b','1459134128','2016-03-28 14:30:11',NULL,1),('1459150230','33','NUK BIYONO','19580302 198302 1 003','3b','1459133423','2016-03-28 14:30:30',NULL,1),('1459150281','33','WIDODO, SE','19600706 198503 1 022','2d','1459133423','2016-03-28 14:31:21',NULL,1),('1459150287','33','MUSLIH SUTOYO','19610812 200701 1 006','2b','1459134128','2016-03-28 14:31:27',NULL,1),('1459150318','33','WARSONO','19620924 200701 1 012','2b','1459133423','2016-03-28 14:31:58',NULL,1),('1459150326','33','JOKO MARWANTO','19691118 200801 1 005','2b','1459134128','2016-03-28 14:32:06',NULL,1),('1459150358','33','NUR KHOLIS','19800412 200901 1 006','2b','1459133423','2016-03-28 14:32:38',NULL,1),('1459150412','33','ERRY RAHARJONO,S.SOS, MSI','19690905 198803 1 001','4a','1459133423','2016-03-28 14:33:32',NULL,1),('1459150439','99','JOKO KOESDARYANTO','','phl','1459134128','2016-03-28 14:33:59',NULL,1),('1459150460','99','SRI WALUYO','','phl','1459134128','2016-03-28 14:34:20',NULL,1),('1459152615','33','NANIK KRISTIYANI, SE, MM','19590930 197902 2 001','4a','1459152004','2016-03-28 15:10:15',NULL,1),('1459152778','33','ANDI SURYANTO, SSTP, M.SI','19780410 199703 1 005','4a','1459150862','2016-03-28 15:12:58',NULL,1),('1459154245','33','SITI AISYAH SE, MM','19670311 199203 2 008','4a','1459150862','2016-03-28 15:37:25',NULL,1),('1459154266','33','MUSTAKIM','19790314 201002 1 002','2a','1459136436','2016-03-28 15:37:46',NULL,1),('1459154282','33','ARI PRATIWI, SE, MM','19590511 197901 2 001','4a','1459150862','2016-03-28 15:38:02',NULL,1),('1459154339','33','TRI ISWATI, S.SOS','19590325 198203 2 002','3d','1459150862','2016-03-28 15:38:59',NULL,1),('1459154409','33','JOKO PUJIYONO, SE, M. SI','19630128 198510 1 001','3d','1459150862','2016-03-28 15:40:09',NULL,1),('1459154444','33','PURYADI SE, MM','19620510 199003 1 004','3d','1459150862','2016-03-28 15:40:44',NULL,1),('1459154485','33','JOKO SUPRIYANTO, SE','19591231 199103 1 044','3d','1459150862','2016-03-28 15:41:25',NULL,1),('1459154513','33','DANANG SASONGKO, SH, M.SI','19620502 198910 1 001','3d','1459150862','2016-03-28 15:41:53',NULL,1),('1459154548','33','PURWANTO, SP, MM','19750427 200312 1 003','3c','1459150862','2016-03-28 15:42:28',NULL,1),('1459154592','33','TAWAR GUNADI, SE','19641227 198510 1 002','3c','1459150862','2016-03-28 15:43:12',NULL,1),('1459154628','33','TRI BASUKI, SE','19630903 198703 1 010','3b','1459150862','2016-03-28 15:43:48',NULL,1),('1459154674','33','RUBADI','19590515 198503 1 015','2d','1459150862','2016-03-28 15:44:34',NULL,1),('1459154706','33','DARSONO','19590817 198803 1 005','2d','1459150862','2016-03-28 15:45:06',NULL,1),('1459154764','33','INDRAYANTO','19710921 200901 1 003','2b','1459150862','2016-03-28 15:46:04',NULL,1),('1459154809','33','DANANG PANCAKA','19650924 201001 1 002','2b','1459150862','2016-03-28 15:46:49',NULL,1),('1459154848','33','SUSANTO','19800130 200901 1 006','2a','1459150862','2016-03-28 15:47:28',NULL,1),('1459154891','33','SULARNO','19720911 200701 1 008','2a','1459150862','2016-03-28 15:48:11',NULL,1),('1459154917','99','HENRY FIRMAN ARIANTO, SH','','phl','1459150862','2016-03-28 15:48:37',NULL,1),('1459154937','99','VERONICA LIS WAHYUNINGSIH, SH','','phl','1459150862','2016-03-28 15:48:57',NULL,1),('1459154953','99','MARIA DEWI SARI PUTRI','','phl','1459150862','2016-03-28 15:49:13',NULL,1),('1459158096','33','RINA IRAWANTI, SH., M.HUM','19650921 198909 2 001','4b','1459303853','2016-03-28 16:41:36','2016-03-31 11:08:13',1),('1459158135','33','WAWAN GUNAWAN UTAMA','19760204 200902 1 002','3b','1459136279','2016-03-28 16:42:15',NULL,1),('1459166584','33','RINI TRI UTAMI','19830618 201101 2 011','3b','1459136279','2016-03-28 19:03:04',NULL,1),('1459173151','33','DEWI SARTIKA','19910519 201206 2 001','3a','1459136279','2016-03-28 20:52:31',NULL,1),('1459173334','33','APRIYANTI WAHYU SEJATI','19830413 201100 1 200','3b','1459136279','2016-03-28 20:55:34',NULL,1),('1459211954','33','INTAN TRINEGARI, SH. MM','19630225 199203 2 003','4b','1459150457','2016-03-29 07:39:14','2016-03-29 12:04:49',1),('1459212123','33','DRS. ASTANTO, MM.','19610805 198211 1 001','4a','1459150457','2016-03-29 07:42:03',NULL,1),('1459212232','33','NUR AENI ASIH, SE. MM','19611227 198510 2 001','4a','1459150457','2016-03-29 07:43:52',NULL,1),('1459212326','33','SUDARNO AGUNG PURWANTONI, SH. MM','19630617 199310 1 001','4a','1459150457','2016-03-29 07:45:26',NULL,1),('1459212842','33','NUR IMAN. SH. MSI','19630919 198511 1 001','4a','1459150457','2016-03-29 07:54:02',NULL,1),('1459213172','33','AGUS WIYONO, S.SOS','19650821 198510 1 001','3c','1459150457','2016-03-29 07:59:32',NULL,1),('1459213293','33','WALUYO,SE','19670212 198903 1 008','3b','1459150457','2016-03-29 08:01:33',NULL,1),('1459213477','33','RITA INDIATI','19621222 198511 2 003','3a','1459150457','2016-03-29 08:04:37','2016-03-29 11:12:25',1),('1459213555','33','KRISTIANTO','19690502 200701 1 043','2c','1459150457','2016-03-29 08:05:55',NULL,1),('1459213623','33','SUKIRNO','19621110 200801 1 007','2b','1459150457','2016-03-29 08:07:03',NULL,1),('1459213707','33','YULI WIBOWO','19760725 201001 1 003','2b','1459150457','2016-03-29 08:08:27',NULL,1),('1459213769','99','HAJAR DEWANTO','','pk','1459150457','2016-03-29 08:09:29',NULL,1),('1459213934','99','JOHAN FATONY','','pk','1459150457','2016-03-29 08:12:14','2016-03-29 11:23:39',1),('1459213998','99','GUNAWAN','','pk','1459150457','2016-03-29 08:13:18',NULL,1),('1459214128','33','SUPRIYONO, SH','19601210 198503 2 018','4a','1459213035','2016-03-29 08:15:28',NULL,1),('1459214225','33','NINIK PUJI ASTUTI, S.SN, MM','19650223 199806 2 001','4a','1459213035','2016-03-29 08:17:05',NULL,1),('1459214319','33','SULASTRININGSIH, SE','19581220 197902 2 001','3d','1459213035','2016-03-29 08:18:39','2016-03-29 08:19:28',1),('1459214464','33','RM. ANDI MULYONO K, SE. MSI','19660214 199203 1 005','3d','1459213035','2016-03-29 08:21:04',NULL,1),('1459214552','33','SRIYONO, SSTP','19780526 199810 1 001','3d','1459213035','2016-03-29 08:22:32',NULL,1),('1459214601','33','JOKO PARYONO, SH','19620922 199203 1 002','3c','1459213035','2016-03-29 08:23:21',NULL,1),('1459214677','33','SITI LESTARI, SE','19680608 198903 2 003','3c','1459213035','2016-03-29 08:24:37',NULL,1),('1459214735','33','SIDIQ ADI PANDEGA, SSTP., MSI','19830328 200112 1 006','3c','1459213035','2016-03-29 08:25:35',NULL,1),('1459214785','33','BANDOT HARIJANTO','19671118 198903 1 004','2c','1459213035','2016-03-29 08:26:25',NULL,1),('1459214840','33','MOH. SOBIRIN','19771121 200801 1 003','2b','1459213035','2016-03-29 08:27:20',NULL,1),('1459214878','33','RASWIN','19751111 200901 1 008','2b','1459213035','2016-03-29 08:27:58',NULL,1),('1459214943','33','WAHYUDI SLAMET WIDODO','19661116 200801 1 001','1b','1459213035','2016-03-29 08:29:03',NULL,1),('1459215749','33','AGUS HARDIATMO, SH','19630811 199211 1 001','4a','1459213265','2016-03-29 08:42:29',NULL,1),('1459216011','33','EKO SUPRIYANTO,S.SOS','19581109 198503 1 008','3d','1459213265','2016-03-29 08:46:51',NULL,1),('1459216341','33','ASNADI, SH.MSI','19661115 198903 1 009','3d','1459213265','2016-03-29 08:52:21',NULL,1),('1459216464','33','SUPARDI, SE','19581006 197902 1 001','3d','1459213265','2016-03-29 08:54:24',NULL,1),('1459216594','33','SUTINI, SE','19670210 198903 2 005','3c','1459213265','2016-03-29 08:56:34',NULL,1),('1459217365','33','DRA. SRI HARNANI','19670619 199703 2 002','4a','1459152424','2016-03-29 09:09:25','2016-03-29 09:42:32',1),('1459217439','33','A.ISNANTO,S.IP','19651001 199603 1 003','3d','1459213265','2016-03-29 09:10:39',NULL,1),('1459217443','33','DRS. GATOT TRI WIBOWO','19581009 199002 1 001','3d','1459152424','2016-03-29 09:10:43',NULL,1),('1459217504','33','HARTININGSIH, SE','19640627 198509 2 001','3d','1459213265','2016-03-29 09:11:44',NULL,1),('1459217512','33','LANDJAR WIDODO, SE','19580607 197812 1 002','3d','1459152424','2016-03-29 09:11:52',NULL,1),('1459217565','33','SRI USDIANI, SE','19610903 199001 2 001','3c','1459213265','2016-03-29 09:12:45',NULL,1),('1459217570','33','SUGENG, SE','19620827 198510 1 001','3d','1459152424','2016-03-29 09:12:50',NULL,1),('1459217616','33','HAPTI ANDINI, SE','19710816 199201 2 003','3b','1459213265','2016-03-29 09:13:36',NULL,1),('1459217628','33','NOOR ARIFIN, SE','19660524 199203 1 007','3c','1459152424','2016-03-29 09:13:48',NULL,1),('1459217714','33','SUTARYO, SE','19580822 197901 1 003','3d','1459152424','2016-03-29 09:15:14',NULL,1),('1459217765','33','SUWARNO, SE','19590107 198503 1 012','3d','1459152424','2016-03-29 09:16:05',NULL,1),('1459218106','33','SURATMAN, SE, MM','19660509 198903 1 014','3c','1459152424','2016-03-29 09:21:46',NULL,1),('1459218184','33','SITI KHODIYATUN, SE','19650706 198910 2 001','3c','1459152424','2016-03-29 09:23:04',NULL,1),('1459218242','33','DRA. MURYATI','19660510 199403 2 007','3d','1459152424','2016-03-29 09:24:02',NULL,1),('1459218363','33','DEWI RAHAYU','19581221 197901 2 001','3b','1459152424','2016-03-29 09:26:03',NULL,1),('1459218449','33','DRA. SUNARSIH','19581217 199203 2 003','3d','1459152424','2016-03-29 09:27:29',NULL,1),('1459218576','33','ABDUL AZIZ, SE','19670125 199703 1 003','3d','1459152424','2016-03-29 09:29:36',NULL,1),('1459218586','33','MOEMUD SOEHARTI, SE','19700527 199303 2 002','3b','1459213265','2016-03-29 09:29:46',NULL,1),('1459218644','33','MA\'RUF RIYANTO','19591126 198503 1 006','2d','1459213265','2016-03-29 09:30:44',NULL,1),('1459218657','33','SRI HATI, SE','19611006 198510 2 001','3d','1459152424','2016-03-29 09:30:57',NULL,1),('1459218714','33','WARIS, SE','19610327 198503 1 011','3d','1459152424','2016-03-29 09:31:54',NULL,1),('1459218766','33','HARIYANTO','19710129 199603 1 001','3b','1459152424','2016-03-29 09:32:46',NULL,1),('1459218767','33','EKO SUPATMI','19611024 200701 2 001','2c','1459213265','2016-03-29 09:32:47',NULL,1),('1459218811','33','SUKIRMAN','19600107 200604 1 011','2c','1459152424','2016-03-29 09:33:31',NULL,1),('1459218856','33','DEWI BUANA','19630910 100701 1 020','2c','1459152424','2016-03-29 09:34:16',NULL,1),('1459218909','33','SISWADI','19661022 200701 1 006','2c','1459152424','2016-03-29 09:35:09',NULL,1),('1459218950','33','HADIYONO','19620805 200801 1 002','2b','1459152424','2016-03-29 09:35:50',NULL,1),('1459218961','33','BAMBANG SULISTYOAJI','19580515 197901 1 002','4a','1459130999','2016-03-29 09:36:01','2016-03-29 09:49:46',1),('1459219006','33','SRI NURJANAH','19800121 200901 2 007','2b','1459152424','2016-03-29 09:36:46',NULL,1),('1459219017','33','SUHARYO','19650426 199303 1 004','3d','1459130999','2016-03-29 09:36:57',NULL,1),('1459219048','33','SIH SRI REJONO','19640205 200901 1 002','2b','1459152424','2016-03-29 09:37:28',NULL,1),('1459219082','33','ANI SULISTYANI','19701129 198903 2 001','3d','1459130999','2016-03-29 09:38:02',NULL,1),('1459219102','33','MOH ADIB EFFENDI','19750911 200901 1 005','2b','1459152424','2016-03-29 09:38:22',NULL,1),('1459219140','33','IBNU PRABOWO','19760430 199803 1 004','3c','1459130999','2016-03-29 09:39:00',NULL,1),('1459219156','33','WAHYU WIBISONO','19660829 200901 1 006','2b','1459152424','2016-03-29 09:39:16',NULL,1),('1459219204','33','ANDY LAKSONO','19800106 200901 1 008','2b','1459152424','2016-03-29 09:40:04',NULL,1),('1459219234','33','WIWIK ISMIATUN','19670411 198903 2 005','3c','1459130999','2016-03-29 09:40:34',NULL,1),('1459219251','33','SUPARNO','19710126 201001 1 003','2b','1459152424','2016-03-29 09:40:51',NULL,1),('1459219278','33','TRI EDDY UTOMO','19700428 199303 1 006','3c','1459130999','2016-03-29 09:41:18',NULL,1),('1459219319','33','SUMANTO','19701010 200901 1 003','1d','1459152424','2016-03-29 09:41:59','2016-03-29 09:43:38',1),('1459219323','33','IRAWAN','19790919 200801 1 022','3b','1459130999','2016-03-29 09:42:03',NULL,1),('1459219402','33','WIWIT SUBEKTI','19860102 200412 1 001','3b','1459130999','2016-03-29 09:43:22',NULL,1),('1459219442','33','SUWARNINGSIH','19640910 198903 2 008','2d','1459130999','2016-03-29 09:44:02',NULL,1),('1459219468','33','SURATNO','19650302 200701 1 023','2b','1459213265','2016-03-29 09:44:28',NULL,1),('1459219520','33','YUNUS','19630325 200701 1 009','2b','1459213265','2016-03-29 09:45:20',NULL,1),('1459219540','33','TRISNO WAHMUDJITO','19620120 200801 1 004','2b','1459130999','2016-03-29 09:45:40',NULL,1),('1459219577','33','SUTARNO','19650713 200801 1 004','1d','1459213265','2016-03-29 09:46:17',NULL,1),('1459219602','33','DWI ELROSID MAHIRUN','19740606 200901 1 009','2b','1459130999','2016-03-29 09:46:42',NULL,1),('1459219653','99','SATRIA KESUMA ILHAM, ST','','phl','1459213265','2016-03-29 09:47:33',NULL,1),('1459219662','33','RUBANGI','19680606 200701 1 029','2b','1459130999','2016-03-29 09:47:42',NULL,1),('1459219690','99','NANANG SUNARYONO','','phl','1459213265','2016-03-29 09:48:10',NULL,1),('1459219709','99','NOVENDI DWI HARYANTO','','phl','1459130999','2016-03-29 09:48:29',NULL,1),('1459219738','33','DIANA PUSPASARI','19810922 200604 2 015','3c','1459136367','2016-03-29 09:48:58',NULL,1),('1459219766','33','SAMIJO','19600428 198510 1 002','3b','1459130999','2016-03-29 09:49:26',NULL,1),('1459220203','33','TISNO PURWANTO,S.SOS.MM','19610121 198607 1 001','4a','1459151125','2016-03-29 09:56:43','2016-03-29 11:26:34',1),('1459220275','33','NUR BAMBANG AGUNG PERMADI,S.SOS','19600204 198103 1 011','3d','1459151125','2016-03-29 09:57:55','2016-03-29 11:26:53',1),('1459220425','33','HERRY MURWANTO,SE','19590119 197902 1 001','3d','1459151125','2016-03-29 10:00:25','2016-03-29 11:27:09',1),('1459220482','33','OLLYK HENDRARJANTO.SH','19651112 198511 1 001','4a','1459215531','2016-03-29 10:01:22',NULL,1),('1459220542','33','MA.WIDIYANTI,SE.MM','19610127 197902 2 001','3d','1459151125','2016-03-29 10:02:22','2016-03-29 11:27:24',1),('1459220593','33','SUMARYANTO,SE','19580625 198503 1 013','3d','1459151125','2016-03-29 10:03:13','2016-03-29 11:27:38',1),('1459220615','33','CHRISTIANA LESTIYANTI.S.SOS','19590608 197902 2 001','3d','1459215531','2016-03-29 10:03:35',NULL,1),('1459220642','33','ALEP REFAIN,SH.MM','19680831 198903 1 005','3d','1459151125','2016-03-29 10:04:02','2016-03-29 11:27:55',1),('1459220678','33','SUSETIYO RAHARJO','19750208 200901 1 006','2b','1459136436','2016-03-29 10:04:38',NULL,1),('1459220694','33','ASIH SETIORINI,SE','19690510 198903 2 006','3c','1459151125','2016-03-29 10:04:54','2016-03-29 11:28:09',1),('1459220736','33','KASMADI,SE','19660922 198903 1 005','3c','1459151125','2016-03-29 10:05:36','2016-03-29 11:28:23',1),('1459220786','33','MAS\'OEDAH,SE','19650906 199309 2 002','3c','1459151125','2016-03-29 10:06:26','2016-03-29 11:28:42',1),('1459220792','33','REZA FERIANSYAH,SE','19800201 201101 0 006','3b','1459136436','2016-03-29 10:06:32',NULL,1),('1459220829','33','NGATMIN,SH','19690805 198903 1 004','3c','1459151125','2016-03-29 10:07:09','2016-03-29 11:28:57',1),('1459220857','33','ANDREAS TEGUH ,S.KOM','19771126 201001 0 004','3b','1459136436','2016-03-29 10:07:37',NULL,1),('1459220912','33','AGUS MURTRIYONO,SE','19680809 198903 1 008','3b','1459151125','2016-03-29 10:08:32','2016-03-29 11:29:14',1),('1459220967','33','PURWADI','19620912 198503 1 014','3b','1459151125','2016-03-29 10:09:27',NULL,1),('1459221025','33','SUGIARTO,SE','19590623 198503 1 006','3a','1459151125','2016-03-29 10:10:25','2016-03-29 11:29:39',1),('1459221089','33','M ZALUL','19690730 200801 1 005','2b','1459151125','2016-03-29 10:11:29',NULL,1),('1459221181','33','ASEP RIYADI','19770915 200901 1 006','2b','1459151125','2016-03-29 10:13:01',NULL,1),('1459221691','33','SLAMET RIYADI','19721002 201001 1 003','2b','1459151125','2016-03-29 10:21:31',NULL,1),('1459221738','33','SASMINTONO','19661016 201001 1 002','1d','1459151125','2016-03-29 10:22:18',NULL,1),('1459221786','33','SAROYO','19721222 200701 1 008','2a','1459136436','2016-03-29 10:23:06',NULL,1),('1459221870','33','KUSNAN','19590714 198510 1 001','2a','1459136436','2016-03-29 10:24:30',NULL,1),('1459222027','33','SLAMET','19591105 198503 1 007','2a','1459136436','2016-03-29 10:27:07',NULL,1),('1459222121','33','BUDI UTOMO','19600604 200604 1 019','1c','1459136436','2016-03-29 10:28:41',NULL,1),('1459222218','33','CAHYOWATI','19580209 197812 2 001','3d','1459130999','2016-03-29 10:30:18',NULL,1),('1459222378','99','ANDREAS INDRO YUWONO, AMD','','phl','1459136436','2016-03-29 10:32:58',NULL,1),('1459222501','33','SISWANDARI CAHYANINGTYAS','19870117 200901 2 002','3b','1459136367','2016-03-29 10:35:01',NULL,1),('1459222507','99','BAROTO','','phl','1459136436','2016-03-29 10:35:07',NULL,1),('1459222574','99','ANANG CARONO','','phl','1459136436','2016-03-29 10:36:14',NULL,1),('1459222626','99','HENDRO BASUKI','','phl','1459136436','2016-03-29 10:37:06',NULL,1),('1459222678','99','ANITA LINDHA WIJAYANTI,AMD','','phl','1459136436','2016-03-29 10:37:58',NULL,1),('1459222721','99','HARISDHA ALDAKARNILA, SH','','phl','1459136436','2016-03-29 10:38:41',NULL,1),('1459223270','99','NANDA AGIT WIJAYANTO, SH','','phl','1459136436','2016-03-29 10:47:50',NULL,1),('1459223321','99','DITA FRISTI PUTRI HIDAYANI','','phl','1459136436','2016-03-29 10:48:41','2016-03-30 13:37:48',1),('1459224053','99','DEDI HARTANTO','','phl','1459136436','2016-03-29 11:00:53',NULL,1),('1459224471','33','BUDI LESTARI, S.SOS, MM','19591029 198503 2 004','3d','1459215531','2016-03-29 11:07:51',NULL,1),('1459224537','33','SUTARDI, SH','19590814 198510 1 001','3b','1459138103','2016-03-29 11:08:57',NULL,1),('1459224598','33','SUDARYONO RIO, SE','19640720 198508 1 001','3d','1459215531','2016-03-29 11:09:58',NULL,1),('1459224745','33','JOKO SUWITO, SH','19590404 198503 1 013','3d','1459138103','2016-03-29 11:12:25',NULL,1),('1459224929','33','EDDY MURYANTO,SE,M.SI','19651227 199203 1 004','3d','1459138103','2016-03-29 11:15:29',NULL,1),('1459225181','33','PUDJI ASTUTIK, SH','19610912 198803 2 006','3d','1459138103','2016-03-29 11:19:41',NULL,1),('1459225366','33','ANIS WIDOWATI, S. SOS','19640410 198701 2 001','3d','1459215531','2016-03-29 11:22:46',NULL,1),('1459225375','99','ADI SUNDORO','','pk','1459150457','2016-03-29 11:22:55',NULL,1),('1459225379','33','DRS. DAVID BUDI HANTORO, MM','19610601 198810 1 001','4b','1459138103','2016-03-29 11:22:59',NULL,1),('1459225447','33','HERI PITOYO, S. IP','19641213 198903 1 007','3c','1459215531','2016-03-29 11:24:07',NULL,1),('1459225503','99','FIKA ARDIANSYAH YUNUS','','phl','1459152424','2016-03-29 11:25:03',NULL,1),('1459225510','33','SUDIYANTO, SE','19630727 199403 1 008','3c','1459215531','2016-03-29 11:25:10',NULL,1),('1459225520','33','HARI SUROSO, SE','19670425 199503 1 002','3d','1459138103','2016-03-29 11:25:20',NULL,1),('1459225533','99','MUHAMMAD RIFKY','','phl','1459152424','2016-03-29 11:25:33',NULL,1),('1459225563','99','AGUSTINUS WIDIYANTO','','phl','1459152424','2016-03-29 11:26:03',NULL,1),('1459225579','33','BOBBY RACHMANSYAH, STP','19830420 201112 1 004','3c','1459215531','2016-03-29 11:26:19',NULL,1),('1459225583','99','AGUS SUSENO','','phl','1459152424','2016-03-29 11:26:23',NULL,1),('1459225603','33','JOKO WAHYU SANTOSO','19700718 200901 1 001','2d','1459138103','2016-03-29 11:26:43',NULL,1),('1459225608','99','HARI DJOKO PRASETYO','','phl','1459152424','2016-03-29 11:26:48',NULL,1),('1459225631','99','HENDRO WIBOWO','','phl','1459152424','2016-03-29 11:27:11',NULL,1),('1459225651','99','IS GUNANTO','','phl','1459152424','2016-03-29 11:27:31',NULL,1),('1459225671','33','JUMADI','19711022 201001 1 002','2b','1459138103','2016-03-29 11:27:51',NULL,1),('1459225672','33','SLAMET PURWANTO, SE','19711020 199303 1 005','3c','1459215531','2016-03-29 11:27:52',NULL,1),('1459225727','33','KASWADI','19630205 198508 1 002','3b','1459215531','2016-03-29 11:28:47',NULL,1),('1459225730','33','SARWAJI','19610718 198503 1 007','2a','1459138103','2016-03-29 11:28:50',NULL,1),('1459225789','33','RINTO HUDIONO, SE','19740112 199703 1 001','3c','1459215531','2016-03-29 11:29:49',NULL,1),('1459225806','33','TRI SLAMET RIJADI, SH','19691216 198903 1 004','3b','1459138103','2016-03-29 11:30:06',NULL,1),('1459225863','33','MULYONO','19581015 198503 1 017','3a','1459138103','2016-03-29 11:31:03',NULL,1),('1459225928','33','WAHYUDI','19671107 198903 1 016','2c','1459215531','2016-03-29 11:32:08',NULL,1),('1459225959','33','SANTOSO KASIHAN','19640219 198509 1 001','2d','1459138103','2016-03-29 11:32:39',NULL,1),('1459225987','33','SUTARNO','19650215 200701 1 013','2c','1459215531','2016-03-29 11:33:07',NULL,1),('1459226028','33','SUNYOTO','19720112 200901 1 004','2b','1459138103','2016-03-29 11:33:48',NULL,1),('1459226048','33','SIGIT PRABOWO','19720730 200901 1 001','2b','1459215531','2016-03-29 11:34:08',NULL,1),('1459226082','33','GUNADI','19820825 200901 1 009','2b','1459138103','2016-03-29 11:34:42',NULL,1),('1459226098','33','PONIDI','19741101 200901 1 005','2b','1459215531','2016-03-29 11:34:58',NULL,1),('1459226164','33','SLAMET MULYONO','19651207 201001 1 002','2b','1459215531','2016-03-29 11:36:04',NULL,1),('1459226211','33','JOKO SUYONO','19700702 200701 1 008','2c','1459138103','2016-03-29 11:36:51',NULL,1),('1459226239','33','TULUS SUPRIYONO','19670827 201001 1 002','2b','1459215531','2016-03-29 11:37:19',NULL,1),('1459226936','33','KURNIAWAN DS, SH','19700624 198903 1 002','3c','1459138103','2016-03-29 11:48:56',NULL,1),('1459227008','33','DWI ANDAYANI, SH','19691020 198903 2 004','3c','1459138103','2016-03-29 11:50:08',NULL,1),('1459227077','33','KUSWANTO ISWAHYUDI','19780806 200901 1 011','2b','1459138103','2016-03-29 11:51:17',NULL,1),('1459227135','33','SUKIRNO','19760229 200901 1 002','2b','1459138103','2016-03-29 11:52:15',NULL,1),('1459227198','33','ZAENAL ARIFIN','19691130 200901 1 004','2b','1459138103','2016-03-29 11:53:18',NULL,1),('1459227270','33','ANTON YUDI S WEO','19730102 201001 1 002','2b','1459138103','2016-03-29 11:54:30',NULL,1),('1459227490','33','HENU BUDIARTO','19740508 201001 1 003','2b','1459215531','2016-03-29 11:58:10',NULL,1),('1459227568','33','JATMIKO ARISETO','19771025 201001 1 004','2b','1459215531','2016-03-29 11:59:28',NULL,1),('1459227743','33','HENRY RISDIYANTO','19820123 201001 1 007','2b','1459215531','2016-03-29 12:02:23',NULL,1),('1459227767','33','DIAN ANGGRAINI','19780918 199803 2 002','3c','1459152424','2016-03-29 12:02:47',NULL,1),('1459227833','33','JAJANG PRIYANTO','19840312 201001 1 003','2b','1459215531','2016-03-29 12:03:53',NULL,1),('1459227865','99','PIHAK LAIN','','pk','1459152424','2016-03-29 12:04:25',NULL,1),('1459227890','33','SUYONO','19630212 198506 1 001','2a','1459215531','2016-03-29 12:04:50',NULL,1),('1459229743','33','LINA MAYANTI HARAHAP','19750101 199303 2 001','3d','1459136367','2016-03-29 12:35:43',NULL,1),('1459230241','33','SLAMET RIYADI, SH.','19581210 197902 1 001','3d','1459152004','2016-03-29 12:44:01',NULL,1),('1459230308','33','HADI KISWANTO, S.SOS, MM.','19610309 198503 1 009','3d','1459152004','2016-03-29 12:45:08',NULL,1),('1459230390','33','SRI MARYATI, SE.','19580418 197902 2 002','3d','1459152004','2016-03-29 12:46:30',NULL,1),('1459230446','33','AGOES HERNOWO, SH.,MH.','19580823 198503 1 010','4a','1459152004','2016-03-29 12:47:26',NULL,1),('1459230563','33','SARSONO, SE.','19580606 198503 1 014','3c','1459152004','2016-03-29 12:49:23',NULL,1),('1459230632','33','RADI, SE.','19660217 200701 1 013','2c','1459152004','2016-03-29 12:50:32',NULL,1),('1459230725','33','WIWIK IRIANI, SE.','19620606 198503 2 011','3d','1459152004','2016-03-29 12:52:05',NULL,1),('1459230791','33','YULIES HERAWAN','19580718 197903 1 005','3b','1459152004','2016-03-29 12:53:11',NULL,1),('1459230840','33','SUKAMTO, SE.','19580607 198510 1 001','3d','1459152004','2016-03-29 12:54:00',NULL,1),('1459230896','33','HARYADI, SE.','19621224 198503 1 008','3c','1459152004','2016-03-29 12:54:56',NULL,1),('1459230963','33','ARIF BUDIYANTO, SE.','19710709 200312 1 003','3c','1459152004','2016-03-29 12:56:03',NULL,1),('1459231024','33','SRI YAMTONO','19691202 200701 1 007','2c','1459152004','2016-03-29 12:57:04',NULL,1),('1459231096','33','TUKIMAN','19620706 200701 1 005','2c','1459152004','2016-03-29 12:58:16',NULL,1),('1459231202','33','EKO SAPTONO','19710904 201001 1 003','2b','1459152004','2016-03-29 13:00:02',NULL,1),('1459231320','33','SURONO, AMD.','19700308 199303 1 007','3b','1459152004','2016-03-29 13:02:00',NULL,1),('1459231533','99','KUNTI KATHINA AGUNG, SE.','','phl','1459152004','2016-03-29 13:05:33',NULL,1),('1459231572','99','ISANA KUSTIN ACINTYASAKTI, SE.','','phl','1459152004','2016-03-29 13:06:12',NULL,1),('1459231616','99','WAWAN MARLIYANTO, S.SOS','','phl','1459152004','2016-03-29 13:06:56',NULL,1),('1459231622','33','SRI MARYATI ,SH.MM','19580914 197812 2 001','4b','1459136436','2016-03-29 13:07:02','2016-03-30 13:37:10',1),('1459231683','99','RATNAWATI DWI CAHYANI, SE.','','phl','1459152004','2016-03-29 13:08:03',NULL,1),('1459231708','99','ADE FAJAR SUMIRAT, SE.','','phl','1459152004','2016-03-29 13:08:28',NULL,1),('1459231737','99','ADITYA PUTROJATI P, SH.','','phl','1459152004','2016-03-29 13:08:57',NULL,1),('1459231764','99','HAAD SULESTIARTO','','phl','1459152004','2016-03-29 13:09:24',NULL,1),('1459233773','33','HAPPYONO, SH','19590101 199002 1 003','4b','1459151511','2016-03-29 13:42:53',NULL,1),('1459233898','33','YUNIA KARTIKA RATRI','19630604 199303 2 002','3d','1459151511','2016-03-29 13:44:58',NULL,1),('1459233959','33','RR. SRI LESTARI, SH','19640324 198612 2 002','3d','1459151511','2016-03-29 13:45:59',NULL,1),('1459234001','33','RUSMANA, S.IP','19640610 198603 1 020','3d','1459151511','2016-03-29 13:46:41',NULL,1),('1459234061','33','WISNU UTOMO, SH','19590125 198301 1 005','3c','1459151511','2016-03-29 13:47:41',NULL,1),('1459234112','33','DWI LISTIONO, A.MD','19650731 198903 1 007','3c','1459151511','2016-03-29 13:48:32',NULL,1),('1459234186','33','FAIZAH WIDHIARTI, SE','19581113 197903 2 003','3c','1459151511','2016-03-29 13:49:46',NULL,1),('1459234749','33','SUDITO, SE','19630118 198510 1 001','3c','1459151511','2016-03-29 13:59:09',NULL,1),('1459234799','33','DICKY SETYO INDARYONO','19700630 198903 1 001','3c','1459151511','2016-03-29 13:59:59',NULL,1),('1459234852','33','DWI SURYANTO','19680408 198903 1 004','3b','1459151511','2016-03-29 14:00:52',NULL,1),('1459234910','33','MUCHRONI','19581219 198503 1 003','3a','1459151511','2016-03-29 14:01:50',NULL,1),('1459234958','33','KADARYONO','19631226 200701 1 003','2c','1459151511','2016-03-29 14:02:38',NULL,1),('1459235064','33','MUNAWIR SUMBONO','19780613 200701 1 007','2c','1459151511','2016-03-29 14:04:24',NULL,1),('1459235153','33','EDI CAHYANA','19621001 200801 1 003','2b','1459151511','2016-03-29 14:05:53',NULL,1),('1459235508','33','SUPARDI','19670716 201001 1 002','2b','1459151511','2016-03-29 14:11:48',NULL,1),('1459236370','33','SAIPUL MASKAN','19690906 200801 1 012','2b','1459151511','2016-03-29 14:26:10',NULL,1),('1459236438','33','TRI DARU ATMOJO','19701013 201001 1 002','2b','1459151511','2016-03-29 14:27:18',NULL,1),('1459236485','33','AMBARWANTO','19780423 200801 1 008','2b','1459151511','2016-03-29 14:28:05',NULL,1),('1459236550','33','YANUAR PRAKOSO','19790110 200901 1 010','2b','1459151511','2016-03-29 14:29:10',NULL,1),('1459236602','33','YANUAR PRAMBADI','19790110 201001 1 005','2b','1459151511','2016-03-29 14:30:02',NULL,1),('1459236670','33','WARDOYO','19750225 200801 1 005','2a','1459151511','2016-03-29 14:31:10',NULL,1),('1459236717','33','SAHLAN SUBARJO','19631206 200701 1 005','1c','1459151511','2016-03-29 14:31:57',NULL,1),('1459236760','33','SUWARDI','19650522 200701 1 009','1c','1459151511','2016-03-29 14:32:40',NULL,1),('1459237197','99','RIO DWI YUNANTO','','phl','1459151511','2016-03-29 14:39:57',NULL,1),('1459238744','33','YULIATI FARIDA, SH, MM','19610717 198811 2 001','4a','1459065417','2016-03-29 15:05:44','2016-03-30 14:44:20',1),('1459243212','33','DRA. ENDANG SUSILOWATI,M.SI','19591027 198603 2 003','4a','1459137509','2016-03-29 16:20:12','2016-03-30 19:33:55',1),('1459243553','33','DIANA YUSTIVA, S.E.,M.M.','19580517 197903 2 003','3d','1459137509','2016-03-29 16:25:53',NULL,1),('1459243800','33','MUSTOLIH,S.H.,M.M.','19630505 198508 1 004','4a','1459137509','2016-03-29 16:30:00',NULL,1),('1459244106','33','PONIDI, S.E.','19591204 198212 1 002','3d','1459137509','2016-03-29 16:35:06',NULL,1),('1459244260','33','SUTARNO, S.E.','19610204 198503 1 012','3d','1459137509','2016-03-29 16:37:40',NULL,1),('1459244346','33','SARIMIN, S.E.','19641010 198508 1 002','3d','1459137509','2016-03-29 16:39:06','2016-03-30 19:18:42',1),('1459244603','33','ZURIYANTO, S.E.','19651218 198903 1 009','3c','1459137509','2016-03-29 16:43:23',NULL,1),('1459246241','33','TEGUH SUSILANINGSIH, S.E.','19661123 198903 1 009','3c','1459137509','2016-03-29 17:10:41',NULL,1),('1459246404','33','KHAIRUDIN, S.E.','19670202 198910 1 001','3c','1459137509','2016-03-29 17:13:24',NULL,1),('1459246571','33','ACHMAD SLAMET, S.E.','19690501 198903 1 003','3c','1459137509','2016-03-29 17:16:11',NULL,1),('1459246664','33','SITI RODHIYAH, S.E.','19700112 199001 2 001','3c','1459137509','2016-03-29 17:17:44',NULL,1),('1459246828','33','KASWANTO, S.E.','19691123 198903 1 003','3b','1459137509','2016-03-29 17:20:28',NULL,1),('1459246987','33','SETYO HADI WIRYANTO','19780824 200701 1 009','2c','1459137509','2016-03-29 17:23:07',NULL,1),('1459247132','33','ENDRO ADY ARIEFIANTO','19721126 201001 1 002','2b','1459137509','2016-03-29 17:25:32',NULL,1),('1459247238','33','AGUSTINUS WULANTORO','19800810 101001 1 008','2b','1459137509','2016-03-29 17:27:18',NULL,1),('1459247298','99','SLAMET RIYADI','','phl','1459137509','2016-03-29 17:28:18',NULL,1),('1459247323','99','ROHMAT','','phl','1459137509','2016-03-29 17:28:43',NULL,1),('1459295710','33','DRS. WIBOWO, MM','19661025 199312 1 003','4b','1459137438','2016-03-30 06:55:10',NULL,1),('1459295749','33','ELLIES PUJI HERAWATI, SE','19610615 198602 2 001','3d','1459137438','2016-03-30 06:55:49',NULL,1),('1459295781','33','HARIPAHWATI SETI RAHAYU, SH','19671110 198610 2 001','3d','1459137438','2016-03-30 06:56:21',NULL,1),('1459295809','33','SUWADI, SE','19660804 199003 1 003','3c','1459137438','2016-03-30 06:56:49',NULL,1),('1459295856','33','SUKATMO, SE','19670512 198903 1 007','3c','1459137438','2016-03-30 06:57:36',NULL,1),('1459295891','33','HARYONO, SE','19670720 198903 1 010','3c','1459137438','2016-03-30 06:58:11',NULL,1),('1459295923','99','ANANG CHANDRA LESMANA, SE','','phl','1459137438','2016-03-30 06:58:43',NULL,1),('1459295944','99','AVEN MERTIA WIJAYANTI, SE','','phl','1459137438','2016-03-30 06:59:04',NULL,1),('1459296489','99','EKO SUPRIADI','','phl','1459137438','2016-03-30 07:08:09',NULL,1),('1459296504','99','GILANG ADITYA BUANA, SH','','phl','1459137438','2016-03-30 07:08:24',NULL,1),('1459296522','99','WARSONO','','phl','1459137438','2016-03-30 07:08:42',NULL,1),('1459296553','33','DRA. AINUN HIDAYAH','19620320 199001 2 001','3d','1459137438','2016-03-30 07:09:13',NULL,1),('1459296587','33','ERNY FATNI','19591115 198508 2 002','3b','1459137438','2016-03-30 07:09:47',NULL,1),('1459296655','33','PURWADI, SE','19641019 200701 1 005','3a','1459137438','2016-03-30 07:10:55',NULL,1),('1459296688','33','RONJIKUN','19660626 200701 1 011','2c','1459137438','2016-03-30 07:11:28',NULL,1),('1459296720','33','MUSLIKHAH','19620410 200701 2 002','2c','1459137438','2016-03-30 07:12:00',NULL,1),('1459296758','33','DIDIK SUPRIANTO','19710620 201001 1 002','2b','1459137438','2016-03-30 07:12:38',NULL,1),('1459296798','33','SEAN','19641008 201001 1 002','2b','1459137438','2016-03-30 07:13:18',NULL,1),('1459296932','33','WIBOWO, SH','19601210 198709 1 001','4a','1459240332','2016-03-30 07:15:32',NULL,1),('1459296982','33','SRI RAHAYU SAPARTINAH, SE','19580822 197802 2 001','3d','1459240332','2016-03-30 07:16:22',NULL,1),('1459297035','33','GUNTARI SUSILAWATI, SE','19580601 197802 2 001','3d','1459240332','2016-03-30 07:17:15',NULL,1),('1459297088','33','TH. ARIE ASTUTI, SE','19580901 197902 2 001','3d','1459240332','2016-03-30 07:18:08',NULL,1),('1459297140','33','GATOT BAMBANG PRIYONO, S.SOS','19590922 198508 1 001','3d','1459240332','2016-03-30 07:19:00',NULL,1),('1459297187','33','SISWANTO, SE','19630820 198711 1 001','3d','1459240332','2016-03-30 07:19:47',NULL,1),('1459297260','33','RIAN SOESETYA, SE','19611215 198503 1 001','3d','1459240332','2016-03-30 07:21:00','2016-03-30 13:55:32',1),('1459297373','33','HERLIN LISTYANTINI, AMD','19630505 198510 2 001','3c','1459240332','2016-03-30 07:22:53',NULL,1),('1459297439','33','ROKHMAD, SE','19630701 199003 1 010','3c','1459240332','2016-03-30 07:23:59',NULL,1),('1459297513','33','BEJO','19610421 199002 1 003','3b','1459240332','2016-03-30 07:25:13',NULL,1),('1459297565','33','SUPARJO','19600813 199210 1 002','3b','1459240332','2016-03-30 07:26:05',NULL,1),('1459297609','33','ANA WAHYU MAWARTININGSIH, SSTP','19860518 200602 2 002','3b','1459240332','2016-03-30 07:26:49',NULL,1),('1459297647','33','EDY BUDIYANTO','19611018 200701 1 002','2c','1459240332','2016-03-30 07:27:27',NULL,1),('1459297682','33','SUMARSONO','19660501 200701 1 019','2c','1459240332','2016-03-30 07:28:02',NULL,1),('1459297740','33','EDI SUPRAPTA','19680815 200701 1 023','2c','1459240332','2016-03-30 07:29:00',NULL,1),('1459297802','33','HERMAWAN SULISTYO PUTRO, A.MD','19860904 201001 1 009','2c','1459240332','2016-03-30 07:30:02',NULL,1),('1459297858','33','TARDONO PRAMUJOKO','19770530 200801 1 007','2b','1459240332','2016-03-30 07:30:58','2016-03-30 07:32:31',1),('1459297912','33','HARTONO','19651107 200801 1 002','2b','1459240332','2016-03-30 07:31:52',NULL,1),('1459297986','33','SUYONO','19650526 200701 1 012','2a','1459240332','2016-03-30 07:33:06',NULL,1),('1459298033','99','AA. JOKO PURWANTO','','phl','1459240332','2016-03-30 07:33:53',NULL,1),('1459298089','99','TRIJOKO BUDI RAHARJO','','phl','1459240332','2016-03-30 07:34:49',NULL,1),('1459298112','99','ARIF SETIADI','','phl','1459240332','2016-03-30 07:35:12',NULL,1),('1459298136','99','BENNY ARIBOWO','','phl','1459240332','2016-03-30 07:35:36',NULL,1),('1459298160','99','AGUNG PUTRA PERMANA','','phl','1459240332','2016-03-30 07:36:00',NULL,1),('1459302929','33','NASIB, S.SOS, MM.','19660327 198903 1 011','3d','1459065329','2016-03-30 08:55:29',NULL,1),('1459302991','33','SRI MULYATI','19600116 198510 2 011','3d','1459065329','2016-03-30 08:56:31',NULL,1),('1459303336','33','AGUS HARIPUTRANTO, SE','19581114 198510 1 002','3d','1459136436','2016-03-30 09:02:16','2016-03-30 09:02:44',1),('1459306198','33','WAHYU ADHY BUDIARTO','19660717 200701 1 016','2c','1459065417','2016-03-30 09:49:58',NULL,1),('1459311275','33','SULIJASIH, SH','19590905 199103 2 004','4a','1459136279','2016-03-30 11:14:35',NULL,1),('1459311414','33','RUSWANDI, SH','19680805 198903 1 011','3c','1459138103','2016-03-30 11:16:54',NULL,1),('1459311483','33','AGUS PRANOTO, ST','19801026 200012 1 002','3d','1459136279','2016-03-30 11:18:03',NULL,1),('1459311627','33','RR. DWI ENDAH S, SH.MM','19640503 198812 2 002','4a','1459136279','2016-03-30 11:20:27',NULL,1),('1459312025','33','DEWI RETNANI, SE.MM','19711227 199012 2 002','3d','1459136279','2016-03-30 11:27:05',NULL,1),('1459312164','33','DRS. AGUS YUDI PRASETYO, M.KOM','19690821 199312 2 002','4a','1459136279','2016-03-30 11:29:24','2016-03-30 15:07:37',1),('1459312248','33','ENDANG LESTARININGSIH, SE, MM','19620410 198503 2 011','4b','1459133843','2016-03-30 11:30:48','2016-03-30 14:58:25',1),('1459312271','33','WORO BUDIASTUTI, S.SOS','19631213 198903 2 012','3d','1459136279','2016-03-30 11:31:11',NULL,1),('1459312308','33','IBK. ALAMSYAH, S.SOS, M.SI.','19730915 199211 1 001','4a','1459065329','2016-03-30 11:31:48',NULL,1),('1459312329','33','TONI HARTONO, SE','19580929 197903 1 003','3d','1459136279','2016-03-30 11:32:09',NULL,1),('1459312402','33','SRI KOESMINTARSIH, S.SOS.SE','19590520 198511 2 002','3d','1459136279','2016-03-30 11:33:22',NULL,1),('1459312471','33','RM GUNUNG WIBISONO ,S, SOS, MM','19620204 198503 1 002','4a','1459133843','2016-03-30 11:34:31',NULL,1),('1459312519','33','FATMA MEININGTYAS A, SE','19620512 198503 2 005','3d','1459136279','2016-03-30 11:35:19',NULL,1),('1459312581','33','INSULINDE TETLEPTA, SH','19660224 198912 2 002','3d','1459136279','2016-03-30 11:36:21',NULL,1),('1459312631','33','FARIDA HASANAH,SH,MM','19640303 199310 2 001','4a','1459133843','2016-03-30 11:37:11',NULL,1),('1459312683','33','MOCHAMAD ARIES MASLIKHAN, SH,MM','19710127 199309 1 001','3d','1459136279','2016-03-30 11:38:03',NULL,1),('1459312744','33','MOCH SRI HARTONO,SH','19680927 198903 1 013','3d','1459133843','2016-03-30 11:39:04',NULL,1),('1459312772','33','TRIJANTO, SE','19680218 199001 1 001','3c','1459136279','2016-03-30 11:39:32',NULL,1),('1459312848','33','JUMINI, SE','19671115 198903 2 009','3c','1459136279','2016-03-30 11:40:48',NULL,1),('1459312858','33','AGUS SRI LAKSITO,SY,S,SOS','19580825 198503 1 011','3d','1459133843','2016-03-30 11:40:58',NULL,1),('1459312942','33','MUJIATUN, SE','19700509 199102 2 001','3c','1459136279','2016-03-30 11:42:22',NULL,1),('1459312959','33','HENDRAWAN PURWANTO, S.STP','19820519 200012 1 001','3c','1459133843','2016-03-30 11:42:39','2016-03-30 16:06:39',1),('1459313043','33','SOPYAN,SE','19581203 197811 1 002','3d','1459133843','2016-03-30 11:44:03','2016-03-30 12:11:58',1),('1459313134','33','PONIK KUSMIYATI','19590622 197901 2 001','3b','1459133843','2016-03-30 11:45:34','2016-03-30 12:14:13',1),('1459313300','33','ATIK TRI YOGO,S,SOS','19790115 199803 2 004','3b','1459133843','2016-03-30 11:48:20','2016-03-30 12:12:48',1),('1459313561','33','RIO HANANTO, SE. MM','19600704 197901 1 002','3c','1459136279','2016-03-30 11:52:41',NULL,1),('1459313577','33','IGNATIUS SUHARTONO,SE','19610331 199930 1 001','3b','1459133843','2016-03-30 11:52:57','2016-03-30 12:13:11',1),('1459313691','33','ALEXANDER JATIWALUYO,AMD','19600801 199503 1 002','3b','1459133843','2016-03-30 11:54:51','2016-03-30 12:13:30',1),('1459313732','33','AGUNG PRIOATMOJO, SE','19720901 199603 1 002','3b','1459136279','2016-03-30 11:55:32',NULL,1),('1459314054','33','WAHYUNINGRUM.A,SE','19820526 200501 2 007','3a','1459133843','2016-03-30 12:00:54',NULL,1),('1459314159','33','ALEX SUDIYONO,AMD','19580616 198503 1 011','2d','1459133843','2016-03-30 12:02:39',NULL,1),('1459314270','33','M.I EFENDI','19800507 200901 1 006','2b','1459133843','2016-03-30 12:04:30',NULL,1),('1459314355','33','LANA SUPRIYADI','19800810 201001 1 007','2b','1459133843','2016-03-30 12:05:55',NULL,1),('1459314439','33','SADI SUWANTO','19680318 200701 1 010','2b','1459133843','2016-03-30 12:07:19',NULL,1),('1459314524','33','NGATIMIN SIMAN','19640812 200701 1 012','1c','1459133843','2016-03-30 12:08:44',NULL,1),('1459314610','99','ADIANTO NUGROHO,SE','','phl','1459133843','2016-03-30 12:10:10',NULL,1),('1459314670','99','HARI GIYARTO','','phl','1459133843','2016-03-30 12:11:10',NULL,1),('1459314714','33','DRS. BUDI SULISTYONO, MSI','19581121 198403 1 006','4b','1459310660','2016-03-30 12:11:54',NULL,1),('1459314969','33','NIKEN AROEM ARDHANI, SH, MM','19641103 199301 2 001','4a','1459310660','2016-03-30 12:16:09',NULL,1),('1459315061','33','DRS. SOEGITO SANTOSO, MSI','19610606 198903 1 002','3d','1459310660','2016-03-30 12:17:41',NULL,1),('1459315145','33','ACHMAD MUDJAHIDIN, SH, MH','19690919 198903 1 002','3d','1459310660','2016-03-30 12:19:05',NULL,1),('1459315208','33','SLAMET INDARTO, SH','19700127 198903 1 002','3d','1459310660','2016-03-30 12:20:08',NULL,1),('1459315323','33','SYAMSUDIN, SIP','19590615 198903 1 004','3c','1459310660','2016-03-30 12:22:03',NULL,1),('1459315386','33','PURWANTI, SE','19690322 198903 2 006','3c','1459310660','2016-03-30 12:23:06',NULL,1),('1459315440','33','W I H O N O','19631013 198510 1 001','3b','1459310660','2016-03-30 12:24:00',NULL,1),('1459315612','33','WASKITO, SE','19600828 198710 1 001','3b','1459310660','2016-03-30 12:26:52',NULL,1),('1459315658','33','ANITA DIAN PUSPITASARI, SE. MM','19860308 201001 2 019','3b','1459136279','2016-03-30 12:27:38',NULL,1),('1459315732','33','K U S Y A D I','19590922 199102 1 001','3b','1459310660','2016-03-30 12:28:52',NULL,1),('1459315741','33','M. I DEWI NURINDAH P','19611113 198510 2 001','3b','1459136279','2016-03-30 12:29:01',NULL,1),('1459315835','33','HARDANA, SE','19610901 198510 1 001','3b','1459310660','2016-03-30 12:30:35',NULL,1),('1459315864','33','MARIA MAHDALENA VONNY','19580416 197903 2 002','3b','1459136279','2016-03-30 12:31:04',NULL,1),('1459315911','33','GUNAWAN','19600925 198509 1 001','2d','1459136279','2016-03-30 12:31:51',NULL,1),('1459315979','33','S I S W A N T O','19770203 200801 1 007','2c','1459310660','2016-03-30 12:32:59',NULL,1),('1459315999','33','SANTOSO','19650106 200701 1 006','1b','1459136279','2016-03-30 12:33:19',NULL,1),('1459316046','99','BUDHI DHARMAWAN, SE','','phl','1459136279','2016-03-30 12:34:06',NULL,1),('1459316061','33','S U N A R T O','19670125 200701 1 008','2b','1459310660','2016-03-30 12:34:21',NULL,1),('1459316086','99','WAHYUNING HAPPY WIJAYANTI, SE','','phl','1459136279','2016-03-30 12:34:46',NULL,1),('1459316156','33','W A N T O R O','19680322 201001 1 001','2b','1459310660','2016-03-30 12:35:56',NULL,1),('1459316249','99','ALFI RIYANTO HADI, S.SOS','','phl','1459136279','2016-03-30 12:37:29',NULL,1),('1459316299','33','SUGENG SAFI\'I','19830930 201001 1 009','2b','1459310660','2016-03-30 12:38:19',NULL,1),('1459316375','99','IRIANTO BUDI WARSONGKO','','phl','1459310660','2016-03-30 12:39:35',NULL,1),('1459316434','99','H A R Y O N O','','phl','1459310660','2016-03-30 12:40:34',NULL,1),('1459316491','99','SUTONO','','phl','1459136279','2016-03-30 12:41:31',NULL,1),('1459316531','99','RANI JUSNIORA GUSSUTHAW, SE','','phl','1459136279','2016-03-30 12:42:11',NULL,1),('1459316562','99','ARI BRAMONO, S.PI','','phl','1459136279','2016-03-30 12:42:42',NULL,1),('1459316589','99','ASRO\'I, SE','','phl','1459136279','2016-03-30 12:43:09',NULL,1),('1459316647','99','KRISNA SURYANITA, S.I.KOM','','phl','1459136279','2016-03-30 12:44:07',NULL,1),('1459317268','33','RETNO PANTJA INDAH WIJANI','19670627 199403 2 003','4b','1459137270','2016-03-30 12:54:28',NULL,1),('1459317966','33','MARYONO','19611121 198503 1 007','3d','1459137270','2016-03-30 13:06:06',NULL,1),('1459317987','99','SUNGATNO, SE','','phl','1459136279','2016-03-30 13:06:27',NULL,1),('1459318018','33','SUHARTONO','19580510 198003 1 010','3d','1459137270','2016-03-30 13:06:58',NULL,1),('1459318025','99','DIOVANY TIRTANA, SE. MM','','phl','1459136279','2016-03-30 13:07:05',NULL,1),('1459318060','33','YUDIARSI','19611006 198103 2 001','3d','1459137270','2016-03-30 13:07:40',NULL,1),('1459318097','99','ANIK APRIANTI, SE','','phl','1459136279','2016-03-30 13:08:17',NULL,1),('1459318164','33','SUPRIYADI','19590222 198510 1 001','3d','1459137270','2016-03-30 13:09:24',NULL,1),('1459318241','99','RIO RANDY PRATAMA, SH','','phl','1459136279','2016-03-30 13:10:41',NULL,1),('1459318273','99','NADHYA SASANTI, SE','','phl','1459136279','2016-03-30 13:11:13',NULL,1),('1459318302','99','HENDRO PRASETYO','','phl','1459136279','2016-03-30 13:11:42',NULL,1),('1459318335','99','BUDI RIWAYANTO','','phl','1459136279','2016-03-30 13:12:15',NULL,1),('1459318359','99','SUYATMAN','','phl','1459136279','2016-03-30 13:12:39',NULL,1),('1459319307','33','JULIE EMMYLIA, SE, MM','19720713 199703 2 005','4b','1459065417','2016-03-30 13:28:27','2016-03-30 15:08:49',1),('1459319378','33','ISNAENI RETNOWATI, SH, MHUM','19610305 198611 2 001','4a','1459065417','2016-03-30 13:29:38',NULL,1),('1459319432','33','BUDIONO, SH, MM','19631028 199103 1 007','4a','1459065417','2016-03-30 13:30:32',NULL,1),('1459319486','33','RIDIMANJAYA, S.SOS, MSI','19720818 199303 1 007','4a','1459065417','2016-03-30 13:31:26',NULL,1),('1459319551','33','HELENA NURENI M, SE','19580603 199002 2 001','3d','1459065417','2016-03-30 13:32:31',NULL,1),('1459319631','33','NUR AINI, SE','19580910 197903 2 007','3d','1459065417','2016-03-30 13:33:51',NULL,1),('1459319686','33','RENNY ASMARANI, S.SOS','19590509 198206 2 001','3d','1459065417','2016-03-30 13:34:46',NULL,1),('1459319742','33','RUWET TRIWULAN, SE','19600101 198212 2 002','3d','1459065417','2016-03-30 13:35:42',NULL,1),('1459319844','33','PRIHARTONO, SE','19631016 198510 1 002','3d','1459065417','2016-03-30 13:37:24',NULL,1),('1459319906','33','ARIANI, SE','19581223 198510 2 001','3d','1459065417','2016-03-30 13:38:26',NULL,1),('1459319952','33','SUYATMI, SH, MM','19680811 198903 2 002','3d','1459065417','2016-03-30 13:39:12',NULL,1),('1459320037','33','SUYADI, SE','19590507 198503 1 014','3d','1459065417','2016-03-30 13:40:37',NULL,1),('1459320125','33','KASMINAH, SE','19590212 198202 2 005','3c','1459065417','2016-03-30 13:42:05',NULL,1),('1459320284','33','ASTUTI, SE, MM','19680325 198903 2 007','3c','1459065417','2016-03-30 13:44:44',NULL,1),('1459320425','33','MUCHAMAD NADIB, SIP','19750709 200312 1 009','3b','1459065417','2016-03-30 13:47:05',NULL,1),('1459320470','33','SLAMET, SE','19660916 199312 1 001','3b','1459065417','2016-03-30 13:47:50',NULL,1),('1459320549','33','SUWANTONO, SE','19600214 198503 1 007','3b','1459065417','2016-03-30 13:49:09',NULL,1),('1459320604','33','BAMBANG ARIYANTO, SE','19611012 198503 1 008','3b','1459065417','2016-03-30 13:50:04',NULL,1),('1459321233','33','DONNY SETYAWAN','19730316 200112 1 006','3d','1459137270','2016-03-30 14:00:33',NULL,1),('1459321308','33','ABDUL AZIZ MUSLIM FAUZI, SE','19661119 200701 1 006','3a','1459065417','2016-03-30 14:01:48',NULL,1),('1459321396','33','AGNES SEKSIANAWATI, SE','19650608 200701 2 007','3a','1459065417','2016-03-30 14:03:16',NULL,1),('1459321436','33','ASRORI','19580527 198503 1 010','2d','1459065417','2016-03-30 14:03:56','2016-03-31 11:02:12',1),('1459321681','33','SRI HASTATI WULANDARI','19650103 198510 2 001','3d','1459137270','2016-03-30 14:08:01',NULL,1),('1459321822','33','MUHARTONO','19630827 198508 1 001','3d','1459137270','2016-03-30 14:10:22',NULL,1),('1459321855','33','NITA AYUNIG HAPSARI, A.MD','19860526 201001 2 023','2d','1459065417','2016-03-30 14:10:55',NULL,1),('1459321924','33','SARJO','19600218 198503 1 009','2c','1459065417','2016-03-30 14:12:04',NULL,1),('1459321937','33','AGUSTIJAH','19580819 198509 2 001','3d','1459137270','2016-03-30 14:12:17',NULL,1),('1459321966','33','AGUS MULYONO','19720816 200701 1 017','2c','1459065417','2016-03-30 14:12:46',NULL,1),('1459322000','33','SRI NINGSIH','19630215 198510 2 001','3d','1459137270','2016-03-30 14:13:20',NULL,1),('1459322014','33','JUNI KAMANDOKO','19680613 200801 1 009','2b','1459065417','2016-03-30 14:13:34',NULL,1),('1459322061','33','ARIS SUJADI PUJIANTO','19660728 200801 1 001','2b','1459065417','2016-03-30 14:14:21',NULL,1),('1459322109','33','BAMBANG RIYADI','19780902 200901 1 006','2b','1459065417','2016-03-30 14:15:09',NULL,1),('1459322150','33','SUHARDI','19670201 201001 1 005','2b','1459065417','2016-03-30 14:15:50',NULL,1),('1459322189','33','IMAM SURYANTO','19750131 201001 1 004','2b','1459065417','2016-03-30 14:16:29',NULL,1),('1459322236','33','YULIANTO','19810714 201001 1 004','2b','1459065417','2016-03-30 14:17:16',NULL,1),('1459322257','33','SLAMET SUDIYONO','19660211 199001 1 002','3c','1459137270','2016-03-30 14:17:37',NULL,1),('1459322369','33','SRI SEPTI BABARIYANI','19730929 199303 2 002','3c','1459137270','2016-03-30 14:19:29',NULL,1),('1459322661','33','DIAH DHAHOKO','19671210 199402 1 003','3c','1459137270','2016-03-30 14:24:21',NULL,1),('1459322776','33','SUDARTO','19640904 198603 1 023','3a','1459137270','2016-03-30 14:26:16',NULL,1),('1459323399','33','GAGUK BIYAKSO','19621118 199202 1 006','2c','1459137270','2016-03-30 14:36:39',NULL,1),('1459323461','99','PRINATAMA LISTYA AJI, SE','','phl','1459065417','2016-03-30 14:37:41',NULL,1),('1459323481','33','KETUT SISWO PRIONO','19640814 200701 1 010','2c','1459137270','2016-03-30 14:38:01',NULL,1),('1459323486','99','DYAH AYU SEKARNINGTYAS, SE','','phl','1459065417','2016-03-30 14:38:06',NULL,1),('1459323512','99','ENDAH TRIWINDARI S, S.PT','','phl','1459065417','2016-03-30 14:38:32',NULL,1),('1459323535','99','HINGAR ADI WIBOWO, S.HUM','','phl','1459065417','2016-03-30 14:38:55',NULL,1),('1459323559','99','HANIF NAWAWI PRANATA, SE','','phl','1459065417','2016-03-30 14:39:19',NULL,1),('1459323564','33','INAIZAH','19640714 200701 2 009','2c','1459137270','2016-03-30 14:39:24',NULL,1),('1459323581','99','ULFA FARADILLA, SH','','phl','1459065417','2016-03-30 14:39:41',NULL,1),('1459323598','99','ENGGAR ASTITI, SE','','phl','1459065417','2016-03-30 14:39:58',NULL,1),('1459323619','99','RISQI AMELIA','','phl','1459065417','2016-03-30 14:40:19',NULL,1),('1459323640','99','HARI TRIYANTO','','phl','1459065417','2016-03-30 14:40:40',NULL,1),('1459323656','99','MULYANTO','','phl','1459065417','2016-03-30 14:40:56',NULL,1),('1459323679','99','PAULUS EKO HINDARTO','','phl','1459065417','2016-03-30 14:41:19',NULL,1),('1459323738','99','ACHMAD SAKDULLAH','','phl','1459065417','2016-03-30 14:42:18',NULL,1),('1459323804','99','MOH NURKUNDJALI','','phl','1459065417','2016-03-30 14:43:24',NULL,1),('1459323805','33','SAHRI','19641224 200701 1 004','2b','1459137270','2016-03-30 14:43:25',NULL,1),('1459323829','99','TOMY WIJAYA','','phl','1459065417','2016-03-30 14:43:49',NULL,1),('1459323876','33','DIDIK AKHMAD MURSIDI','19660113 200701 1 008','2b','1459137270','2016-03-30 14:44:36',NULL,1),('1459323991','33','MUHDLORI','19630519 200901 1 002','2b','1459137270','2016-03-30 14:46:31',NULL,1),('1459324083','33','G.SOEHARYOTO','19581105 197811 1 001','2a','1459137270','2016-03-30 14:48:03',NULL,1),('1459324153','33','SUHARMAN','19721222 201001 1 006','2a','1459137270','2016-03-30 14:49:13',NULL,1),('1459324200','33','HENY WIDIYATI.SE','19590214 197901 2 001','3d','1459322702','2016-03-30 14:50:00',NULL,1),('1459324204','99','ARDHITA NIKEN DESTIANA','','phl','1459137270','2016-03-30 14:50:04',NULL,1),('1459324211','33','HERNURYO SAMEKTO,SE.MS.I','19640310 199403 1 004','4b','1459322702','2016-03-30 14:50:11',NULL,1),('1459324265','99','ALAN ANDIKA','','phl','1459137270','2016-03-30 14:51:05',NULL,1),('1459324373','33','SUHARJO,SE','19640512 198510 1 001','3d','1459322702','2016-03-30 14:52:53',NULL,1),('1459324390','33','ENTIN YUSNIATI,SE','19610813 198510 2 001','3d','1459322702','2016-03-30 14:53:10',NULL,1),('1459324738','33','HERYBERTUS SLAMET,AS,SE','19680820 198903 1 005','3c','1459322702','2016-03-30 14:58:58',NULL,1),('1459324811','33','YUNIA TRI KURNIAWAN','19790607 201001 1 009','2b','1459322702','2016-03-30 15:00:11',NULL,1),('1459324892','33','MUCHAMAD SAFII,SH','19690524 198903 1 001','3c','1459322702','2016-03-30 15:01:32',NULL,1),('1459324913','33','DWIPO PRIYANTO','19611004 200701 1 006','2c','1459322702','2016-03-30 15:01:53',NULL,1),('1459325008','33','IMAM','19610415 200701 1 007','2c','1459322702','2016-03-30 15:03:28',NULL,1),('1459325071','33','TRI BUDHIHARTO','19660501 199703 1 002','3b','1459322702','2016-03-30 15:04:31',NULL,1),('1459325105','33','RIS SUPRIYANTO','19620531 200701 1 001','3a','1459322702','2016-03-30 15:05:05',NULL,1),('1459325226','33','AMANDA RISKI OCTAVIANI,S SOS','19851026 201101 2 013','3a','1459322702','2016-03-30 15:07:06',NULL,1),('1459325283','33','DWI RAHARJO CAHYO BUWONO','19670908 199403 1 011','4a','1459322919','2016-03-30 15:08:03',NULL,1),('1459325352','33','SETIYAJID PRAYITNO','19620614 198603 1 017','3d','1459322919','2016-03-30 15:09:12',NULL,1),('1459325410','33','TOEHOE HARDI','19660101 198801 1 003','3d','1459322919','2016-03-30 15:10:10',NULL,1),('1459325464','33','TRI ASIH MUKHARENI','19590720 198507 2 001','3d','1459322919','2016-03-30 15:11:04',NULL,1),('1459325508','33','LASONO','19580803 198503 1 016','3d','1459322919','2016-03-30 15:11:48',NULL,1),('1459325550','33','A PARWOTO','19610712 199203 1 005','3d','1459322919','2016-03-30 15:12:30',NULL,1),('1459325591','33','DJOKO BUDIONO','19671008 198903 1 002','3c','1459322919','2016-03-30 15:13:11','2016-03-30 15:14:35',1),('1459325654','33','WALUYO','19590415 198503 1 016','3b','1459322919','2016-03-30 15:14:14',NULL,1),('1459325728','33','ADHY NUGRAHA','19860705 201101 1 013','3b','1459322919','2016-03-30 15:15:28',NULL,1),('1459325789','33','SLAMET MUCHTADIN','19721227 200701 1 011','2c','1459322919','2016-03-30 15:16:29',NULL,1),('1459325838','33','SETIYANTO','19781021 201001 1 003','2b','1459322919','2016-03-30 15:17:18',NULL,1),('1459325887','33','MARSONO','19620811 198503 1 009','2a','1459322919','2016-03-30 15:18:07',NULL,1),('1459325932','33','AGUS SUDIYONO','19660318 200701 1 012','2a','1459322919','2016-03-30 15:18:52',NULL,1),('1459325968','33','SARWONO','19711003 201001 1 001','1d','1459322919','2016-03-30 15:19:28',NULL,1),('1459326013','33','RUGITO','19630107 200701 1 001','1c','1459322919','2016-03-30 15:20:13',NULL,1),('1459326052','99','RANGGA SATRIA JATI','','phl','1459322919','2016-03-30 15:20:52',NULL,1),('1459326072','99','NOVIANA CATUR PUTRI','','phl','1459322919','2016-03-30 15:21:12',NULL,1),('1459326087','99','AYU HASMAWATI','','phl','1459322919','2016-03-30 15:21:27',NULL,1),('1459333221','33','DJOKO OENTORO, S.E., M.M.','19582909 197903 1 004','4b','1459331835','2016-03-30 17:20:21','2016-03-30 17:23:54',1),('1459333398','33','YUDO FIRSTYONO, S.H.,M.H.','19670523 199803 1 005','4a','1459331835','2016-03-30 17:23:18',NULL,1),('1459333573','33','MUHADI WIDODO, BC.HK.','19590629 197812 1 001','3d','1459331835','2016-03-30 17:26:13',NULL,1),('1459333642','33','DRS. ISHA DARMOKO SATWO','19610331 198703 1 008','3d','1459331835','2016-03-30 17:27:22',NULL,1),('1459333898','33','M. APIP SARIPUDIN, S.SOS.','19670404 198910 1 001','3d','1459331835','2016-03-30 17:31:38',NULL,1),('1459333959','33','SOEGIARTO, S.E.','19610415 198302 1 003','3d','1459331835','2016-03-30 17:32:39',NULL,1),('1459334089','33','SAFITRI SETYAWATI, RR, S.H.','19620414 198808 2 001','3c','1459331835','2016-03-30 17:34:49',NULL,1),('1459334146','33','JAENATUN','19590204 197902 2 002','3b','1459331835','2016-03-30 17:35:46',NULL,1),('1459334226','33','ATIK SETIYOWATI','19690920 198903 2 006','3b','1459331835','2016-03-30 17:37:06',NULL,1),('1459334310','33','EDI HERMANTO','19580810 198503 1 006','3b','1459331835','2016-03-30 17:38:30',NULL,1),('1459334371','33','KUAT SURTIMAN, S.E.','19680516 199103 1 007','3c','1459331835','2016-03-30 17:39:31',NULL,1),('1459334459','33','AMALIA DEISI ISTIKHAROH, S.E.AKT','19781215 200903 2 005','3b','1459331835','2016-03-30 17:40:59',NULL,1),('1459334530','33','MARTINA NUGRAHANI P, S.SOS.','19830326 201001 2 017','3b','1459331835','2016-03-30 17:42:10',NULL,1),('1459334607','33','R. YUNIKA LINTANG KUSUMA, AMD','19790627 200501 1 014','3a','1459331835','2016-03-30 17:43:27',NULL,1),('1459334658','33','BUDI WIJONARKO','19740712 199402 1 004','3a','1459331835','2016-03-30 17:44:18',NULL,1),('1459334705','33','BUDI MARTONO, AMD','19740314 201001 1 003','2d','1459331835','2016-03-30 17:45:05',NULL,1),('1459334821','33','SUDARMADI','19760712 200701 1 014','2b','1459331835','2016-03-30 17:47:01',NULL,1),('1459334896','33','WISTRIYANTO FAJAR MURTONO','19680519 200604 1 005','2c','1459331835','2016-03-30 17:48:16',NULL,1),('1459334944','33','DULHADI','19600510 200604 1 014','2c','1459331835','2016-03-30 17:49:04',NULL,1),('1459334982','33','KANTO','19620314 200801 1 001','2b','1459331835','2016-03-30 17:49:42',NULL,1),('1459335033','33','TARSONO','19650510 201001 1 001','2b','1459331835','2016-03-30 17:50:33',NULL,1),('1459335077','33','ROHADI','19701115 201001 1 005','2b','1459331835','2016-03-30 17:51:17',NULL,1),('1459341926','33','HESTI WAHYUDI, S.E.','19600313 198709 1 001','3c','1459331835','2016-03-30 19:45:26',NULL,1),('1459341970','33','SUHONO','19590901 198603 1 014','3b','1459331835','2016-03-30 19:46:10',NULL,1),('1459342016','33','SUHARTONO','19690816 198903 1 008','3b','1459331835','2016-03-30 19:46:56',NULL,1),('1459342067','33','ROJIKIN','19690716 200901 1 007','1b','1459331835','2016-03-30 19:47:47',NULL,1),('1459342233','99','RATIH WIDIARTI, S.P','','phl','1459331835','2016-03-30 19:50:33',NULL,1),('1459342261','99','NETTY SETOWATI, S.H.','','phl','1459331835','2016-03-30 19:51:01',NULL,1),('1459342308','99','IRVAN SUDHIARTO','','phl','1459331835','2016-03-30 19:51:48',NULL,1),('1459342354','99','TRI SETYO BUDHI','','phl','1459331835','2016-03-30 19:52:34',NULL,1),('1459342436','99','BUDI SANTOSA','','phl','1459331835','2016-03-30 19:53:56',NULL,1),('1459342815','99','BUDI RIYANTO','','phl','1459331835','2016-03-30 20:00:15',NULL,1),('1459342852','99','RUDI YULIANTO, S.E.','','phl','1459331835','2016-03-30 20:00:52',NULL,1),('1459384859','33','DRS. RACHMANTO, M.M.','19581015 198808 1 001','4b','1459310316','2016-03-31 07:40:59',NULL,1),('1459385372','33','DRS. SUDAR, MSI','19580210 198103 1 011','4a','1459310316','2016-03-31 07:49:32',NULL,1),('1459385445','33','DRA. ENDANG MURNI AGUSTINARI','19580823 199203 2 001','3d','1459310316','2016-03-31 07:50:45',NULL,1),('1459385512','33','SETYAWATI, S.SOS','19600529 198511 2 001','3d','1459310316','2016-03-31 07:51:52',NULL,1),('1459385556','33','AGUS PRIYANTO, S.SOS','19680808 199203 1 006','3c','1459310316','2016-03-31 07:52:36',NULL,1),('1459385619','33','AGUNG YUDHIARTO, S.KOM,M.M','19650927 200604 1 003','3c','1459310316','2016-03-31 07:53:39',NULL,1),('1459385662','33','NURYANAH','19610904 198206 2 001','3b','1459310316','2016-03-31 07:54:22',NULL,1),('1459385701','33','ARYADI, S.SOS','19620318 198903 1 006','3b','1459310316','2016-03-31 07:55:01',NULL,1),('1459385740','33','SRI RAHAYUNINGSIH','19661213 198603 2 007','3b','1459310316','2016-03-31 07:55:40',NULL,1),('1459385789','33','MARIA TH ESTI.RM, S.I.P','19781201 201101 2 006','3b','1459310316','2016-03-31 07:56:29',NULL,1),('1459385830','33','SUTARTO, S.SOS','19630518 200701 1 005','2c','1459310316','2016-03-31 07:57:10',NULL,1),('1459385864','33','KUSMANTO','19700216 200901 1 004','2b','1459310316','2016-03-31 07:57:44',NULL,1),('1459385894','33','WARDONO','19720814 200801 1 004','2b','1459310316','2016-03-31 07:58:14',NULL,1),('1459385927','99','BURHAN AHMADI','','phl','1459310316','2016-03-31 07:58:47',NULL,1),('1459385950','99','ARIEF NOOR HELYARTO','','phl','1459310316','2016-03-31 07:59:10',NULL,1),('1459385967','99','DEVI NURMALITASARI, AMD','','phl','1459310316','2016-03-31 07:59:27',NULL,1),('1459389120','33','BANGUN TINTRIYANTO, SH, MM','19630213 198510 1 001','4a','1459153920','2016-03-31 08:52:00','2016-03-31 08:52:31',1),('1459389280','33','DRS. HANITYO EKO CAHYO','19611011 199203 1 005','3d','1459153920','2016-03-31 08:54:40',NULL,1),('1459389323','33','LASMIYATI, S.SOS','19601112 198510 2 001','3d','1459153920','2016-03-31 08:55:23',NULL,1),('1459389358','33','NINIK PUSPITAWATI, SE','19621022 198607 2 001','3d','1459153920','2016-03-31 08:55:58',NULL,1),('1459389391','33','SUBAIDI, SS','19600405 199003 1 006','3d','1459153920','2016-03-31 08:56:31',NULL,1),('1459389426','33','CH. ERNA DEWI WAHYUNI, S.SOS','19610930 198503 2 008','3d','1459153920','2016-03-31 08:57:06',NULL,1),('1459389473','33','YULIATI, S.SOS','19720709 199310 2 001','3c','1459153920','2016-03-31 08:57:53',NULL,1),('1459389554','33','ACHMAD NOORZAEN SIDIK PRIYANA, SH','19590716 199603 1 001','3b','1459153920','2016-03-31 08:59:14',NULL,1),('1459389589','33','JUMONO','19610723 198503 1 009','3a','1459153920','2016-03-31 08:59:49',NULL,1),('1459389624','33','SUSMINOTO','19621218 200701 1 002','2c','1459153920','2016-03-31 09:00:24',NULL,1),('1459389667','33','M. ENDRO WIBOWO','19710529 200701 1 007','2c','1459153920','2016-03-31 09:01:07',NULL,1),('1459389701','99','RAHAJENG UTAMI RETNO SATUTI, SH','','phl','1459153920','2016-03-31 09:01:41',NULL,1),('1459389760','99','HARYATI BUDI NINGSIH, A.MD','','phl','1459153920','2016-03-31 09:02:40',NULL,1),('1459389784','99','RISNANDA ARBI PRADIPTA','','phl','1459153920','2016-03-31 09:03:04',NULL,1),('1459393341','33','BASIR','19590523 198503 1 003','2c','1459137438','2016-03-31 10:02:21',NULL,1),('1459393501','33','SRI RAHAYU','19680520 199102 2 002','3c','1459137438','2016-03-31 10:05:01',NULL,1),('1459396258','33','A. DARTO IWAN S., S KOM, M.KOM','19740909 200501 1 006','3c','1459303853','2016-03-31 10:50:58','2016-03-31 11:16:38',1),('1459396327','33','DJOKO SUDARTO,SE','19690622 198903 1 002','3c','1459303853','2016-03-31 10:52:07',NULL,1),('1459396378','33','AGUNG BRELIANTORO, ST','19780401 200604 1 010','3c','1459303853','2016-03-31 10:52:58',NULL,1),('1459396427','33','SUCI SETYO BUDI PRATIWI, SE','19670121 200701 2 013','3a','1459303853','2016-03-31 10:53:47',NULL,1),('1459396477','33','RESKY RISTYANTO, A.MD','19860114 201003 1 001','2d','1459303853','2016-03-31 10:54:37',NULL,1),('1459396519','33','SUDOYO','19770817 200901 1 009','2b','1459303853','2016-03-31 10:55:19',NULL,1),('1459396547','99','EKO SUPRIYADI','','phl','1459303853','2016-03-31 10:55:47',NULL,1),('1459396580','99','HERRY SULISTIYADI P','','phl','1459303853','2016-03-31 10:56:20',NULL,1),('1459396609','99','SAMTIM DWI HERMANTO, SE','','phl','1459303853','2016-03-31 10:56:49',NULL,1),('1459396853','33','RINI WAKHIDATI, SE, M.SI','19610301 198912 2 001','3d','1459303895','2016-03-31 11:00:53',NULL,1),('1459396923','33','DJOKO PAMUNGKAS, S.KOM, M.S.E','19720331 199903 1 005','4a','1459303895','2016-03-31 11:02:03',NULL,1),('1459396997','33','FARIDA UTAMININGTYAS, A.MD','19860420 201101 2 013','3a','1459303895','2016-03-31 11:03:17',NULL,1),('1459397387','33','SRI WAHYUNI SE, MM','19760607 200604 2 004','3c','1459303811','2016-03-31 11:09:47',NULL,1),('1459397457','33','TEMU MARGANA','19660919 200801 1 002','2c','1459303811','2016-03-31 11:10:57',NULL,1),('1459397492','99','RAFICHA ULFA ARI KUSUMAWATI','','phl','1459303811','2016-03-31 11:11:32',NULL,1),('1459397524','99','AGUS APRIYANTO','','phl','1459303811','2016-03-31 11:12:04',NULL,1),('1459397548','99','KRISTIYANTO','','phl','1459303811','2016-03-31 11:12:28',NULL,1),('1459398757','33','BAMBANG NURCAHYO, SE., MM','19620622 198811 1 002','4a','1459065329','2016-03-31 11:32:37',NULL,1),('1459400079','33','DJUWANG INDRIATI','19660912 199303 2 008','3b','1459065417','2016-03-31 11:54:39',NULL,1),('1459400120','33','ANDREAS TEGUH','19771126 201001 1 004','3b','1459065417','2016-03-31 11:55:20',NULL,1),('1459400159','33','REZA FERIANSYAH','19800201 201101 1 006','3b','1459065417','2016-03-31 11:55:59',NULL,1),('1459405325','33','PARIYANTO, SH','19650730 198903 1 005','3a','1459065329','2016-03-31 13:22:05',NULL,1),('1459406130','33','YOPPIE ARDIANTO, SE','19731215 200901 1 003','3b','1458608926','2016-03-31 13:35:30',NULL,1),('1459409005','33','AGUNG RIYANTO','19640330 200701 1 002','3a','1459136367','2016-03-31 14:23:25',NULL,1),('1459409081','33','HARI DJOKO SANTOSO','19650911 200701 1 011','2a','1459136367','2016-03-31 14:24:41',NULL,1),('1459409768','99','KRISTIYANTO','','phl','1459303811','2016-03-31 14:36:08',NULL,1),('1459410025','33','R.ROEDITO EKA S, SOS, MM','19680902 198903 1 003','3d','1459297654','2016-03-31 14:40:25',NULL,1),('1459410082','33','DRA. SRI WIDIASTUTI P','19621008 199203 2 003','3d','1459297654','2016-03-31 14:41:22',NULL,1),('1459410133','33','RUKMININGTYAS UTAMI, SE','19671125 199103 2 007','3d','1459297654','2016-03-31 14:42:13',NULL,1),('1459410180','33','SUSI ANTANSARI R, S.SOS MSI','19660213 198603 2 006','3d','1459297654','2016-03-31 14:43:00',NULL,1),('1459410268','33','BAMBANG CIPTONO, SH','19680303 199003 1 011','3d','1459297654','2016-03-31 14:44:28',NULL,1),('1459410357','33','LILIK KUSWANDONO, SH','19700209 198903 1 002','3d','1459297654','2016-03-31 14:45:57',NULL,1),('1459410443','33','PUJI ARSIANTI,SE','19650415 199303 2 007','3c','1459297654','2016-03-31 14:47:23',NULL,1),('1459410540','33','WUR SURASRINI, SE','19580727 198003 2 007','3c','1459297654','2016-03-31 14:49:00',NULL,1),('1459410607','33','RANTO PANTERINI','19600929 198403 2 007','3b','1459297654','2016-03-31 14:50:07',NULL,1),('1459410660','33','DJUNAIDI, SE','19700516 199102 1 001','3b','1459297654','2016-03-31 14:51:00',NULL,1),('1459410731','33','KASIDI, SE','19680331 199803 1 004','3b','1459297654','2016-03-31 14:52:11',NULL,1),('1459410779','33','AAN SETIAWAN, SE, AKT','19810908 200903 1 005','1a','1459297654','2016-03-31 14:52:59',NULL,1),('1459410974','33','SULISTIO','19791021 201001 1 004','2b','1459297654','2016-03-31 14:56:14',NULL,1),('1459411060','99','ACHMAD MUHAJIR','','phl','1459297654','2016-03-31 14:57:40',NULL,1),('1459411114','99','DYCO EFRIADITYAWAN,SH','','phl','1459297654','2016-03-31 14:58:34',NULL,1),('1459411166','99','HENDRO BRAHMANTYO, SE','','phl','1459297654','2016-03-31 14:59:26',NULL,1),('1459411291','99','ANGGA KUSUMADEWI, S.AB','','phl','1459297654','2016-03-31 15:01:31',NULL,1),('1459411321','99','DANI RIYANTO','','phl','1459136279','2016-03-31 15:02:01',NULL,1),('1459411331','99','ACHMAD SOLEH','','phl','1459297654','2016-03-31 15:02:11',NULL,1),('1459411478','33','SRI MULYATI','19600116 198510 2 001','3d','1459136279','2016-03-31 15:04:38',NULL,1),('1459412141','33','MUJIYONO, SH, MH','19631228 198603 1 022','3c','1459303811','2016-03-31 15:15:41',NULL,1),('1459412222','33','R ANTON DWIYANTO, SE','19640330 199001 1 001','3d','1459303811','2016-03-31 15:17:02',NULL,1),('1459412293','33','LANJAR, SE','19650912 199402 1 001','3c','1459303811','2016-03-31 15:18:13',NULL,1),('1459412406','33','FARAH AHDAWIYAH, SE, MM','19790403 200903 2 003','3c','1459303811','2016-03-31 15:20:06',NULL,1),('1459412449','33','DYAH POESPITASARI, SH','19630920 199203 2 001','4a','1459297654','2016-03-31 15:20:49',NULL,1),('1459412505','33','TUNGGUL JATI NUGOHO,SE','19801113 201001 1 024','3b','1459303811','2016-03-31 15:21:45',NULL,1),('1459412529','33','BAMBANG HARIYANTO, S.SOS, M.KOM','19681213 198803 1 001','4a','1459297654','2016-03-31 15:22:09',NULL,1),('1459412559','33','DIKKY ERFIANTO PRASONGKO, SE','19850724 201001 1 015','3b','1459303811','2016-03-31 15:22:39',NULL,1),('1459412776','33','NINIK MARDIASTUTI, SH, MM','19620324 199203 2 001','4b','1459297654','2016-03-31 15:26:16',NULL,1),('1459413414','33','KARTIKA BUDIYAH, SH, M.KN','19610503 198603 2 009','4a','1459303853','2016-03-31 15:36:54',NULL,1),('1459413486','33','HARARET H.U. S.SOS, MM','19620329 198510 2 002','3d','1459297654','2016-03-31 15:38:06',NULL,1),('1459413487','33','GENUK ENDANG SUMIWI, S.IP, M.KN','19660807 198511 2 001','3d','1459303853','2016-03-31 15:38:07',NULL,1),('1459413493','33','SAMSAIMUN, SH','19580823 199003 1 002','4a','1459297654','2016-03-31 15:38:13',NULL,1),('1459413559','33','CHAIRUNNISA, SE, MM','19801016 200604 2 008','3c','1459297654','2016-03-31 15:39:19',NULL,1),('1459413650','33','SRI LADY DIANA, S.PD, M.H','19820907 200803 2 002','3b','1459303853','2016-03-31 15:40:50',NULL,1),('1459413672','33','SUPRIHATI AQUILINA, SH','19601015 198607 2 001','3d','1459297654','2016-03-31 15:41:12',NULL,1),('1459413701','33','NEFO SUTOPO','19650621 200701 1 011','3a','1459303853','2016-03-31 15:41:41',NULL,1),('1459413762','33','WAHYU AJI WIBOWO','19870804 200903 1 002','3a','1459297654','2016-03-31 15:42:42',NULL,1),('1459413837','33','KURNIAWAN PRASETYOHADI, AP. MM','19760712 199501 1 001','4a','1459297654','2016-03-31 15:43:57',NULL,1),('1459413853','33','RIBUT KARTINI, SE','19620418 198503 2 003','3d','1459297654','2016-03-31 15:44:13',NULL,1),('1459413904','33','KRISWARDHANI, SE','19660601 198910 2 002','3d','1459297654','2016-03-31 15:45:04',NULL,1),('1459413910','33','SRI SUPADMI RAHAYU, SP','19690501 199803 2 003','3d','1459297654','2016-03-31 15:45:10',NULL,1),('1459413982','33','MT. MASYHUDI, S. SOS','19660623 198603 1 012','3d','1459297654','2016-03-31 15:46:22',NULL,1),('1459413994','33','DANANG ARI PRABOWO,SH','19691014 199203 1 003','3c','1459297654','2016-03-31 15:46:34',NULL,1),('1459414034','33','SURATNO, SH, MM','19650504 199402 1 002','3d','1459303895','2016-03-31 15:47:14','2016-03-31 15:53:17',1),('1459414059','33','SURANTO. S.SOS','19610627 198303 1 007','1a','1459297654','2016-03-31 15:47:39',NULL,1),('1459414071','33','HIMAWAN WICAKSONO, S.STP','19860127 200412 1 001','2b','1459297654','2016-03-31 15:47:51',NULL,1),('1459414091','33','KHAIRUL ANNAM, SE, MM','19760912 200801 1 001','3b','1459303895','2016-03-31 15:48:11',NULL,1),('1459414117','33','MARIYATUL KIFTIYAH, SE','19620702 198303 2 012','3c','1459297654','2016-03-31 15:48:37',NULL,1),('1459414170','33','SUPRIYADI','19610315 198701 1 005','3c','1459297654','2016-03-31 15:49:30',NULL,1),('1459414193','33','OKY ADHITYA WICAKSANA, SE','19790104 201001 1 007','3b','1459297654','2016-03-31 15:49:53',NULL,1),('1459414199','33','JUMYANA, SE','19580110 199401 1 001','3c','1459303895','2016-03-31 15:49:59',NULL,1),('1459414215','33','SRI ASIH, SE','19641207 199403 2 005','3c','1459297654','2016-03-31 15:50:15',NULL,1),('1459414280','33','PANCORO GENDROYONO','19581128 198103 1 007','3b','1459297654','2016-03-31 15:51:20',NULL,1),('1459414293','33','YUNIANTO ADHI PURNOMO, SE','19780601 201101 1 005','3b','1459297654','2016-03-31 15:51:33',NULL,1),('1459414325','99','BOBBI ANDRIANTO','','phl','1459303895','2016-03-31 15:52:05',NULL,1),('1459414334','33','RATNA UTAMI','19641210 198603 2 017','3b','1459297654','2016-03-31 15:52:14',NULL,1),('1459414350','33','ZIA ULHAQ','19791017 201101 1 007','3b','1459297654','2016-03-31 15:52:30',NULL,1),('1459414383','33','SUDJONO','19620110 198510 1 021','3b','1459297654','2016-03-31 15:53:03',NULL,1),('1459414433','33','SRI ASTUTI','19590721 198303 2 007','3b','1459297654','2016-03-31 15:53:53',NULL,1),('1459414435','33','PRISTYANI SUCI RAHAYU, SE','19870913 201101 2 008','3b','1459297654','2016-03-31 15:53:55',NULL,1),('1459414528','33','JOKO SUMIYANTO','19631010 200701 1 012','2c','1459297654','2016-03-31 15:55:28',NULL,1),('1459414557','33','SUPALAL, AMD','19660107 200701 1 007','3a','1459297654','2016-03-31 15:55:57',NULL,1),('1459414585','99','PRAWISDA RAHMA NINA D.U, SE','','phl','1459297654','2016-03-31 15:56:25',NULL,1),('1459414650','33','DWIKA TEGAR RANISDYA, S STP','19921103 201406 1 002','3a','1459297654','2016-03-31 15:57:30',NULL,1),('1459414864','33','WAHYUDI WARGIANTO','19710909 200901 1 005','2b','1459297654','2016-03-31 16:01:04',NULL,1),('1459414880','33','ANI APRILLIANSYAH, SE','19630401 198508 2 003','3d','1459303895','2016-03-31 16:01:20',NULL,1),('1459414908','33','SUTINAH','19741223 200701 2 010','1b','1459297654','2016-03-31 16:01:48',NULL,1),('1459414998','99','WIWIT PUJIANTO','','phl','1459303853','2016-03-31 16:03:18',NULL,1),('1459415003','99','FAISAL HARUM PRIYONO','','phl','1459297654','2016-03-31 16:03:23',NULL,1),('1459415098','99','RATNA KUSUMADEWI, SH.MKN','','phl','1459297654','2016-03-31 16:04:58',NULL,1),('1459415123','99','ARI WIBOWO','','phl','1459297654','2016-03-31 16:05:23',NULL,1),('1459415193','99','BUDIYANTO','','phl','1459297654','2016-03-31 16:06:33',NULL,1),('1459415292','99','SUTRISNO','','phl','1459297654','2016-03-31 16:08:12',NULL,1),('1459415542','33','NANIK PURWANI','19650407 198907 2 001','3c','1459297654','2016-03-31 16:12:22',NULL,1);

/*Table structure for table `t_pungut_pd` */

DROP TABLE IF EXISTS `t_pungut_pd`;

CREATE TABLE `t_pungut_pd` (
  `id_pungut_pd` char(15) NOT NULL,
  `id_lokasi` char(15) NOT NULL,
  `id_anggaran` char(15) NOT NULL,
  `id_bulan` char(15) NOT NULL,
  `id_rek_pd` char(15) NOT NULL,
  `jumlah` int(11) NOT NULL DEFAULT '0',
  `id_user` char(15) NOT NULL,
  `last_update` datetime NOT NULL,
  PRIMARY KEY (`id_pungut_pd`),
  KEY `id_anggaran` (`id_anggaran`),
  KEY `id_user` (`id_user`),
  KEY `id_rek_pd` (`id_rek_pd`),
  KEY `id_bulan` (`id_bulan`),
  CONSTRAINT `t_pungut_pd_ibfk_1` FOREIGN KEY (`id_anggaran`) REFERENCES `t_th_anggaran` (`id_anggaran`) ON DELETE CASCADE ON UPDATE CASCADE,
  CONSTRAINT `t_pungut_pd_ibfk_3` FOREIGN KEY (`id_user`) REFERENCES `t_users` (`id_user`) ON DELETE CASCADE ON UPDATE CASCADE,
  CONSTRAINT `t_pungut_pd_ibfk_4` FOREIGN KEY (`id_rek_pd`) REFERENCES `t_rek_pd` (`id_rek_pd`) ON DELETE CASCADE ON UPDATE CASCADE,
  CONSTRAINT `t_pungut_pd_ibfk_5` FOREIGN KEY (`id_bulan`) REFERENCES `t_bulan` (`id_bulan`) ON DELETE CASCADE ON UPDATE CASCADE
) ENGINE=InnoDB DEFAULT CHARSET=latin1;

/*Data for the table `t_pungut_pd` */

insert  into `t_pungut_pd`(`id_pungut_pd`,`id_lokasi`,`id_anggaran`,`id_bulan`,`id_rek_pd`,`jumlah`,`id_user`,`last_update`) values ('14592153430','0513','1458627189','3','011',0,'1459134128','2016-03-29 08:35:43'),('14592153431','0513','1458627189','3','021',0,'1459134128','2016-03-29 08:35:43'),('14592153432','0513','1458627189','3','022',0,'1459134128','2016-03-29 08:35:43'),('14592153433','0513','1458627189','3','03',24,'1459134128','2016-03-29 08:35:43'),('14592153434','0513','1458627189','3','04',2,'1459134128','2016-03-29 08:35:43'),('14593075730','0523','1458627189','3','011',0,'1459150457','2016-03-30 10:12:53'),('14593075731','0523','1458627189','3','021',0,'1459150457','2016-03-30 10:12:53'),('14593075732','0523','1458627189','3','022',0,'1459150457','2016-03-30 10:12:53'),('14593075733','0523','1458627189','3','03',13,'1459150457','2016-03-30 10:12:53'),('14593075734','0523','1458627189','3','04',3,'1459150457','2016-03-30 10:12:53'),('14593110260','0510','1458627189','1','011',24601,'1459152004','2016-03-30 11:10:26'),('14593110261','0510','1458627189','1','021',2712,'1459152004','2016-03-30 11:10:26'),('14593110262','0510','1458627189','1','022',624,'1459152004','2016-03-30 11:10:26'),('14593110263','0510','1458627189','1','03',0,'1459152004','2016-03-30 11:10:26'),('14593110264','0510','1458627189','1','04',7,'1459152004','2016-03-30 11:10:26'),('14593111550','0510','1458627189','2','011',20671,'1459152004','2016-03-30 11:12:35'),('14593111551','0510','1458627189','2','021',1975,'1459152004','2016-03-30 11:12:35'),('14593111552','0510','1458627189','2','022',617,'1459152004','2016-03-30 11:12:35'),('14593111553','0510','1458627189','2','03',0,'1459152004','2016-03-30 11:12:35'),('14593111554','0510','1458627189','2','04',7,'1459152004','2016-03-30 11:12:35'),('14593132960','0514','1458627189','1','011',26184,'1459150862','2016-03-30 11:48:16'),('14593132961','0514','1458627189','1','021',2495,'1459150862','2016-03-30 11:48:16'),('14593132962','0514','1458627189','1','022',842,'1459150862','2016-03-30 11:48:16'),('14593132963','0514','1458627189','1','03',0,'1459150862','2016-03-30 11:48:16'),('14593132964','0514','1458627189','1','04',27,'1459150862','2016-03-30 11:48:16'),('14593202030','0505','1458627189','3','011',0,'1459136436','2016-03-30 13:43:23'),('14593202031','0505','1458627189','3','021',0,'1459136436','2016-03-30 13:43:23'),('14593202032','0505','1458627189','3','022',0,'1459136436','2016-03-30 13:43:23'),('14593202033','0505','1458627189','3','03',0,'1459136436','2016-03-30 13:43:23'),('14593202034','0505','1458627189','3','04',0,'1459136436','2016-03-30 13:43:23'),('14593208980','0523','1458627189','1','011',11309,'1459150457','2016-03-30 13:54:58'),('14593208981','0523','1458627189','1','021',1688,'1459150457','2016-03-30 13:54:58'),('14593208982','0523','1458627189','1','022',247,'1459150457','2016-03-30 13:54:58'),('14593208983','0523','1458627189','1','03',130,'1459150457','2016-03-30 13:54:58'),('14593208984','0523','1458627189','1','04',2,'1459150457','2016-03-30 13:54:58'),('14593209160','0523','1458627189','2','011',10774,'1459150457','2016-03-30 13:55:16'),('14593209161','0523','1458627189','2','021',3420,'1459150457','2016-03-30 13:55:16'),('14593209162','0523','1458627189','2','022',477,'1459150457','2016-03-30 13:55:16'),('14593209163','0523','1458627189','2','03',130,'1459150457','2016-03-30 13:55:16'),('14593209164','0523','1458627189','2','04',2,'1459150457','2016-03-30 13:55:16'),('14593210110','0502','1458627189','1','011',32465,'1459136279','2016-03-30 13:56:51'),('14593210111','0502','1458627189','1','021',3203,'1459136279','2016-03-30 13:56:51'),('14593210112','0502','1458627189','1','022',775,'1459136279','2016-03-30 13:56:51'),('14593210113','0502','1458627189','1','03',16,'1459136279','2016-03-30 13:56:51'),('14593210114','0502','1458627189','1','04',5,'1459136279','2016-03-30 13:56:51'),('14593212160','0502','1458627189','2','011',30601,'1459136279','2016-03-30 14:00:16'),('14593212161','0502','1458627189','2','021',2260,'1459136279','2016-03-30 14:00:16'),('14593212162','0502','1458627189','2','022',670,'1459136279','2016-03-30 14:00:16'),('14593212163','0502','1458627189','2','03',16,'1459136279','2016-03-30 14:00:16'),('14593212164','0502','1458627189','2','04',5,'1459136279','2016-03-30 14:00:16'),('14593217000','0505','1458627189','2','011',20149,'1459136436','2016-03-30 14:08:20'),('14593217001','0505','1458627189','2','021',2526,'1459136436','2016-03-30 14:08:20'),('14593217002','0505','1458627189','2','022',624,'1459136436','2016-03-30 14:08:20'),('14593217003','0505','1458627189','2','03',0,'1459136436','2016-03-30 14:08:20'),('14593217004','0505','1458627189','2','04',64,'1459136436','2016-03-30 14:08:20'),('14593224810','0505','1458627189','1','011',23775,'1459136436','2016-03-30 14:21:21'),('14593224811','0505','1458627189','1','021',2664,'1459136436','2016-03-30 14:21:21'),('14593224812','0505','1458627189','1','022',623,'1459136436','2016-03-30 14:21:21'),('14593224813','0505','1458627189','1','03',0,'1459136436','2016-03-30 14:21:21'),('14593224814','0505','1458627189','1','04',50,'1459136436','2016-03-30 14:21:21'),('14593229360','0520','1458627189','1','011',16856,'1459138103','2016-03-30 14:28:56'),('14593229361','0520','1458627189','1','021',1426,'1459138103','2016-03-30 14:28:56'),('14593229362','0520','1458627189','1','022',334,'1459138103','2016-03-30 14:28:56'),('14593229363','0520','1458627189','1','03',12,'1459138103','2016-03-30 14:28:56'),('14593229364','0520','1458627189','1','04',3,'1459138103','2016-03-30 14:28:56'),('14593231670','0520','1458627189','2','011',15912,'1459138103','2016-03-30 14:32:47'),('14593231671','0520','1458627189','2','021',1304,'1459138103','2016-03-30 14:32:47'),('14593231672','0520','1458627189','2','022',274,'1459138103','2016-03-30 14:32:47'),('14593231673','0520','1458627189','2','03',12,'1459138103','2016-03-30 14:32:47'),('14593231674','0520','1458627189','2','04',3,'1459138103','2016-03-30 14:32:47'),('14593242430','0504','1458627189','1','011',2147483647,'1459133843','2016-03-30 14:50:43'),('14593242431','0504','1458627189','1','021',2147483647,'1459133843','2016-03-30 14:50:43'),('14593242432','0504','1458627189','1','022',112867625,'1459133843','2016-03-30 14:50:43'),('14593242433','0504','1458627189','1','03',0,'1459133843','2016-03-30 14:50:43'),('14593242434','0504','1458627189','1','04',2493350,'1459133843','2016-03-30 14:50:43'),('14593256260','0525','1458627189','1','011',11287,'1459213035','2016-03-30 15:13:46'),('14593256261','0525','1458627189','1','021',1005,'1459213035','2016-03-30 15:13:46'),('14593256262','0525','1458627189','1','022',149,'1459213035','2016-03-30 15:13:46'),('14593256263','0525','1458627189','1','03',5,'1459213035','2016-03-30 15:13:46'),('14593256264','0525','1458627189','1','04',0,'1459213035','2016-03-30 15:13:46'),('14593256440','0525','1458627189','2','011',10024,'1459213035','2016-03-30 15:14:04'),('14593256441','0525','1458627189','2','021',778,'1459213035','2016-03-30 15:14:04'),('14593256442','0525','1458627189','2','022',184,'1459213035','2016-03-30 15:14:04'),('14593256443','0525','1458627189','2','03',5,'1459213035','2016-03-30 15:14:04'),('14593256444','0525','1458627189','2','04',0,'1459213035','2016-03-30 15:14:04'),('14593257060','0525','1458627189','3','011',0,'1459213035','2016-03-30 15:15:06'),('14593257061','0525','1458627189','3','021',0,'1459213035','2016-03-30 15:15:06'),('14593257062','0525','1458627189','3','022',0,'1459213035','2016-03-30 15:15:06'),('14593257063','0525','1458627189','3','03',5,'1459213035','2016-03-30 15:15:06'),('14593257064','0525','1458627189','3','04',0,'1459213035','2016-03-30 15:15:06'),('14593444330','0511','1458627189','3','011',0,'1459152424','2016-03-30 20:27:13'),('14593444331','0511','1458627189','3','021',0,'1459152424','2016-03-30 20:27:13'),('14593444332','0511','1458627189','3','022',0,'1459152424','2016-03-30 20:27:13'),('14593444333','0511','1458627189','3','03',27,'1459152424','2016-03-30 20:27:13'),('14593444334','0511','1458627189','3','04',10,'1459152424','2016-03-30 20:27:13'),('14593848560','0535','1458627189','1','011',23350,'1459130999','2016-03-31 07:40:56'),('14593848561','0535','1458627189','1','012',472,'1459130999','2016-03-31 07:40:56'),('14593848562','0535','1458627189','1','021',1806,'1459130999','2016-03-31 07:40:56'),('14593848563','0535','1458627189','1','022',1644,'1459130999','2016-03-31 07:40:56'),('14593848564','0535','1458627189','1','03',13,'1459130999','2016-03-31 07:40:56'),('14593848565','0535','1458627189','1','04',6,'1459130999','2016-03-31 07:40:56'),('14593849000','0535','1458627189','2','011',44667,'1459130999','2016-03-31 07:41:40'),('14593849001','0535','1458627189','2','012',459,'1459130999','2016-03-31 07:41:40'),('14593849002','0535','1458627189','2','021',1988,'1459130999','2016-03-31 07:41:40'),('14593849003','0535','1458627189','2','022',1401,'1459130999','2016-03-31 07:41:40'),('14593849004','0535','1458627189','2','03',13,'1459130999','2016-03-31 07:41:40'),('14593849005','0535','1458627189','2','04',6,'1459130999','2016-03-31 07:41:40'),('14593862870','0513','1458627189','1','011',26646,'1459134128','2016-03-31 08:04:47'),('14593862871','0513','1458627189','1','012',631,'1459134128','2016-03-31 08:04:47'),('14593862872','0513','1458627189','1','021',2698,'1459134128','2016-03-31 08:04:47'),('14593862873','0513','1458627189','1','022',848,'1459134128','2016-03-31 08:04:47'),('14593862874','0513','1458627189','1','03',21,'1459134128','2016-03-31 08:04:47'),('14593862875','0513','1458627189','1','04',2,'1459134128','2016-03-31 08:04:47'),('14593863720','0513','1458627189','2','011',23230,'1459134128','2016-03-31 08:06:12'),('14593863721','0513','1458627189','2','012',651,'1459134128','2016-03-31 08:06:12'),('14593863722','0513','1458627189','2','021',2237,'1459134128','2016-03-31 08:06:12'),('14593863723','0513','1458627189','2','022',800,'1459134128','2016-03-31 08:06:12'),('14593863724','0513','1458627189','2','03',24,'1459134128','2016-03-31 08:06:12'),('14593863725','0513','1458627189','2','04',2,'1459134128','2016-03-31 08:06:12'),('14593871300','0537','1458627189','1','011',14151,'1459133423','2016-03-31 08:18:50'),('14593871301','0537','1458627189','1','012',223,'1459133423','2016-03-31 08:18:50'),('14593871302','0537','1458627189','1','021',1240,'1459133423','2016-03-31 08:18:50'),('14593871303','0537','1458627189','1','022',998,'1459133423','2016-03-31 08:18:50'),('14593871304','0537','1458627189','1','03',0,'1459133423','2016-03-31 08:18:50'),('14593871305','0537','1458627189','1','04',23,'1459133423','2016-03-31 08:18:50'),('14593874260','0537','1458627189','2','011',12090,'1459133423','2016-03-31 08:23:46'),('14593874261','0537','1458627189','2','012',107,'1459133423','2016-03-31 08:23:46'),('14593874262','0537','1458627189','2','021',775,'1459133423','2016-03-31 08:23:46'),('14593874263','0537','1458627189','2','022',915,'1459133423','2016-03-31 08:23:46'),('14593874264','0537','1458627189','2','03',0,'1459133423','2016-03-31 08:23:46'),('14593874265','0537','1458627189','2','04',26,'1459133423','2016-03-31 08:23:46'),('14593875970','0518','1458627189','1','011',23718,'1459137509','2016-03-31 08:26:37'),('14593875971','0518','1458627189','1','012',3210,'1459137509','2016-03-31 08:26:37'),('14593875972','0518','1458627189','1','021',2496,'1459137509','2016-03-31 08:26:37'),('14593875973','0518','1458627189','1','022',426,'1459137509','2016-03-31 08:26:37'),('14593875974','0518','1458627189','1','03',22,'1459137509','2016-03-31 08:26:37'),('14593875975','0518','1458627189','1','04',0,'1459137509','2016-03-31 08:26:37'),('14593878900','0518','1458627189','2','011',20970,'1459137509','2016-03-31 08:31:30'),('14593878901','0518','1458627189','2','012',546,'1459137509','2016-03-31 08:31:30'),('14593878902','0518','1458627189','2','021',2560,'1459137509','2016-03-31 08:31:30'),('14593878903','0518','1458627189','2','022',462,'1459137509','2016-03-31 08:31:30'),('14593878904','0518','1458627189','2','03',22,'1459137509','2016-03-31 08:31:30'),('14593878905','0518','1458627189','2','04',0,'1459137509','2016-03-31 08:31:30'),('14593931790','0511','1458627189','1','011',39066,'1459152424','2016-03-31 09:59:39'),('14593931791','0511','1458627189','1','012',0,'1459152424','2016-03-31 09:59:39'),('14593931792','0511','1458627189','1','021',3970,'1459152424','2016-03-31 09:59:39'),('14593931793','0511','1458627189','1','022',1543,'1459152424','2016-03-31 09:59:39'),('14593931794','0511','1458627189','1','03',27,'1459152424','2016-03-31 09:59:39'),('14593931795','0511','1458627189','1','04',10,'1459152424','2016-03-31 09:59:39'),('14593932400','0511','1458627189','2','011',33473,'1459152424','2016-03-31 10:00:40'),('14593932401','0511','1458627189','2','012',0,'1459152424','2016-03-31 10:00:40'),('14593932402','0511','1458627189','2','021',2990,'1459152424','2016-03-31 10:00:40'),('14593932403','0511','1458627189','2','022',1384,'1459152424','2016-03-31 10:00:40'),('14593932404','0511','1458627189','2','03',27,'1459152424','2016-03-31 10:00:40'),('14593932405','0511','1458627189','2','04',10,'1459152424','2016-03-31 10:00:40'),('14594015790','0507','1458627189','1','011',14657,'1459137270','2016-03-31 12:19:39'),('14594015791','0507','1458627189','1','012',1529,'1459137270','2016-03-31 12:19:39'),('14594015792','0507','1458627189','1','021',2744,'1459137270','2016-03-31 12:19:39'),('14594015793','0507','1458627189','1','022',245,'1459137270','2016-03-31 12:19:39'),('14594015794','0507','1458627189','1','03',0,'1459137270','2016-03-31 12:19:39'),('14594015795','0507','1458627189','1','04',6,'1459137270','2016-03-31 12:19:39'),('14594018800','0507','1458627189','2','011',15740,'1459137270','2016-03-31 12:24:40'),('14594018801','0507','1458627189','2','012',1489,'1459137270','2016-03-31 12:24:40'),('14594018802','0507','1458627189','2','021',3014,'1459137270','2016-03-31 12:24:40'),('14594018803','0507','1458627189','2','022',272,'1459137270','2016-03-31 12:24:40'),('14594018804','0507','1458627189','2','03',0,'1459137270','2016-03-31 12:24:40'),('14594018805','0507','1458627189','2','04',6,'1459137270','2016-03-31 12:24:40'),('14594121710','05','1458627189','2','03',20,'1459297654','2016-03-31 15:16:11'),('14594121860','05','1458627189','3','03',20,'1459297654','2016-03-31 15:16:26'),('14594124950','0521','1458627189','2','011',7791,'1459151125','2016-03-31 15:21:35'),('14594124951','0521','1458627189','2','012',5400,'1459151125','2016-03-31 15:21:35'),('14594124952','0521','1458627189','2','021',723,'1459151125','2016-03-31 15:21:35'),('14594124953','0521','1458627189','2','022',128,'1459151125','2016-03-31 15:21:35'),('14594124954','0521','1458627189','2','03',8,'1459151125','2016-03-31 15:21:35'),('14594124955','0521','1458627189','2','04',0,'1459151125','2016-03-31 15:21:35'),('14594125490','0521','1458627189','1','011',8921,'1459151125','2016-03-31 15:22:29'),('14594125491','0521','1458627189','1','012',6542,'1459151125','2016-03-31 15:22:29'),('14594125492','0521','1458627189','1','021',913,'1459151125','2016-03-31 15:22:29'),('14594125493','0521','1458627189','1','022',137,'1459151125','2016-03-31 15:22:29'),('14594125494','0521','1458627189','1','03',8,'1459151125','2016-03-31 15:22:29'),('14594125495','0521','1458627189','1','04',0,'1459151125','2016-03-31 15:22:29');

/*Table structure for table `t_rek_pd` */

DROP TABLE IF EXISTS `t_rek_pd`;

CREATE TABLE `t_rek_pd` (
  `id_rek_pd` char(15) NOT NULL,
  `sub_rek_pd` char(15) NOT NULL,
  `no_rekening` char(50) DEFAULT NULL,
  `nama_rekening` char(50) NOT NULL,
  `urutan` smallint(6) NOT NULL DEFAULT '1',
  `pusat` tinyint(1) NOT NULL DEFAULT '1',
  `show_rekam` tinyint(1) NOT NULL DEFAULT '1',
  `aktif` tinyint(1) NOT NULL DEFAULT '1',
  PRIMARY KEY (`id_rek_pd`)
) ENGINE=InnoDB DEFAULT CHARSET=latin1;

/*Data for the table `t_rek_pd` */

insert  into `t_rek_pd`(`id_rek_pd`,`sub_rek_pd`,`no_rekening`,`nama_rekening`,`urutan`,`pusat`,`show_rekam`,`aktif`) values ('01','00','','PKB',1,0,0,1),('011','01',NULL,'PKB Lokal',2,0,1,1),('012','01','','PKB Online (memproses samsat lain)',3,0,1,1),('02','00',NULL,'BBNKB',4,0,0,1),('021','02',NULL,'BBNKB 1',5,0,1,1),('022','02',NULL,'BBNKB 2',6,0,1,1),('03','00',NULL,'PBBKB',7,1,1,1),('04','00',NULL,'PAP',8,0,1,1);

/*Table structure for table `t_riwayat_lokasi_pegawai` */

DROP TABLE IF EXISTS `t_riwayat_lokasi_pegawai`;

CREATE TABLE `t_riwayat_lokasi_pegawai` (
  `id_riwayat_lokasi` char(15) NOT NULL,
  `id_pegawai` char(15) NOT NULL,
  `id_lokasi` char(15) NOT NULL,
  `id_user` char(15) NOT NULL,
  `riwayat_buat` datetime DEFAULT NULL,
  `riwayat_ubah` datetime DEFAULT NULL,
  `aktif` tinyint(1) NOT NULL DEFAULT '0',
  PRIMARY KEY (`id_riwayat_lokasi`),
  KEY `id_pegawai` (`id_pegawai`),
  KEY `id_user` (`id_user`),
  CONSTRAINT `t_riwayat_lokasi_pegawai_ibfk_1` FOREIGN KEY (`id_pegawai`) REFERENCES `t_pegawai` (`id_pegawai`) ON DELETE CASCADE ON UPDATE CASCADE,
  CONSTRAINT `t_riwayat_lokasi_pegawai_ibfk_2` FOREIGN KEY (`id_user`) REFERENCES `t_users` (`id_user`) ON DELETE CASCADE ON UPDATE CASCADE
) ENGINE=InnoDB DEFAULT CHARSET=latin1;

/*Data for the table `t_riwayat_lokasi_pegawai` */

/*Table structure for table `t_set_ttd_pejabat_upad` */

DROP TABLE IF EXISTS `t_set_ttd_pejabat_upad`;

CREATE TABLE `t_set_ttd_pejabat_upad` (
  `id_set_ttd` char(15) NOT NULL,
  `id_ttd` char(15) NOT NULL,
  `id_lokasi` char(15) NOT NULL,
  `nama_pejabat` char(50) NOT NULL,
  `nip` char(25) NOT NULL,
  `aktif` tinyint(1) NOT NULL DEFAULT '1',
  PRIMARY KEY (`id_set_ttd`),
  KEY `id_lokasi` (`id_lokasi`),
  KEY `id_ttd` (`id_ttd`,`id_lokasi`),
  KEY `id_ttd_2` (`id_ttd`),
  CONSTRAINT `t_set_ttd_pejabat_upad_ibfk_1` FOREIGN KEY (`id_ttd`) REFERENCES `t_tanda_tangan` (`id_ttd`) ON DELETE CASCADE ON UPDATE CASCADE
) ENGINE=InnoDB DEFAULT CHARSET=latin1;

/*Data for the table `t_set_ttd_pejabat_upad` */

/*Table structure for table `t_sts_pegawai` */

DROP TABLE IF EXISTS `t_sts_pegawai`;

CREATE TABLE `t_sts_pegawai` (
  `id_sts_pegawai` char(3) NOT NULL,
  `status_pegawai` char(15) NOT NULL,
  `aktif` tinyint(1) NOT NULL DEFAULT '1',
  PRIMARY KEY (`id_sts_pegawai`)
) ENGINE=InnoDB DEFAULT CHARSET=latin1;

/*Data for the table `t_sts_pegawai` */

insert  into `t_sts_pegawai`(`id_sts_pegawai`,`status_pegawai`,`aktif`) values ('33','ASN',1),('99','Non ASN',1);

/*Table structure for table `t_tanda_tangan` */

DROP TABLE IF EXISTS `t_tanda_tangan`;

CREATE TABLE `t_tanda_tangan` (
  `id_ttd` char(15) NOT NULL,
  `jabatan_ttd` char(50) NOT NULL,
  `posisi` char(10) NOT NULL,
  `aktif` tinyint(1) NOT NULL,
  PRIMARY KEY (`id_ttd`)
) ENGINE=InnoDB DEFAULT CHARSET=latin1;

/*Data for the table `t_tanda_tangan` */

/*Table structure for table `t_target_d2d` */

DROP TABLE IF EXISTS `t_target_d2d`;

CREATE TABLE `t_target_d2d` (
  `id_target` char(15) NOT NULL,
  `id_anggaran` char(15) NOT NULL,
  `id_triwulan` char(15) NOT NULL,
  `id_jabatan` char(15) NOT NULL,
  `total` int(11) NOT NULL DEFAULT '0',
  PRIMARY KEY (`id_target`),
  KEY `id_jabatan` (`id_jabatan`),
  KEY `id_target` (`id_target`,`id_anggaran`),
  KEY `id_target_2` (`id_target`,`id_triwulan`),
  KEY `id_target_3` (`id_target`,`id_jabatan`),
  KEY `id_anggaran` (`id_anggaran`,`id_triwulan`),
  KEY `id_anggaran_2` (`id_anggaran`,`id_jabatan`),
  KEY `id_triwulan` (`id_triwulan`,`id_jabatan`),
  KEY `id_target_4` (`id_target`,`id_anggaran`,`id_triwulan`,`id_jabatan`),
  KEY `id_anggaran_3` (`id_anggaran`),
  KEY `id_triwulan_2` (`id_triwulan`),
  CONSTRAINT `t_target_d2d_ibfk_1` FOREIGN KEY (`id_anggaran`) REFERENCES `t_th_anggaran` (`id_anggaran`) ON DELETE CASCADE ON UPDATE CASCADE,
  CONSTRAINT `t_target_d2d_ibfk_2` FOREIGN KEY (`id_triwulan`) REFERENCES `t_triwulan` (`id_triwulan`) ON DELETE CASCADE ON UPDATE CASCADE,
  CONSTRAINT `t_target_d2d_ibfk_3` FOREIGN KEY (`id_jabatan`) REFERENCES `t_jabatan` (`id_jabatan`) ON DELETE CASCADE ON UPDATE CASCADE
) ENGINE=InnoDB DEFAULT CHARSET=latin1;

/*Data for the table `t_target_d2d` */

insert  into `t_target_d2d`(`id_target`,`id_anggaran`,`id_triwulan`,`id_jabatan`,`total`) values ('14591031481','1458627189','01','e1',0),('145910314810','1458627189','02','e3',30),('145910314811','1458627189','03','e3',30),('145910314812','1458627189','04','e3',30),('145910314813','1458627189','01','e4',45),('145910314814','1458627189','02','e4',45),('145910314815','1458627189','03','e4',45),('145910314816','1458627189','04','e4',45),('145910314817','1458627189','01','s',60),('145910314818','1458627189','02','s',60),('145910314819','1458627189','03','s',60),('14591031482','1458627189','02','e1',0),('145910314820','1458627189','04','s',60),('14591031483','1458627189','03','e1',0),('14591031484','1458627189','04','e1',0),('14591031485','1458627189','01','e2',20),('14591031486','1458627189','02','e2',20),('14591031487','1458627189','03','e2',20),('14591031488','1458627189','04','e2',20),('14591031489','1458627189','01','e3',30);

/*Table structure for table `t_target_pely_pd` */

DROP TABLE IF EXISTS `t_target_pely_pd`;

CREATE TABLE `t_target_pely_pd` (
  `id_target` char(15) NOT NULL,
  `id_anggaran` char(15) NOT NULL,
  `id_triwulan` char(15) NOT NULL,
  `id_rek_pd` char(15) NOT NULL,
  `total` int(11) NOT NULL DEFAULT '0',
  PRIMARY KEY (`id_target`),
  KEY `id_jabatan` (`id_rek_pd`),
  KEY `id_target` (`id_target`,`id_anggaran`),
  KEY `id_target_2` (`id_target`,`id_triwulan`),
  KEY `id_target_3` (`id_target`,`id_rek_pd`),
  KEY `id_anggaran` (`id_anggaran`,`id_triwulan`),
  KEY `id_anggaran_2` (`id_anggaran`,`id_rek_pd`),
  KEY `id_triwulan` (`id_triwulan`,`id_rek_pd`),
  KEY `id_target_4` (`id_target`,`id_anggaran`,`id_triwulan`,`id_rek_pd`),
  KEY `id_anggaran_3` (`id_anggaran`),
  KEY `id_triwulan_2` (`id_triwulan`),
  CONSTRAINT `t_target_pely_pd_ibfk_1` FOREIGN KEY (`id_rek_pd`) REFERENCES `t_rek_pd` (`id_rek_pd`)
) ENGINE=InnoDB DEFAULT CHARSET=latin1;

/*Data for the table `t_target_pely_pd` */

insert  into `t_target_pely_pd`(`id_target`,`id_anggaran`,`id_triwulan`,`id_rek_pd`,`total`) values ('14591536811','1458627189','01','01',2230000),('145915368110','1458627189','02','03',1908),('145915368111','1458627189','03','03',1908),('145915368112','1458627189','04','03',1908),('145915368113','1458627189','01','04',2430),('145915368114','1458627189','02','04',2430),('145915368115','1458627189','03','04',2430),('145915368116','1458627189','04','04',2430),('14591536812','1458627189','02','01',2280000),('14591536813','1458627189','03','01',2580000),('14591536814','1458627189','04','01',2540000),('14591536815','1458627189','01','02',317000),('14591536816','1458627189','02','02',308000),('14591536817','1458627189','03','02',328000),('14591536818','1458627189','04','02',250000),('14591536819','1458627189','01','03',1908);

/*Table structure for table `t_th_anggaran` */

DROP TABLE IF EXISTS `t_th_anggaran`;

CREATE TABLE `t_th_anggaran` (
  `id_anggaran` char(15) NOT NULL,
  `th_anggaran` year(4) NOT NULL,
  `keterangan` text,
  `aktif` tinyint(1) NOT NULL DEFAULT '0',
  PRIMARY KEY (`id_anggaran`)
) ENGINE=InnoDB DEFAULT CHARSET=latin1;

/*Data for the table `t_th_anggaran` */

insert  into `t_th_anggaran`(`id_anggaran`,`th_anggaran`,`keterangan`,`aktif`) values ('1458627189',2016,'awal penghitungan kinerja',1),('1458634522',2015,'Coba Tahun Lalu',0);

/*Table structure for table `t_triwulan` */

DROP TABLE IF EXISTS `t_triwulan`;

CREATE TABLE `t_triwulan` (
  `id_triwulan` char(15) NOT NULL,
  `triwulan` char(15) NOT NULL,
  `aktif` tinyint(1) NOT NULL DEFAULT '1',
  PRIMARY KEY (`id_triwulan`)
) ENGINE=InnoDB DEFAULT CHARSET=latin1;

/*Data for the table `t_triwulan` */

insert  into `t_triwulan`(`id_triwulan`,`triwulan`,`aktif`) values ('01','I',1),('02','II',1),('03','III',1),('04','IV',1);

/*Table structure for table `t_trx_d2d` */

DROP TABLE IF EXISTS `t_trx_d2d`;

CREATE TABLE `t_trx_d2d` (
  `id_trx` char(15) NOT NULL,
  `id_mutasi` char(15) NOT NULL,
  `id_bulan` char(15) NOT NULL,
  `id_anggaran` char(15) NOT NULL,
  `jumlah` int(11) NOT NULL DEFAULT '0',
  `id_user` char(15) NOT NULL,
  PRIMARY KEY (`id_trx`),
  KEY `id_bulan` (`id_bulan`),
  KEY `id_anggaran` (`id_anggaran`),
  KEY `id_mutasi` (`id_mutasi`),
  CONSTRAINT `t_trx_d2d_ibfk_1` FOREIGN KEY (`id_bulan`) REFERENCES `t_bulan` (`id_bulan`) ON DELETE CASCADE ON UPDATE CASCADE,
  CONSTRAINT `t_trx_d2d_ibfk_2` FOREIGN KEY (`id_anggaran`) REFERENCES `t_th_anggaran` (`id_anggaran`) ON DELETE CASCADE ON UPDATE CASCADE,
  CONSTRAINT `t_trx_d2d_ibfk_3` FOREIGN KEY (`id_mutasi`) REFERENCES `t_mutasi` (`id_mutasi`) ON DELETE CASCADE ON UPDATE CASCADE
) ENGINE=InnoDB DEFAULT CHARSET=latin1;

/*Data for the table `t_trx_d2d` */

insert  into `t_trx_d2d`(`id_trx`,`id_mutasi`,`id_bulan`,`id_anggaran`,`jumlah`,`id_user`) values ('145915058080','145913513199','1','1458627189',20,'1459134128'),('145915058081','145913513199','2','1458627189',15,'1459134128'),('145915058082','145913513199','3','1458627189',15,'1459134128'),('145915062480','145915046099','1','1458627189',20,'1459134128'),('145915062481','145915046099','2','1458627189',20,'1459134128'),('145915062482','145915046099','3','1458627189',20,'1459134128'),('145915064780','145915043999','1','1458627189',20,'1459134128'),('145915064781','145915043999','2','1458627189',20,'1459134128'),('145915064782','145915043999','3','1458627189',20,'1459134128'),('145915079080','145913525699','1','1458627189',60,'1459134128'),('145915079081','145913525699','2','1458627189',16,'1459134128'),('145915079082','145913525699','3','1458627189',15,'1459134128'),('145915081680','145913534999','1','1458627189',47,'1458608926'),('145915081681','145913534999','2','1458627189',15,'1458608926'),('145915081682','145913534999','3','1458627189',15,'1458608926'),('145915084280','145913544399','1','1458627189',27,'1459134128'),('145915084281','145913544399','2','1458627189',29,'1459134128'),('145915084282','145913544399','3','1458627189',15,'1459134128'),('145915087180','145913553399','1','1458627189',27,'1459134128'),('145915087181','145913553399','2','1458627189',15,'1459134128'),('145915087182','145913553399','3','1458627189',15,'1459134128'),('145915092280','145913567199','1','1458627189',25,'1459134128'),('145915092281','145913567199','2','1458627189',10,'1459134128'),('145915092282','145913567199','3','1458627189',10,'1459134128'),('145915096080','145914963999','1','1458627189',23,'1459134128'),('145915096081','145914963999','2','1458627189',20,'1459134128'),('145915096082','145914963999','3','1458627189',20,'1459134128'),('145915098880','145914996799','1','1458627189',25,'1459134128'),('145915098881','145914996799','2','1458627189',21,'1459134128'),('145915098882','145914996799','3','1458627189',20,'1459134128'),('145915102580','145914974499','1','1458627189',60,'1459134128'),('145915102581','145914974499','2','1458627189',20,'1459134128'),('145915102582','145914974499','3','1458627189',20,'1459134128'),('145915105780','145914980899','1','1458627189',23,'1459134128'),('145915105781','145914980899','2','1458627189',18,'1459134128'),('145915105782','145914980899','3','1458627189',20,'1459134128'),('145915107980','145914991599','1','1458627189',25,'1459134128'),('145915107981','145914991599','2','1458627189',20,'1459134128'),('145915107982','145914991599','3','1458627189',20,'1459134128'),('145915112780','145915002999','1','1458627189',25,'1459134128'),('145915112781','145915002999','2','1458627189',26,'1459134128'),('145915112782','145915002999','3','1458627189',20,'1459134128'),('145915115680','145915008099','1','1458627189',22,'1459134128'),('145915115681','145915008099','2','1458627189',23,'1459134128'),('145915115682','145915008099','3','1458627189',20,'1459134128'),('145915118380','145915015999','1','1458627189',22,'1459134128'),('145915118381','145915015999','2','1458627189',20,'1459134128'),('145915118382','145915015999','3','1458627189',20,'1459134128'),('145915120780','145915021199','1','1458627189',20,'1459134128'),('145915120781','145915021199','2','1458627189',20,'1459134128'),('145915120782','145915021199','3','1458627189',20,'1459134128'),('145915123480','145915028799','1','1458627189',20,'1459134128'),('145915123481','145915028799','2','1458627189',20,'1459134128'),('145915123482','145915028799','3','1458627189',20,'1459134128'),('145915125880','145915032699','1','1458627189',22,'1459134128'),('145915125881','145915032699','2','1458627189',20,'1459134128'),('145915125882','145915032699','3','1458627189',20,'1459134128'),('145915824480','145915809699','1','1458627189',30,'1459065329'),('145915824481','145915809699','2','1458627189',30,'1459065329'),('145915824482','145915809699','3','1458627189',20,'1459065329'),('145917837380','145915813599','1','1458627189',20,'1459136279'),('145917837381','145915813599','2','1458627189',22,'1459136279'),('145917837382','145915813599','3','1458627189',20,'1459136279'),('145921544981','145921412899','2','1458627189',28,'1459213035'),('145921544982','145921412899','3','1458627189',5,'1459213035'),('145921549981','145921422599','2','1458627189',34,'1459213035'),('145921549982','145921422599','3','1458627189',11,'1459213035'),('145921561881','145921431999','2','1458627189',23,'1459213035'),('145921561882','145921431999','3','1458627189',22,'1459213035'),('145921565581','145921446499','2','1458627189',31,'1459213035'),('145921565582','145921446499','3','1458627189',14,'1459213035'),('145921567981','145921455299','2','1458627189',26,'1459213035'),('145921567982','145921455299','3','1458627189',19,'1459213035'),('145921570781','145921460199','2','1458627189',67,'1459213035'),('145921570782','145921460199','3','1458627189',10,'1459213035'),('145921577681','145921467799','2','1458627189',28,'1459213035'),('145921577682','145921467799','3','1458627189',32,'1459213035'),('145921580281','145921473599','2','1458627189',32,'1459213035'),('145921580282','145921473599','3','1458627189',28,'1459213035'),('145921584481','145921478599','2','1458627189',24,'1459213035'),('145921584482','145921478599','3','1458627189',36,'1459213035'),('145921587181','145921484099','2','1458627189',32,'1459213035'),('145921587182','145921484099','3','1458627189',28,'1459213035'),('145921590081','145921487899','2','1458627189',25,'1459213035'),('145921590082','145921487899','3','1458627189',35,'1459213035'),('145921592481','145921494399','2','1458627189',33,'1459213035'),('145921592482','145921494399','3','1458627189',27,'1459213035'),('145921984880','145921973899','1','1458627189',22,'1459136367'),('145921984881','145921973899','2','1458627189',20,'1459136367'),('145921984882','145921973899','3','1458627189',20,'1459136367'),('145922102380','145921896199','1','1458627189',34,'1459130999'),('145922102381','145921896199','2','1458627189',13,'1459130999'),('145922102382','145921896199','3','1458627189',10,'1459130999'),('145922108780','145921914099','1','1458627189',53,'1459130999'),('145922108781','145921914099','2','1458627189',16,'1459130999'),('145922108782','145921914099','3','1458627189',15,'1459130999'),('145922111680','145921901799','1','1458627189',38,'1459130999'),('145922111681','145921901799','2','1458627189',17,'1459130999'),('145922111682','145921901799','3','1458627189',15,'1459130999'),('145922113980','145921908299','1','1458627189',52,'1459130999'),('145922113981','145921908299','2','1458627189',17,'1459130999'),('145922113982','145921908299','3','1458627189',15,'1459130999'),('145922119380','145921927899','1','1458627189',52,'1459130999'),('145922119381','145921927899','2','1458627189',24,'1459130999'),('145922119382','145921927899','3','1458627189',20,'1459130999'),('145922126780','145921932399','1','1458627189',53,'1459130999'),('145922126781','145921932399','2','1458627189',22,'1459130999'),('145922126782','145921932399','3','1458627189',20,'1459130999'),('145922199580','145921954099','1','1458627189',51,'1459130999'),('145922199581','145921954099','2','1458627189',22,'1459130999'),('145922199582','145921954099','3','1458627189',20,'1459130999'),('145922202580','145921960299','1','1458627189',53,'1459130999'),('145922202581','145921960299','2','1458627189',23,'1459130999'),('145922202582','145921960299','3','1458627189',20,'1459130999'),('145922205180','145921966299','1','1458627189',52,'1459130999'),('145922205181','145921966299','2','1458627189',21,'1459130999'),('145922205182','145921966299','3','1458627189',20,'1459130999'),('145922208280','145921944299','1','1458627189',50,'1459130999'),('145922208281','145921944299','2','1458627189',23,'1459130999'),('145922208282','145921944299','3','1458627189',20,'1459130999'),('145922210480','145921923499','1','1458627189',45,'1459130999'),('145922210481','145921923499','2','1458627189',24,'1459130999'),('145922210482','145921923499','3','1458627189',20,'1459130999'),('145922213580','145921970999','1','1458627189',50,'1459130999'),('145922213581','145921970999','2','1458627189',21,'1459130999'),('145922213582','145921970999','3','1458627189',20,'1459130999'),('145922216181','145921940299','2','1458627189',22,'1459130999'),('145922216182','145921940299','3','1458627189',20,'1459130999'),('145922217980','145921976699','1','1458627189',51,'1459130999'),('145922224880','145922221899','1','1458627189',43,'1459130999'),('145922224881','145922221899','2','1458627189',18,'1459130999'),('145922254780','145916658499','1','1458627189',20,'1459136279'),('145922254781','145916658499','2','1458627189',20,'1459136279'),('145922254782','145916658499','3','1458627189',20,'1459136279'),('145922257180','145922250199','1','1458627189',20,'1459136367'),('145922257181','145922250199','2','1458627189',20,'1459136367'),('145922257182','145922250199','3','1458627189',20,'1459136367'),('145922415680','145921284299','1','1458627189',47,'1459150457'),('145922415681','145921284299','2','1458627189',35,'1459150457'),('145922429380','145921195499','1','1458627189',52,'1459150457'),('145922429381','145921195499','2','1458627189',33,'1459150457'),('145922434380','145921212399','1','1458627189',61,'1459150457'),('145922434381','145921212399','2','1458627189',57,'1459150457'),('145922440580','145921223299','1','1458627189',45,'1459150457'),('145922440581','145921223299','2','1458627189',33,'1459150457'),('145922447680','145921355599','1','1458627189',48,'1459150457'),('145922447681','145921355599','2','1458627189',42,'1459150457'),('145922451380','145921362399','1','1458627189',50,'1459150457'),('145922451381','145921362399','2','1458627189',56,'1459150457'),('145922455880','145921329399','1','1458627189',37,'1459150457'),('145922455881','145921329399','2','1458627189',60,'1459150457'),('145922462480','145921370799','1','1458627189',40,'1459150457'),('145922462481','145921370799','2','1458627189',30,'1459150457'),('145922494380','145921347799','1','1458627189',47,'1459150457'),('145922494381','145921347799','2','1458627189',30,'1459150457'),('145922502980','145921393499','1','1458627189',32,'1459150457'),('145922502981','145921393499','2','1458627189',37,'1459150457'),('145922508080','145921399899','1','1458627189',40,'1459150457'),('145922508081','145921399899','2','1458627189',30,'1459150457'),('145922513280','145921376999','1','1458627189',39,'1459150457'),('145922513281','145921376999','2','1458627189',35,'1459150457'),('145922554580','145922537599','1','1458627189',65,'1459150457'),('145922554581','145922537599','2','1458627189',55,'1459150457'),('145922576380','145921736599','1','1458627189',70,'1459152424'),('145922585080','145921744399','1','1458627189',70,'1459152424'),('145922587280','145921751299','1','1458627189',70,'1459152424'),('145922590980','145921757099','1','1458627189',70,'1459152424'),('145922593180','145921762899','1','1458627189',70,'1459152424'),('145922598080','145921771499','1','1458627189',70,'1459152424'),('145922601080','145921776599','1','1458627189',70,'1459152424'),('145922602980','145921810699','1','1458627189',70,'1459152424'),('145922605180','145921818499','1','1458627189',70,'1459152424'),('145922607180','145921824299','1','1458627189',70,'1459152424'),('145922610480','145921836399','1','1458627189',70,'1459152424'),('145922612380','145921844999','1','1458627189',70,'1459152424'),('145922614480','145921857699','1','1458627189',70,'1459152424'),('145922616780','145921865799','1','1458627189',70,'1459152424'),('145922619480','145921871499','1','1458627189',71,'1459152424'),('145922622580','145921876699','1','1458627189',70,'1459152424'),('145922624880','145921881199','1','1458627189',70,'1459152424'),('145922626980','145921885699','1','1458627189',70,'1459152424'),('145922629180','145921890999','1','1458627189',70,'1459152424'),('145922631480','145921895099','1','1458627189',70,'1459152424'),('145922635880','145921904899','1','1458627189',70,'1459152424'),('145922637780','145921910299','1','1458627189',70,'1459152424'),('145922641080','145921920499','1','1458627189',76,'1459152424'),('145922643280','145921915699','1','1458627189',70,'1459152424'),('145922645480','145921925199','1','1458627189',71,'1459152424'),('145922647580','145921931999','1','1458627189',70,'1459152424'),('145922652280','145922550399','1','1458627189',70,'1459152424'),('145922654080','145922553399','1','1458627189',71,'1459152424'),('145922655880','145922556399','1','1458627189',70,'1459152424'),('145922658380','145922558399','1','1458627189',72,'1459152424'),('145922660880','145922560899','1','1458627189',70,'1459152424'),('145922664480','145922563199','1','1458627189',70,'1459152424'),('145922666080','145922565199','1','1458627189',70,'1459152424'),('145922685381','145921736599','2','1458627189',10,'1459152424'),('145922687081','145921744399','2','1458627189',15,'1459152424'),('145922689181','145921751299','2','1458627189',15,'1459152424'),('145922691381','145921757099','2','1458627189',15,'1459152424'),('145922693281','145921762899','2','1458627189',15,'1459152424'),('145922695381','145921771499','2','1458627189',15,'1459152424'),('145922697281','145921776599','2','1458627189',20,'1459152424'),('145922700481','145921810699','2','1458627189',20,'1459152424'),('145922704481','145921818499','2','1458627189',20,'1459152424'),('145922706381','145921824299','2','1458627189',20,'1459152424'),('145922709281','145921836399','2','1458627189',20,'1459152424'),('145922711181','145921844999','2','1458627189',20,'1459152424'),('145922713081','145921857699','2','1458627189',20,'1459152424'),('145922714781','145921865799','2','1458627189',20,'1459152424'),('145922716681','145921871499','2','1458627189',20,'1459152424'),('145922718381','145921876699','2','1458627189',20,'1459152424'),('145922720081','145921881199','2','1458627189',20,'1459152424'),('145922722081','145921885699','2','1458627189',20,'1459152424'),('145922723881','145921890999','2','1458627189',20,'1459152424'),('145922725781','145921895099','2','1458627189',20,'1459152424'),('145922727981','145921900699','2','1458627189',0,'1459152424'),('145922729681','145921904899','2','1458627189',20,'1459152424'),('145922731581','145921910299','2','1458627189',20,'1459152424'),('145922733381','145921915699','2','1458627189',20,'1459152424'),('145922735181','145921920499','2','1458627189',20,'1459152424'),('145922736981','145921925199','2','1458627189',20,'1459152424'),('145922738781','145921931999','2','1458627189',20,'1459152424'),('145922740481','145922550399','2','1458627189',20,'1459152424'),('145922742481','145922553399','2','1458627189',20,'1459152424'),('145922744181','145922556399','2','1458627189',20,'1459152424'),('145922748381','145922558399','2','1458627189',20,'1459152424'),('145922751081','145922560899','2','1458627189',20,'1459152424'),('145922752981','145922563199','2','1458627189',20,'1459152424'),('145922755281','145922565199','2','1458627189',20,'1459152424'),('145922802981','145922786599','2','1458627189',0,'1459152424'),('145922979880','145922974399','1','1458627189',15,'1459136367'),('145922979881','145922974399','2','1458627189',15,'1459136367'),('145922979882','145922974399','3','1458627189',15,'1459136367'),('145923010780','145922048299','1','1458627189',36,'1459215531'),('145923010781','145922048299','2','1458627189',75,'1459215531'),('145923015480','145922061599','1','1458627189',37,'1459215531'),('145923015481','145922061599','2','1458627189',73,'1459215531'),('145923018580','145922447199','1','1458627189',35,'1459215531'),('145923018581','145922447199','2','1458627189',55,'1459215531'),('145923021980','145922459899','1','1458627189',32,'1459215531'),('145923021981','145922459899','2','1458627189',49,'1459215531'),('145923026480','145922536699','1','1458627189',40,'1459215531'),('145923026481','145922536699','2','1458627189',70,'1459215531'),('145923030180','145922544799','1','1458627189',41,'1459215531'),('145923030181','145922544799','2','1458627189',94,'1459215531'),('145923033880','145922551099','1','1458627189',30,'1459215531'),('145923033881','145922551099','2','1458627189',50,'1459215531'),('145923036780','145922557999','1','1458627189',37,'1459215531'),('145923036781','145922557999','2','1458627189',61,'1459215531'),('145923039680','145922567299','1','1458627189',77,'1459215531'),('145923039681','145922567299','2','1458627189',68,'1459215531'),('145923042680','145922572799','1','1458627189',44,'1459215531'),('145923042681','145922572799','2','1458627189',75,'1459215531'),('145923047280','145922578999','1','1458627189',66,'1459215531'),('145923047281','145922578999','2','1458627189',86,'1459215531'),('145923050380','145922592899','1','1458627189',68,'1459215531'),('145923050381','145922592899','2','1458627189',67,'1459215531'),('145923053480','145922598799','1','1458627189',37,'1459215531'),('145923053481','145922598799','2','1458627189',75,'1459215531'),('145923057180','145922604899','1','1458627189',73,'1459215531'),('145923057181','145922604899','2','1458627189',113,'1459215531'),('145923060380','145922609899','1','1458627189',44,'1459215531'),('145923060381','145922609899','2','1458627189',52,'1459215531'),('145923064080','145922616499','1','1458627189',34,'1459215531'),('145923064081','145922616499','2','1458627189',39,'1459215531'),('145923066980','145922623999','1','1458627189',48,'1459215531'),('145923066981','145922623999','2','1458627189',72,'1459215531'),('145923069880','145922749099','1','1458627189',35,'1459215531'),('145923069881','145922749099','2','1458627189',55,'1459215531'),('145923073180','145922756899','1','1458627189',33,'1459215531'),('145923073181','145922756899','2','1458627189',31,'1459215531'),('145923076280','145922774399','1','1458627189',46,'1459215531'),('145923076281','145922774399','2','1458627189',60,'1459215531'),('145923173180','145913825399','1','1458627189',50,'1459136436'),('145923173181','145913825399','2','1458627189',50,'1459136436'),('145923173182','145913825399','3','1458627189',0,'1459136436'),('145923180680','145913973399','1','1458627189',50,'1459136436'),('145923180681','145913973399','2','1458627189',40,'1459136436'),('145923180682','145913973399','3','1458627189',0,'1459136436'),('145923186280','145923162299','1','1458627189',15,'1459136436'),('145923186281','145923162299','2','1458627189',15,'1459136436'),('145923224480','145913983599','1','1458627189',30,'1459136436'),('145923224481','145913983599','2','1458627189',30,'1459136436'),('145923228880','145913989399','1','1458627189',40,'1459136436'),('145923228881','145913989399','2','1458627189',40,'1459136436'),('145923241780','145913995999','1','1458627189',25,'1459136436'),('145923241781','145913995999','2','1458627189',25,'1459136436'),('145923294780','145914067699','1','1458627189',40,'1459136436'),('145923294781','145914067699','2','1458627189',40,'1459136436'),('145923298080','145914264899','1','1458627189',22,'1459136436'),('145923298081','145914264899','2','1458627189',40,'1459136436'),('145923303580','145914111099','1','1458627189',40,'1459136436'),('145923303581','145914111099','2','1458627189',40,'1459136436'),('145923311280','145914254599','1','1458627189',30,'1459136436'),('145923311281','145914254599','2','1458627189',30,'1459136436'),('145923361280','145921317299','1','1458627189',45,'1459150457'),('145923361281','145921317299','2','1458627189',40,'1459150457'),('145923365880','145915261599','1','1458627189',20,'1459152004'),('145923365881','145915261599','2','1458627189',15,'1459152004'),('145923365882','145915261599','3','1458627189',10,'1459152004'),('145923371780','145923024199','1','1458627189',20,'1459152004'),('145923371781','145923024199','2','1458627189',15,'1459152004'),('145923371782','145923024199','3','1458627189',10,'1459152004'),('145923375480','145923030899','1','1458627189',20,'1459152004'),('145923375481','145923030899','2','1458627189',15,'1459152004'),('145923375482','145923030899','3','1458627189',10,'1459152004'),('145923378380','145923039099','1','1458627189',20,'1459152004'),('145923378381','145923039099','2','1458627189',15,'1459152004'),('145923378382','145923039099','3','1458627189',10,'1459152004'),('145923381580','145923044699','1','1458627189',20,'1459152004'),('145923381581','145923044699','2','1458627189',10,'1459152004'),('145923383980','145923056399','1','1458627189',20,'1459152004'),('145923383981','145923056399','2','1458627189',20,'1459152004'),('145923383982','145923056399','3','1458627189',20,'1459152004'),('145923385780','145923063299','1','1458627189',20,'1459152004'),('145923385781','145923063299','2','1458627189',20,'1459152004'),('145923385782','145923063299','3','1458627189',20,'1459152004'),('145923388080','145923072599','1','1458627189',20,'1459152004'),('145923388081','145923072599','2','1458627189',20,'1459152004'),('145923388082','145923072599','3','1458627189',20,'1459152004'),('145923391180','145923079199','1','1458627189',20,'1459152004'),('145923391181','145923079199','2','1458627189',20,'1459152004'),('145923391182','145923079199','3','1458627189',20,'1459152004'),('145923393480','145923084099','1','1458627189',20,'1459152004'),('145923393481','145923084099','2','1458627189',20,'1459152004'),('145923393482','145923084099','3','1458627189',20,'1459152004'),('145923395980','145923089699','1','1458627189',20,'1459152004'),('145923395981','145923089699','2','1458627189',20,'1459152004'),('145923395982','145923089699','3','1458627189',20,'1459152004'),('145923397780','145923096399','1','1458627189',20,'1459152004'),('145923397781','145923096399','2','1458627189',20,'1459152004'),('145923397782','145923096399','3','1458627189',20,'1459152004'),('145923399680','145923102499','1','1458627189',20,'1459152004'),('145923399681','145923102499','2','1458627189',20,'1459152004'),('145923399682','145923102499','3','1458627189',20,'1459152004'),('145923402580','145923109699','1','1458627189',20,'1459152004'),('145923402581','145923109699','2','1458627189',20,'1459152004'),('145923402582','145923109699','3','1458627189',20,'1459152004'),('145923404780','145923120299','1','1458627189',20,'1459152004'),('145923404781','145923120299','2','1458627189',20,'1459152004'),('145923404782','145923120299','3','1458627189',20,'1459152004'),('145923406680','145923132099','1','1458627189',20,'1459152004'),('145923406681','145923132099','2','1458627189',20,'1459152004'),('145923406682','145923132099','3','1458627189',20,'1459152004'),('145923409280','145923153399','1','1458627189',20,'1459152004'),('145923409281','145923153399','2','1458627189',20,'1459152004'),('145923409282','145923153399','3','1458627189',20,'1459152004'),('145923411980','145923157299','1','1458627189',20,'1459152004'),('145923411981','145923157299','2','1458627189',20,'1459152004'),('145923411982','145923157299','3','1458627189',20,'1459152004'),('145923414080','145923161699','1','1458627189',20,'1459152004'),('145923414081','145923161699','2','1458627189',20,'1459152004'),('145923414082','145923161699','3','1458627189',20,'1459152004'),('145923416180','145923168399','1','1458627189',20,'1459152004'),('145923416181','145923168399','2','1458627189',20,'1459152004'),('145923416182','145923168399','3','1458627189',20,'1459152004'),('145923419080','145923170899','1','1458627189',20,'1459152004'),('145923419081','145923170899','2','1458627189',20,'1459152004'),('145923419082','145923170899','3','1458627189',20,'1459152004'),('145923421080','145923173799','1','1458627189',20,'1459152004'),('145923421081','145923173799','2','1458627189',20,'1459152004'),('145923421082','145923173799','3','1458627189',20,'1459152004'),('145923422980','145923176499','1','1458627189',20,'1459152004'),('145923422981','145923176499','2','1458627189',20,'1459152004'),('145923422982','145923176499','3','1458627189',20,'1459152004'),('145923788080','145914272099','1','1458627189',39,'1459136436'),('145923788081','145914272099','2','1458627189',40,'1459136436'),('145923792780','145914310799','1','1458627189',24,'1459136436'),('145923792781','145914310799','2','1458627189',25,'1459136436'),('145923792782','145914310799','3','1458627189',11,'1459136436'),('145923822480','145922237899','1','1458627189',35,'1459136436'),('145923822481','145922237899','2','1458627189',40,'1459136436'),('145923832580','145922250799','1','1458627189',45,'1459136436'),('145923832581','145922250799','2','1458627189',40,'1459136436'),('145924457380','145922783399','1','1458627189',32,'1459215531'),('145924457381','145922783399','2','1458627189',76,'1459215531'),('145924461480','145922789099','1','1458627189',50,'1459215531'),('145924461481','145922789099','2','1458627189',93,'1459215531'),('145929687780','145929592399','1','1458627189',20,'1459137438'),('145929687781','145929592399','2','1458627189',20,'1459137438'),('145929859080','145929693299','1','1458627189',45,'1459240332'),('145929859081','145929693299','2','1458627189',10,'1459240332'),('145929898680','145929714099','1','1458627189',30,'1459240332'),('145929898681','145929714099','2','1458627189',15,'1459240332'),('145929902580','145929703599','1','1458627189',50,'1459240332'),('145929902581','145929703599','2','1458627189',15,'1459240332'),('145929906780','145929698299','1','1458627189',50,'1459240332'),('145929906781','145929698299','2','1458627189',15,'1459240332'),('145929908880','145929708899','1','1458627189',50,'1459240332'),('145929908881','145929708899','2','1458627189',15,'1459240332'),('145929911280','145929718799','1','1458627189',50,'1459240332'),('145929911281','145929718799','2','1458627189',20,'1459240332'),('145929913780','145929726099','1','1458627189',50,'1459240332'),('145929913781','145929726099','2','1458627189',20,'1459240332'),('145929915680','145929737399','1','1458627189',50,'1459240332'),('145929915681','145929737399','2','1458627189',20,'1459240332'),('145929917980','145929743999','1','1458627189',50,'1459240332'),('145929917981','145929743999','2','1458627189',20,'1459240332'),('145929920080','145929751399','1','1458627189',50,'1459240332'),('145929920081','145929751399','2','1458627189',20,'1459240332'),('145929923880','145929756599','1','1458627189',70,'1459240332'),('145929923881','145929756599','2','1458627189',20,'1459240332'),('145929925980','145929760999','1','1458627189',100,'1459240332'),('145929925981','145929760999','2','1458627189',20,'1459240332'),('145929927780','145929764799','1','1458627189',50,'1459240332'),('145929927781','145929764799','2','1458627189',20,'1459240332'),('145929929580','145929768299','1','1458627189',80,'1459240332'),('145929929581','145929768299','2','1458627189',20,'1459240332'),('145929931280','145929774099','1','1458627189',50,'1459240332'),('145929931281','145929774099','2','1458627189',20,'1459240332'),('145929932980','145929785899','1','1458627189',50,'1459240332'),('145929932981','145929785899','2','1458627189',20,'1459240332'),('145929934580','145929791299','1','1458627189',50,'1459240332'),('145929934581','145929791299','2','1458627189',20,'1459240332'),('145929936480','145929798699','1','1458627189',50,'1459240332'),('145929936481','145929798699','2','1458627189',20,'1459240332'),('145929938280','145929803399','1','1458627189',45,'1459240332'),('145929938281','145929803399','2','1458627189',20,'1459240332'),('145929940280','145929808999','1','1458627189',40,'1459240332'),('145929940281','145929808999','2','1458627189',20,'1459240332'),('145929941780','145929811299','1','1458627189',45,'1459240332'),('145929941781','145929811299','2','1458627189',20,'1459240332'),('145929944780','145929813699','1','1458627189',45,'1459240332'),('145929944781','145929813699','2','1458627189',20,'1459240332'),('145929948980','145922257499','1','1458627189',41,'1459136436'),('145929948981','145922257499','2','1458627189',46,'1459136436'),('145929950080','145929816099','1','1458627189',75,'1459240332'),('145929950081','145929816099','2','1458627189',20,'1459240332'),('145929959980','145922262699','1','1458627189',30,'1459136436'),('145929961580','145929679899','1','1458627189',20,'1459137438'),('145929961581','145929679899','2','1458627189',20,'1459137438'),('145929962982','145922262699','3','1458627189',35,'1459136436'),('145929963680','145929594499','1','1458627189',15,'1459137438'),('145929963681','145929594499','2','1458627189',20,'1459137438'),('145929965680','145922267899','1','1458627189',50,'1459136436'),('145929965681','145922267899','2','1458627189',39,'1459136436'),('145929970680','145922272199','1','1458627189',40,'1459136436'),('145929970681','145922272199','2','1458627189',56,'1459136436'),('145929983680','145914098899','1','1458627189',25,'1459136436'),('145929983681','145914098899','2','1458627189',24,'1459136436'),('145929983682','145914098899','3','1458627189',12,'1459136436'),('145929987880','145914289199','1','1458627189',26,'1459136436'),('145929987881','145914289199','2','1458627189',25,'1459136436'),('145929987882','145914289199','3','1458627189',10,'1459136436'),('145929992580','145922187099','1','1458627189',25,'1459136436'),('145929992581','145922187099','2','1458627189',25,'1459136436'),('145929992582','145922187099','3','1458627189',10,'1459136436'),('145929998880','145922202799','1','1458627189',31,'1459136436'),('145929998881','145922202799','2','1458627189',23,'1459136436'),('145929998882','145922202799','3','1458627189',10,'1459136436'),('145930007880','145922332199','1','1458627189',36,'1459136436'),('145930007881','145922332199','2','1458627189',32,'1459136436'),('145930015080','145922327099','1','1458627189',30,'1459136436'),('145930015081','145922327099','2','1458627189',20,'1459136436'),('145930015082','145922327099','3','1458627189',15,'1459136436'),('145930021380','145914392099','1','1458627189',50,'1459143349'),('145930021381','145914392099','2','1458627189',50,'1459143349'),('145930026580','145914298399','1','1458627189',24,'1459136436'),('145930026581','145914298399','2','1458627189',31,'1459136436'),('145930026582','145914298399','3','1458627189',5,'1459136436'),('145930026980','145914401099','1','1458627189',10,'1459143349'),('145930026981','145914401099','2','1458627189',10,'1459143349'),('145930026982','145914401099','3','1458627189',10,'1459143349'),('145930030680','145914421599','1','1458627189',50,'1459143349'),('145930030681','145914421599','2','1458627189',50,'1459143349'),('145930033580','145914434699','1','1458627189',50,'1459143349'),('145930033581','145914434699','2','1458627189',50,'1459143349'),('145930036380','145914445699','1','1458627189',50,'1459143349'),('145930036381','145914445699','2','1458627189',50,'1459143349'),('145930036880','145922067899','1','1458627189',22,'1459136436'),('145930036881','145922067899','2','1458627189',20,'1459136436'),('145930036882','145922067899','3','1458627189',20,'1459136436'),('145930039080','145914456099','1','1458627189',50,'1459143349'),('145930039081','145914456099','2','1458627189',50,'1459143349'),('145930041680','145914464499','1','1458627189',50,'1459143349'),('145930041681','145914464499','2','1458627189',50,'1459143349'),('145930044080','145914472399','1','1458627189',50,'1459143349'),('145930044081','145914472399','2','1458627189',50,'1459143349'),('145930046480','145914483599','1','1458627189',50,'1459143349'),('145930046481','145914483599','2','1458627189',50,'1459143349'),('145930049080','145914490999','1','1458627189',50,'1459143349'),('145930049081','145914490999','2','1458627189',50,'1459143349'),('145930051880','145914497499','1','1458627189',50,'1459143349'),('145930051881','145914497499','2','1458627189',50,'1459143349'),('145930053880','145914503999','1','1458627189',50,'1459143349'),('145930053881','145914503999','2','1458627189',50,'1459143349'),('145930056480','145914510899','1','1458627189',50,'1459143349'),('145930056481','145914510899','2','1458627189',50,'1459143349'),('145930058680','145914519799','1','1458627189',50,'1459143349'),('145930058681','145914519799','2','1458627189',50,'1459143349'),('145930060880','145914526599','1','1458627189',50,'1459143349'),('145930060881','145914526599','2','1458627189',50,'1459143349'),('145930063080','145914532999','1','1458627189',50,'1459143349'),('145930063081','145914532999','2','1458627189',50,'1459143349'),('145930137880','145922178699','1','1458627189',34,'1459136436'),('145930137881','145922178699','2','1458627189',30,'1459136436'),('145930140980','145915426699','1','1458627189',25,'1459136436'),('145930140981','145915426699','2','1458627189',35,'1459136436'),('145930144680','145922212199','1','1458627189',34,'1459136436'),('145930144681','145922212199','2','1458627189',34,'1459136436'),('145930148780','145922405399','1','1458627189',30,'1459136436'),('145930148781','145922405399','2','1458627189',45,'1459136436'),('145930153480','145921232699','1','1458627189',32,'1459150457'),('145930153481','145921232699','2','1458627189',54,'1459150457'),('145930640180','145930619899','1','1458627189',20,'1459065417'),('145930640181','145930619899','2','1458627189',20,'1459065417'),('145930640182','145930619899','3','1458627189',20,'1459065417'),('145931037480','145922453799','1','1458627189',60,'1459138103'),('145931037481','145922453799','2','1458627189',15,'1459138103'),('145931037482','145922453799','3','1458627189',15,'1459138103'),('145931054280','145922474599','1','1458627189',60,'1459138103'),('145931054281','145922474599','2','1458627189',15,'1459138103'),('145931054282','145922474599','3','1458627189',15,'1459138103'),('145931058680','145922492999','1','1458627189',60,'1459138103'),('145931058681','145922492999','2','1458627189',15,'1459138103'),('145931058682','145922492999','3','1458627189',15,'1459138103'),('145931062580','145922518199','1','1458627189',60,'1459138103'),('145931062581','145922518199','2','1458627189',15,'1459138103'),('145931062582','145922518199','3','1458627189',15,'1459138103'),('145931067680','145922537999','1','1458627189',60,'1459138103'),('145931067681','145922537999','2','1458627189',10,'1459138103'),('145931067682','145922537999','3','1458627189',10,'1459138103'),('145931071680','145922552099','1','1458627189',60,'1459138103'),('145931071681','145922552099','2','1458627189',20,'1459138103'),('145931071682','145922552099','3','1458627189',20,'1459138103'),('145931075480','145922560399','1','1458627189',60,'1459138103'),('145931075481','145922560399','2','1458627189',20,'1459138103'),('145931075482','145922560399','3','1458627189',20,'1459138103'),('145931080080','145922567199','1','1458627189',60,'1459138103'),('145931080081','145922567199','2','1458627189',20,'1459138103'),('145931080082','145922567199','3','1458627189',20,'1459138103'),('145931083380','145922573099','1','1458627189',60,'1459138103'),('145931083381','145922573099','2','1458627189',20,'1459138103'),('145931083382','145922573099','3','1458627189',20,'1459138103'),('145931083680','145929589199','1','1458627189',21,'1459137438'),('145931083681','145929589199','2','1458627189',15,'1459137438'),('145931083682','145929589199','3','1458627189',15,'1459137438'),('145931085880','145929574999','1','1458627189',21,'1459137438'),('145931085881','145929574999','2','1458627189',15,'1459137438'),('145931085882','145929574999','3','1458627189',15,'1459137438'),('145931086280','145922580699','1','1458627189',60,'1459138103'),('145931086281','145922580699','2','1458627189',20,'1459138103'),('145931086282','145922580699','3','1458627189',20,'1459138103'),('145931089880','145922586399','1','1458627189',60,'1459138103'),('145931089881','145922586399','2','1458627189',20,'1459138103'),('145931089882','145922586399','3','1458627189',20,'1459138103'),('145931090880','145929658799','1','1458627189',20,'1459137438'),('145931090881','145929658799','2','1458627189',20,'1459137438'),('145931090882','145929658799','3','1458627189',20,'1459137438'),('145931092880','145929585699','1','1458627189',21,'1459137438'),('145931092881','145929585699','2','1458627189',15,'1459137438'),('145931092882','145929585699','3','1458627189',15,'1459137438'),('145931093880','145922595999','1','1458627189',60,'1459138103'),('145931093881','145922595999','2','1458627189',20,'1459138103'),('145931093882','145922595999','3','1458627189',20,'1459138103'),('145931094382','145929592399','3','1458627189',20,'1459137438'),('145931096180','145929665599','1','1458627189',20,'1459137438'),('145931096181','145929665599','2','1458627189',20,'1459137438'),('145931096182','145929665599','3','1458627189',20,'1459137438'),('145931096780','145922602899','1','1458627189',60,'1459138103'),('145931096781','145922602899','2','1458627189',20,'1459138103'),('145931096782','145922602899','3','1458627189',20,'1459138103'),('145931098082','145929679899','3','1458627189',20,'1459137438'),('145931099580','145922608299','1','1458627189',60,'1459138103'),('145931099581','145922608299','2','1458627189',20,'1459138103'),('145931099582','145922608299','3','1458627189',20,'1459138103'),('145931101980','145922621199','1','1458627189',60,'1459138103'),('145931101981','145922621199','2','1458627189',20,'1459138103'),('145931101982','145922621199','3','1458627189',20,'1459138103'),('145931105280','145922693699','1','1458627189',60,'1459138103'),('145931105281','145922693699','2','1458627189',20,'1459138103'),('145931105282','145922693699','3','1458627189',20,'1459138103'),('145931107580','145922700899','1','1458627189',60,'1459138103'),('145931107581','145922700899','2','1458627189',20,'1459138103'),('145931107582','145922700899','3','1458627189',20,'1459138103'),('145931110080','145922707799','1','1458627189',60,'1459138103'),('145931110081','145922707799','2','1458627189',20,'1459138103'),('145931110082','145922707799','3','1458627189',20,'1459138103'),('145931112380','145922713599','1','1458627189',60,'1459138103'),('145931112381','145922713599','2','1458627189',20,'1459138103'),('145931112382','145922713599','3','1458627189',20,'1459138103'),('145931116180','145922719899','1','1458627189',60,'1459138103'),('145931116181','145922719899','2','1458627189',20,'1459138103'),('145931116182','145922719899','3','1458627189',20,'1459138103'),('145931123080','145922727099','1','1458627189',60,'1459138103'),('145931123081','145922727099','2','1458627189',20,'1459138103'),('145931123082','145922727099','3','1458627189',20,'1459138103'),('145931149980','145931141499','1','1458627189',60,'1459138103'),('145931149981','145931141499','2','1458627189',15,'1459138103'),('145931149982','145931141499','3','1458627189',15,'1459138103'),('145931245780','145931230899','1','1458627189',15,'1459303811'),('145931245781','145931230899','2','1458627189',20,'1459303811'),('145931245782','145931230899','3','1458627189',20,'1459303811'),('145931261880','145922079299','1','1458627189',30,'1459136436'),('145931261881','145922079299','2','1458627189',30,'1459136436'),('145931268380','145922085799','1','1458627189',30,'1459136436'),('145931268381','145922085799','2','1458627189',30,'1459136436'),('145931528680','145915277899','1','1458627189',51,'1459150862'),('145931531480','145915424599','1','1458627189',100,'1459150862'),('145931532780','145915428299','1','1458627189',108,'1459150862'),('145931534980','145915433999','1','1458627189',50,'1459150862'),('145931536580','145915440999','1','1458627189',50,'1459150862'),('145931538080','145915444499','1','1458627189',100,'1459150862'),('145931539380','145915451399','1','1458627189',50,'1459150862'),('145931540780','145915454899','1','1458627189',100,'1459150862'),('145931542080','145915459299','1','1458627189',100,'1459150862'),('145931543780','145915462899','1','1458627189',50,'1459150862'),('145931546580','145915467499','1','1458627189',100,'1459150862'),('145931547880','145915470699','1','1458627189',60,'1459150862'),('145931549180','145915476499','1','1458627189',50,'1459150862'),('145931550480','145915480999','1','1458627189',50,'1459150862'),('145931551880','145915484899','1','1458627189',50,'1459150862'),('145931553180','145915489199','1','1458627189',50,'1459150862'),('145931555280','145915448599','1','1458627189',100,'1459150862'),('145931557080','145915491799','1','1458627189',100,'1459150862'),('145931558480','145915493799','1','1458627189',100,'1459150862'),('145931559680','145915495399','1','1458627189',100,'1459150862'),('145931636780','145931295999','1','1458627189',120,'1459133843'),('145931636781','145931295999','2','1458627189',120,'1459133843'),('145931636782','145931295999','3','1458627189',15,'1459133843'),('145931776380','145921574999','1','1458627189',64,'1459213265'),('145931776381','145921574999','2','1458627189',62,'1459213265'),('145931783680','145921601199','1','1458627189',63,'1459213265'),('145931783681','145921601199','2','1458627189',61,'1459213265'),('145931807980','145921634199','1','1458627189',64,'1459213265'),('145931807981','145921634199','2','1458627189',62,'1459213265'),('145931813180','145921646499','1','1458627189',64,'1459213265'),('145931813181','145921646499','2','1458627189',64,'1459213265'),('145931814580','145931471499','1','1458627189',30,'1459310660'),('145931817680','145921659499','1','1458627189',64,'1459213265'),('145931817681','145921659499','2','1458627189',64,'1459213265'),('145931822580','145921743999','1','1458627189',65,'1459213265'),('145931822581','145921743999','2','1458627189',62,'1459213265'),('145931825480','145921750499','1','1458627189',60,'1459213265'),('145931825481','145921750499','2','1458627189',62,'1459213265'),('145931828880','145931496999','1','1458627189',45,'1459310660'),('145931831880','145931506199','1','1458627189',45,'1459310660'),('145931834980','145931514599','1','1458627189',45,'1459310660'),('145931838280','145931520899','1','1458627189',45,'1459310660'),('145931842480','145931532399','1','1458627189',60,'1459310660'),('145931846180','145931538699','1','1458627189',60,'1459310660'),('145931852480','145931544099','1','1458627189',60,'1459310660'),('145931854580','145921756599','1','1458627189',64,'1459213265'),('145931854581','145921756599','2','1458627189',60,'1459213265'),('145931855380','145931561299','1','1458627189',60,'1459310660'),('145931858380','145921761699','1','1458627189',61,'1459213265'),('145931858381','145921761699','2','1458627189',61,'1459213265'),('145931861780','145931573299','1','1458627189',33,'1459310660'),('145931861781','145931573299','2','1458627189',27,'1459310660'),('145931862180','145921858699','1','1458627189',64,'1459213265'),('145931862181','145921858699','2','1458627189',60,'1459213265'),('145931865481','145931583599','2','1458627189',60,'1459310660'),('145931866080','145921864499','1','1458627189',64,'1459213265'),('145931866081','145921864499','2','1458627189',62,'1459213265'),('145931868381','145931597999','2','1458627189',60,'1459310660'),('145931869680','145921876799','1','1458627189',64,'1459213265'),('145931869681','145921876799','2','1458627189',64,'1459213265'),('145931873680','145921946899','1','1458627189',63,'1459213265'),('145931873681','145921946899','2','1458627189',62,'1459213265'),('145931874681','145931606199','2','1458627189',57,'1459310660'),('145931874682','145931606199','3','1458627189',3,'1459310660'),('145931876580','145921952099','1','1458627189',61,'1459213265'),('145931876581','145921952099','2','1458627189',66,'1459213265'),('145931877382','145931615699','3','1458627189',60,'1459310660'),('145931879582','145931629999','3','1458627189',60,'1459310660'),('145931881582','145931637599','3','1458627189',60,'1459310660'),('145931883580','145921957799','1','1458627189',64,'1459213265'),('145931883581','145921957799','2','1458627189',64,'1459213265'),('145931885082','145931643499','3','1458627189',60,'1459310660'),('145931886580','145921965399','1','1458627189',63,'1459213265'),('145931886581','145921965399','2','1458627189',60,'1459213265'),('145931888780','145921969099','1','1458627189',62,'1459213265'),('145931888781','145921969099','2','1458627189',63,'1459213265'),('145931910680','145931127599','1','1458627189',40,'1459136279'),('145931910681','145931127599','2','1458627189',30,'1459136279'),('145931910682','145931127599','3','1458627189',20,'1459136279'),('145931914580','145931148399','1','1458627189',40,'1459136279'),('145931914581','145931148399','2','1458627189',40,'1459136279'),('145931914582','145931148399','3','1458627189',20,'1459136279'),('145931927080','145931162799','1','1458627189',40,'1459136279'),('145931927081','145931162799','2','1458627189',40,'1459136279'),('145931927082','145931162799','3','1458627189',20,'1459136279'),('145931931080','145931202599','1','1458627189',40,'1459136279'),('145931931081','145931202599','2','1458627189',40,'1459136279'),('145931931082','145931202599','3','1458627189',20,'1459136279'),('145931935680','145931216499','1','1458627189',40,'1459136279'),('145931935681','145931216499','2','1458627189',40,'1459136279'),('145931935682','145931216499','3','1458627189',20,'1459136279'),('145931940880','145931227199','1','1458627189',40,'1459136279'),('145931940881','145931227199','2','1458627189',40,'1459136279'),('145931940882','145931227199','3','1458627189',20,'1459136279'),('145931944880','145931232999','1','1458627189',40,'1459136279'),('145931944881','145931232999','2','1458627189',40,'1459136279'),('145931944882','145931232999','3','1458627189',20,'1459136279'),('145931947080','145931240299','1','1458627189',40,'1459136279'),('145931947081','145931240299','2','1458627189',40,'1459136279'),('145931947082','145931240299','3','1458627189',20,'1459136279'),('145931950280','145931251999','1','1458627189',40,'1459136279'),('145931950281','145931251999','2','1458627189',40,'1459136279'),('145931950282','145931251999','3','1458627189',20,'1459136279'),('145931953880','145931258199','1','1458627189',40,'1459136279'),('145931953881','145931258199','2','1458627189',40,'1459136279'),('145931953882','145931258199','3','1458627189',20,'1459136279'),('145931956080','145931268399','1','1458627189',40,'1459136279'),('145931956081','145931268399','2','1458627189',40,'1459136279'),('145931956082','145931268399','3','1458627189',20,'1459136279'),('145931959480','145931277299','1','1458627189',40,'1459136279'),('145931959481','145931277299','2','1458627189',40,'1459136279'),('145931959482','145931277299','3','1458627189',20,'1459136279'),('145931961480','145931284899','1','1458627189',40,'1459136279'),('145931961481','145931284899','2','1458627189',40,'1459136279'),('145931961482','145931284899','3','1458627189',20,'1459136279'),('145931963680','145931294299','1','1458627189',40,'1459136279'),('145931963681','145931294299','2','1458627189',40,'1459136279'),('145931963682','145931294299','3','1458627189',20,'1459136279'),('145931966280','145931356199','1','1458627189',40,'1459136279'),('145931966281','145931356199','2','1458627189',40,'1459136279'),('145931966282','145931356199','3','1458627189',20,'1459136279'),('145931968780','145931373299','1','1458627189',40,'1459136279'),('145931968781','145931373299','2','1458627189',40,'1459136279'),('145931968782','145931373299','3','1458627189',20,'1459136279'),('145931970580','145931565899','1','1458627189',40,'1459136279'),('145931970581','145931565899','2','1458627189',40,'1459136279'),('145931970582','145931565899','3','1458627189',20,'1459136279'),('145931972480','145931574199','1','1458627189',40,'1459136279'),('145931972481','145931574199','2','1458627189',40,'1459136279'),('145931972482','145931574199','3','1458627189',20,'1459136279'),('145931974280','145931586499','1','1458627189',40,'1459136279'),('145931974281','145931586499','2','1458627189',40,'1459136279'),('145931974282','145931586499','3','1458627189',20,'1459136279'),('145931975880','145931604699','1','1458627189',40,'1459136279'),('145931975881','145931604699','2','1458627189',40,'1459136279'),('145931975882','145931604699','3','1458627189',20,'1459136279'),('145931977680','145931591199','1','1458627189',40,'1459136279'),('145931977681','145931591199','2','1458627189',40,'1459136279'),('145931977682','145931591199','3','1458627189',20,'1459136279'),('145931979180','145931599999','1','1458627189',40,'1459136279'),('145931979181','145931599999','2','1458627189',40,'1459136279'),('145931979182','145931599999','3','1458627189',20,'1459136279'),('145931981980','145931608699','1','1458627189',40,'1459136279'),('145931981981','145931608699','2','1458627189',40,'1459136279'),('145931981982','145931608699','3','1458627189',20,'1459136279'),('145931983580','145931624999','1','1458627189',40,'1459136279'),('145931983581','145931624999','2','1458627189',40,'1459136279'),('145931983582','145931624999','3','1458627189',20,'1459136279'),('145931985680','145931649199','1','1458627189',40,'1459136279'),('145931985681','145931649199','2','1458627189',40,'1459136279'),('145931985682','145931649199','3','1458627189',20,'1459136279'),('145931990080','145931656299','1','1458627189',40,'1459136279'),('145931990081','145931656299','2','1458627189',40,'1459136279'),('145931990082','145931656299','3','1458627189',20,'1459136279'),('145931992780','145931658999','1','1458627189',40,'1459136279'),('145931992781','145931658999','2','1458627189',40,'1459136279'),('145931992782','145931658999','3','1458627189',20,'1459136279'),('145931994480','145931664799','1','1458627189',40,'1459136279'),('145931994481','145931664799','2','1458627189',40,'1459136279'),('145931994482','145931664799','3','1458627189',20,'1459136279'),('145931996080','145931798799','1','1458627189',40,'1459136279'),('145931996081','145931798799','2','1458627189',40,'1459136279'),('145931996082','145931798799','3','1458627189',20,'1459136279'),('145931997880','145931802599','1','1458627189',40,'1459136279'),('145931997881','145931802599','2','1458627189',40,'1459136279'),('145931997882','145931802599','3','1458627189',20,'1459136279'),('145931999680','145931809799','1','1458627189',40,'1459136279'),('145931999681','145931809799','2','1458627189',40,'1459136279'),('145931999682','145931809799','3','1458627189',20,'1459136279'),('145932001280','145931824199','1','1458627189',40,'1459136279'),('145932001281','145931824199','2','1458627189',40,'1459136279'),('145932001282','145931824199','3','1458627189',20,'1459136279'),('145932007080','145931827399','1','1458627189',20,'1459136279'),('145932007081','145931827399','2','1458627189',20,'1459136279'),('145932007082','145931827399','3','1458627189',20,'1459136279'),('145932011680','145931830299','1','1458627189',40,'1459136279'),('145932011681','145931830299','2','1458627189',40,'1459136279'),('145932011682','145931830299','3','1458627189',20,'1459136279'),('145932014380','145931833599','1','1458627189',40,'1459136279'),('145932014381','145931833599','2','1458627189',40,'1459136279'),('145932014382','145931833599','3','1458627189',20,'1459136279'),('145932015680','145931835999','1','1458627189',40,'1459136279'),('145932015681','145931835999','2','1458627189',40,'1459136279'),('145932015682','145931835999','3','1458627189',20,'1459136279'),('145932141780','145929668899','1','1458627189',21,'1459137438'),('145932141781','145929668899','2','1458627189',20,'1459137438'),('145932141782','145929668899','3','1458627189',20,'1459137438'),('145932209282','145921736599','3','1458627189',10,'1459152424'),('145932212882','145921744399','3','1458627189',15,'1459152424'),('145932216482','145921751299','3','1458627189',15,'1459152424'),('145932218580','145931653199','1','1458627189',40,'1459136279'),('145932218581','145931653199','2','1458627189',40,'1459136279'),('145932218582','145931653199','3','1458627189',20,'1459136279'),('145932219482','145921757099','3','1458627189',15,'1459152424'),('145932222581','145922020399','2','1458627189',70,'1459151125'),('145932223881','145922027599','2','1458627189',80,'1459151125'),('145932225081','145922042599','2','1458627189',80,'1459151125'),('145932225582','145921762899','3','1458627189',15,'1459152424'),('145932226281','145922054299','2','1458627189',80,'1459151125'),('145932227781','145922059399','2','1458627189',80,'1459151125'),('145932228182','145921771499','3','1458627189',15,'1459152424'),('145932229181','145922064299','2','1458627189',80,'1459151125'),('145932230781','145922069499','2','1458627189',80,'1459151125'),('145932231782','145921776599','3','1458627189',20,'1459152424'),('145932233381','145922073699','2','1458627189',80,'1459151125'),('145932234581','145922078699','2','1458627189',80,'1459151125'),('145932234882','145921810699','3','1458627189',20,'1459152424'),('145932235781','145922082999','2','1458627189',80,'1459151125'),('145932237282','145921818499','3','1458627189',20,'1459152424'),('145932237781','145922091299','2','1458627189',80,'1459151125'),('145932239081','145922096799','2','1458627189',80,'1459151125'),('145932239982','145921824299','3','1458627189',20,'1459152424'),('145932240581','145922102599','2','1458627189',70,'1459151125'),('145932241981','145922108999','2','1458627189',80,'1459151125'),('145932243281','145922118199','2','1458627189',80,'1459151125'),('145932244182','145921836399','3','1458627189',20,'1459152424'),('145932244481','145922169199','2','1458627189',80,'1459151125'),('145932245681','145922173899','2','1458627189',80,'1459151125'),('145932246882','145921844999','3','1458627189',20,'1459152424'),('145932250382','145921857699','3','1458627189',20,'1459152424'),('145932253782','145921865799','3','1458627189',20,'1459152424'),('145932256782','145921871499','3','1458627189',20,'1459152424'),('145932259982','145921876699','3','1458627189',20,'1459152424'),('145932263782','145921881199','3','1458627189',20,'1459152424'),('145932267382','145921885699','3','1458627189',20,'1459152424'),('145932270182','145921890999','3','1458627189',20,'1459152424'),('145932272382','145921895099','3','1458627189',20,'1459152424'),('145932276382','145921900699','3','1458627189',20,'1459152424'),('145932283082','145921904899','3','1458627189',20,'1459152424'),('145932288682','145921910299','3','1458627189',20,'1459152424'),('145932292482','145921915699','3','1458627189',20,'1459152424'),('145932298482','145921920499','3','1458627189',20,'1459152424'),('145932303282','145921925199','3','1458627189',20,'1459152424'),('145932305782','145921931999','3','1458627189',20,'1459152424'),('145932309982','145922550399','3','1458627189',20,'1459152424'),('145932311682','145922553399','3','1458627189',20,'1459152424'),('145932314282','145922556399','3','1458627189',20,'1459152424'),('145932317682','145922558399','3','1458627189',20,'1459152424'),('145932320182','145922560899','3','1458627189',20,'1459152424'),('145932323382','145922563199','3','1458627189',20,'1459152424'),('145932325582','145922565199','3','1458627189',20,'1459152424'),('145932329382','145922776799','3','1458627189',20,'1459152424'),('145932441980','145931726899','1','1458627189',10,'1459137270'),('145932441981','145931726899','2','1458627189',10,'1459137270'),('145932441982','145931726899','3','1458627189',10,'1459137270'),('145932446180','145931796699','1','1458627189',15,'1459137270'),('145932446181','145931796699','2','1458627189',15,'1459137270'),('145932446182','145931796699','3','1458627189',15,'1459137270'),('145932451580','145931801899','1','1458627189',15,'1459137270'),('145932451581','145931801899','2','1458627189',15,'1459137270'),('145932451582','145931801899','3','1458627189',15,'1459137270'),('145932455880','145931806099','1','1458627189',15,'1459137270'),('145932455881','145931806099','2','1458627189',15,'1459137270'),('145932455882','145931806099','3','1458627189',15,'1459137270'),('145932459480','145931816499','1','1458627189',15,'1459137270'),('145932459481','145931816499','2','1458627189',15,'1459137270'),('145932459482','145931816499','3','1458627189',15,'1459137270'),('145932462480','145932123399','1','1458627189',15,'1459137270'),('145932462481','145932123399','2','1458627189',15,'1459137270'),('145932462482','145932123399','3','1458627189',15,'1459137270'),('145932465780','145932168199','1','1458627189',20,'1459137270'),('145932465781','145932168199','2','1458627189',20,'1459137270'),('145932465782','145932168199','3','1458627189',20,'1459137270'),('145932468980','145932182299','1','1458627189',20,'1459137270'),('145932468981','145932182299','2','1458627189',20,'1459137270'),('145932468982','145932182299','3','1458627189',20,'1459137270'),('145932471580','145932193799','1','1458627189',20,'1459137270'),('145932471581','145932193799','2','1458627189',20,'1459137270'),('145932471582','145932193799','3','1458627189',20,'1459137270'),('145932473980','145932200099','1','1458627189',20,'1459137270'),('145932473981','145932200099','2','1458627189',20,'1459137270'),('145932473982','145932200099','3','1458627189',20,'1459137270'),('145932477780','145932225799','1','1458627189',20,'1459137270'),('145932477781','145932225799','2','1458627189',20,'1459137270'),('145932477782','145932225799','3','1458627189',20,'1459137270'),('145932480180','145932236999','1','1458627189',20,'1459137270'),('145932480181','145932236999','2','1458627189',20,'1459137270'),('145932480182','145932236999','3','1458627189',20,'1459137270'),('145932482180','145932266199','1','1458627189',20,'1459137270'),('145932482181','145932266199','2','1458627189',20,'1459137270'),('145932482182','145932266199','3','1458627189',20,'1459137270'),('145932486580','145932277699','1','1458627189',20,'1459137270'),('145932486581','145932277699','2','1458627189',20,'1459137270'),('145932486582','145932277699','3','1458627189',20,'1459137270'),('145932488680','145932339999','1','1458627189',20,'1459137270'),('145932488681','145932339999','2','1458627189',20,'1459137270'),('145932488682','145932339999','3','1458627189',20,'1459137270'),('145932490580','145932348199','1','1458627189',20,'1459137270'),('145932490581','145932348199','2','1458627189',20,'1459137270'),('145932490582','145932348199','3','1458627189',20,'1459137270'),('145932493480','145932356499','1','1458627189',20,'1459137270'),('145932493481','145932356499','2','1458627189',20,'1459137270'),('145932493482','145932356499','3','1458627189',20,'1459137270'),('145932495380','145932380599','1','1458627189',20,'1459137270'),('145932495381','145932380599','2','1458627189',20,'1459137270'),('145932495382','145932380599','3','1458627189',20,'1459137270'),('145932497380','145932387699','1','1458627189',20,'1459137270'),('145932497381','145932387699','2','1458627189',20,'1459137270'),('145932497382','145932387699','3','1458627189',20,'1459137270'),('145932499480','145932399199','1','1458627189',20,'1459137270'),('145932499481','145932399199','2','1458627189',20,'1459137270'),('145932499482','145932399199','3','1458627189',20,'1459137270'),('145932501980','145932408399','1','1458627189',20,'1459137270'),('145932501981','145932408399','2','1458627189',20,'1459137270'),('145932501982','145932408399','3','1458627189',20,'1459137270'),('145932503980','145932415399','1','1458627189',20,'1459137270'),('145932503981','145932415399','2','1458627189',20,'1459137270'),('145932503982','145932415399','3','1458627189',20,'1459137270'),('145932506280','145932420499','1','1458627189',20,'1459137270'),('145932506281','145932420499','2','1458627189',20,'1459137270'),('145932506282','145932420499','3','1458627189',20,'1459137270'),('145932508180','145932426599','1','1458627189',20,'1459137270'),('145932508181','145932426599','2','1458627189',20,'1459137270'),('145932508182','145932426599','3','1458627189',20,'1459137270'),('145934323481','145933322199','2','1458627189',90,'1459331835'),('145934324981','145933339899','2','1458627189',85,'1459331835'),('145934326781','145933357399','2','1458627189',95,'1459331835'),('145934328581','145933364299','2','1458627189',80,'1459331835'),('145934330481','145933389899','2','1458627189',83,'1459331835'),('145934334081','145933395999','2','1458627189',90,'1459331835'),('145934336881','145933408999','2','1458627189',100,'1459331835'),('145934339681','145933414699','2','1458627189',100,'1459331835'),('145934342081','145933422699','2','1458627189',90,'1459331835'),('145934344081','145933431099','2','1458627189',75,'1459331835'),('145934347681','145933437199','2','1458627189',85,'1459331835'),('145934349681','145933445999','2','1458627189',93,'1459331835'),('145934351781','145933453099','2','1458627189',80,'1459331835'),('145934353481','145933460799','2','1458627189',80,'1459331835'),('145934355581','145933465899','2','1458627189',25,'1459331835'),('145934357181','145933470599','2','1458627189',85,'1459331835'),('145934359181','145933482199','2','1458627189',80,'1459331835'),('145934361081','145933489699','2','1458627189',85,'1459331835'),('145934362681','145933494499','2','1458627189',80,'1459331835'),('145934364381','145933498299','2','1458627189',70,'1459331835'),('145934367281','145933503399','2','1458627189',76,'1459331835'),('145934368581','145933507799','2','1458627189',70,'1459331835'),('145934371181','145934206799','2','1458627189',66,'1459331835'),('145934373081','145934201699','2','1458627189',100,'1459331835'),('145934375181','145934197099','2','1458627189',65,'1459331835'),('145934377481','145934192699','2','1458627189',80,'1459331835'),('145934429181','145934223399','2','1458627189',55,'1459331835'),('145934431681','145934226199','2','1458627189',70,'1459331835'),('145934433881','145934230899','2','1458627189',81,'1459331835'),('145934435781','145934235499','2','1458627189',40,'1459331835'),('145934438581','145934243699','2','1458627189',39,'1459331835'),('145934439981','145934281599','2','1458627189',49,'1459331835'),('145934441881','145934285299','2','1458627189',60,'1459331835'),('145938059480','145931443999','1','1458627189',120,'1459133843'),('145938059481','145931443999','2','1458627189',120,'1459133843'),('145938059482','145931443999','3','1458627189',20,'1459133843'),('145938529780','145914974399','1','1458627189',20,'1459133423'),('145938543780','145914980699','1','1458627189',20,'1459133423'),('145938548280','145914990299','1','1458627189',21,'1459133423'),('145938552180','145914986799','1','1458627189',20,'1459133423'),('145938554080','145914996199','1','1458627189',20,'1459133423'),('145938556980','145915041299','1','1458627189',20,'1459133423'),('145938565980','145915001999','1','1458627189',30,'1459133423'),('145938569280','145915017299','1','1458627189',30,'1459133423'),('145938573280','145915010099','1','1458627189',30,'1459133423'),('145938575280','145915023099','1','1458627189',30,'1459133423'),('145938579180','145915031899','1','1458627189',30,'1459133423'),('145938582280','145915035899','1','1458627189',30,'1459133423'),('145938600681','145915041299','2','1458627189',10,'1459133423'),('145938604381','145914996199','2','1458627189',15,'1459133423'),('145938606681','145914986799','2','1458627189',15,'1459133423'),('145938609181','145914980699','2','1458627189',15,'1459133423'),('145938610881','145914974399','2','1458627189',15,'1459133423'),('145938612781','145914990299','2','1458627189',15,'1459133423'),('145938615581','145915001999','2','1458627189',20,'1459133423'),('145938617781','145915017299','2','1458627189',20,'1459133423'),('145938619581','145915010099','2','1458627189',20,'1459133423'),('145938621281','145915023099','2','1458627189',20,'1459133423'),('145938624180','145915028199','1','1458627189',30,'1459133423'),('145938624181','145915028199','2','1458627189',20,'1459133423'),('145938627181','145915031899','2','1458627189',20,'1459133423'),('145938628882','145929594499','3','1458627189',25,'1459137438'),('145938629281','145915035899','2','1458627189',20,'1459133423'),('145938689580','145938485999','1','1458627189',40,'1459310316'),('145938697781','145938485999','2','1458627189',10,'1459310316'),('145938701680','145938537299','1','1458627189',60,'1459310316'),('145938701681','145938537299','2','1458627189',15,'1459310316'),('145938706680','145938544599','1','1458627189',40,'1459310316'),('145938706681','145938544599','2','1458627189',15,'1459310316'),('145938709580','145938551299','1','1458627189',40,'1459310316'),('145938709581','145938551299','2','1458627189',15,'1459310316'),('145938712580','145938555699','1','1458627189',60,'1459310316'),('145938712581','145938555699','2','1458627189',15,'1459310316'),('145938715580','145938561999','1','1458627189',40,'1459310316'),('145938715581','145938561999','2','1458627189',15,'1459310316'),('145938718580','145938566299','1','1458627189',40,'1459310316'),('145938718581','145938566299','2','1458627189',20,'1459310316'),('145938723080','145938570199','1','1458627189',30,'1459310316'),('145938723081','145938570199','2','1458627189',30,'1459310316'),('145938723880','145929650499','1','1458627189',6,'1459137438'),('145938723881','145929650499','2','1458627189',20,'1459137438'),('145938723882','145929650499','3','1458627189',35,'1459137438'),('145938727680','145938574099','1','1458627189',30,'1459310316'),('145938727681','145938574099','2','1458627189',30,'1459310316'),('145938730680','145938578999','1','1458627189',30,'1459310316'),('145938733081','145938578999','2','1458627189',30,'1459310316'),('145938809780','145938583099','1','1458627189',60,'1459310316'),('145938809781','145938583099','2','1458627189',20,'1459310316'),('145938812080','145938586499','1','1458627189',30,'1459310316'),('145938812081','145938586499','2','1458627189',30,'1459310316'),('145938814980','145938589499','1','1458627189',35,'1459310316'),('145938814981','145938589499','2','1458627189',30,'1459310316'),('145938817980','145938592799','1','1458627189',30,'1459310316'),('145938817981','145938592799','2','1458627189',30,'1459310316'),('145938820080','145938595099','1','1458627189',30,'1459310316'),('145938820081','145938595099','2','1458627189',30,'1459310316'),('145938822080','145938596799','1','1458627189',40,'1459310316'),('145938822081','145938596799','2','1458627189',20,'1459310316'),('145938828080','145924321299','1','1458627189',10,'1459137509'),('145938828081','145924321299','2','1458627189',10,'1459137509'),('145938828082','145924321299','3','1458627189',10,'1459137509'),('145938831580','145924682899','1','1458627189',20,'1459137509'),('145938831581','145924682899','2','1458627189',20,'1459137509'),('145938831582','145924682899','3','1458627189',20,'1459137509'),('145938845080','145924460399','1','1458627189',20,'1459137509'),('145938845081','145924460399','2','1458627189',20,'1459137509'),('145938845082','145924460399','3','1458627189',20,'1459137509'),('145938847980','145924698799','1','1458627189',20,'1459137509'),('145938847981','145924698799','2','1458627189',20,'1459137509'),('145938847982','145924698799','3','1458627189',20,'1459137509'),('145938852880','145924624199','1','1458627189',20,'1459137509'),('145938852881','145924624199','2','1458627189',20,'1459137509'),('145938852882','145924624199','3','1458627189',20,'1459137509'),('145938855480','145924657199','1','1458627189',20,'1459137509'),('145938855481','145924657199','2','1458627189',20,'1459137509'),('145938855482','145924657199','3','1458627189',20,'1459137509'),('145938858680','145924713299','1','1458627189',20,'1459137509'),('145938858681','145924713299','2','1458627189',20,'1459137509'),('145938858682','145924713299','3','1458627189',20,'1459137509'),('145938861780','145924666499','1','1458627189',20,'1459137509'),('145938861781','145924666499','2','1458627189',20,'1459137509'),('145938861782','145924666499','3','1458627189',20,'1459137509'),('145938864780','145924640499','1','1458627189',20,'1459137509'),('145938864781','145924640499','2','1458627189',20,'1459137509'),('145938864782','145924640499','3','1458627189',20,'1459137509'),('145938868080','145924426099','1','1458627189',15,'1459137509'),('145938868081','145924426099','2','1458627189',15,'1459137509'),('145938868082','145924426099','3','1458627189',15,'1459137509'),('145938893582','145915041299','3','1458627189',11,'1459133423'),('145938894982','145914996199','3','1458627189',19,'1459133423'),('145938895680','145924434699','1','1458627189',15,'1459137509'),('145938895681','145924434699','2','1458627189',15,'1459137509'),('145938895682','145924434699','3','1458627189',15,'1459137509'),('145938896282','145914980699','3','1458627189',16,'1459133423'),('145938897582','145914986799','3','1458627189',16,'1459133423'),('145938898882','145914990299','3','1458627189',16,'1459133423'),('145938899380','145924355399','1','1458627189',15,'1459137509'),('145938899381','145924355399','2','1458627189',15,'1459137509'),('145938899382','145924355399','3','1458627189',15,'1459137509'),('145938899580','145932421199','1','1458627189',20,'1459322702'),('145938899581','145932421199','2','1458627189',10,'1459322702'),('145938900382','145914974399','3','1458627189',16,'1459133423'),('145938901582','145915010099','3','1458627189',20,'1459133423'),('145938902882','145915031899','3','1458627189',21,'1459133423'),('145938903280','145932473899','1','1458627189',30,'1459322702'),('145938903281','145932473899','2','1458627189',15,'1459322702'),('145938904082','145915017299','3','1458627189',21,'1459133423'),('145938904180','145924380099','1','1458627189',15,'1459137509'),('145938904181','145924380099','2','1458627189',15,'1459137509'),('145938904182','145924380099','3','1458627189',15,'1459137509'),('145938905382','145915001999','3','1458627189',20,'1459133423'),('145938908680','145932489299','1','1458627189',30,'1459322702'),('145938908681','145932489299','2','1458627189',15,'1459322702'),('145938910082','145915023099','3','1458627189',23,'1459133423'),('145938912182','145915035899','3','1458627189',21,'1459133423'),('145938913280','145932437399','1','1458627189',30,'1459322702'),('145938913281','145932437399','2','1458627189',15,'1459322702'),('145938914582','145915028199','3','1458627189',21,'1459133423'),('145938916480','145932439099','1','1458627189',30,'1459322702'),('145938916481','145932439099','2','1458627189',15,'1459322702'),('145938919080','145932420099','1','1458627189',30,'1459322702'),('145938919081','145932420099','2','1458627189',15,'1459322702'),('145938922480','145932507199','1','1458627189',40,'1459322702'),('145938922481','145932507199','2','1458627189',20,'1459322702'),('145938925680','145932510599','1','1458627189',40,'1459322702'),('145938925681','145932510599','2','1458627189',20,'1459322702'),('145938929180','145932481199','1','1458627189',40,'1459322702'),('145938929181','145932481199','2','1458627189',20,'1459322702'),('145938946780','145932500899','1','1458627189',40,'1459322702'),('145938946781','145932500899','2','1458627189',20,'1459322702'),('145939073980','145938912099','1','1458627189',21,'1459153920'),('145939073981','145938912099','2','1458627189',10,'1459153920'),('145939073982','145938912099','3','1458627189',4,'1459153920'),('145939077780','145938935899','1','1458627189',21,'1459153920'),('145939077781','145938935899','2','1458627189',20,'1459153920'),('145939077782','145938935899','3','1458627189',10,'1459153920'),('145939081180','145938939199','1','1458627189',32,'1459153920'),('145939081181','145938939199','2','1458627189',20,'1459153920'),('145939081182','145938939199','3','1458627189',4,'1459153920'),('145939084380','145938942699','1','1458627189',20,'1459153920'),('145939084381','145938942699','2','1458627189',20,'1459153920'),('145939084382','145938942699','3','1458627189',5,'1459153920'),('145939087480','145938928099','1','1458627189',21,'1459153920'),('145939087481','145938928099','2','1458627189',20,'1459153920'),('145939087482','145938928099','3','1458627189',4,'1459153920'),('145939089880','145938932399','1','1458627189',20,'1459153920'),('145939089881','145938932399','2','1458627189',20,'1459153920'),('145939089882','145938932399','3','1458627189',10,'1459153920'),('145939094280','145938966799','1','1458627189',24,'1459153920'),('145939094281','145938966799','2','1458627189',20,'1459153920'),('145939094282','145938966799','3','1458627189',16,'1459153920'),('145939096880','145938947399','1','1458627189',20,'1459153920'),('145939096881','145938947399','2','1458627189',20,'1459153920'),('145939096882','145938947399','3','1458627189',20,'1459153920'),('145939101680','145938955499','1','1458627189',26,'1459153920'),('145939101681','145938955499','2','1458627189',20,'1459153920'),('145939101682','145938955499','3','1458627189',14,'1459153920'),('145939105380','145938958999','1','1458627189',20,'1459153920'),('145939105381','145938958999','2','1458627189',20,'1459153920'),('145939105382','145938958999','3','1458627189',21,'1459153920'),('145939107680','145938962499','1','1458627189',19,'1459153920'),('145939107681','145938962499','2','1458627189',20,'1459153920'),('145939107682','145938962499','3','1458627189',21,'1459153920'),('145939110580','145938976099','1','1458627189',21,'1459153920'),('145939110581','145938976099','2','1458627189',20,'1459153920'),('145939110582','145938976099','3','1458627189',19,'1459153920'),('145939112780','145938978499','1','1458627189',10,'1459153920'),('145939112781','145938978499','2','1458627189',20,'1459153920'),('145939112782','145938978499','3','1458627189',30,'1459153920'),('145939115980','145938970199','1','1458627189',22,'1459153920'),('145939115981','145938970199','2','1458627189',20,'1459153920'),('145939115982','145938970199','3','1458627189',20,'1459153920'),('145939325380','145923874499','1','1458627189',30,'1459065417'),('145939325381','145923874499','2','1458627189',29,'1459065417'),('145939327180','145929652299','1','1458627189',5,'1459137438'),('145939327181','145929652299','2','1458627189',20,'1459137438'),('145939327182','145929652299','3','1458627189',35,'1459137438'),('145939330880','145931930799','1','1458627189',30,'1459065417'),('145939330881','145931930799','2','1458627189',29,'1459065417'),('145939332880','145931937899','1','1458627189',30,'1459065417'),('145939332881','145931937899','2','1458627189',21,'1459065417'),('145939335980','145931943299','1','1458627189',28,'1459065417'),('145939335981','145931943299','2','1458627189',28,'1459065417'),('145939338080','145939334199','1','1458627189',15,'1459137438'),('145939338081','145939334199','2','1458627189',20,'1459137438'),('145939338082','145939334199','3','1458627189',25,'1459137438'),('145939340180','145931948699','1','1458627189',30,'1459065417'),('145939340181','145931948699','2','1458627189',27,'1459065417'),('145939344080','145931955199','1','1458627189',30,'1459065417'),('145939344081','145931955199','2','1458627189',32,'1459065417'),('145939346680','145931990699','1','1458627189',30,'1459065417'),('145939346681','145931990699','2','1458627189',25,'1459065417'),('145939756880','145931963199','1','1458627189',30,'1459065417'),('145939756881','145931963199','2','1458627189',29,'1459065417'),('145939762880','145932060499','1','1458627189',30,'1459065417'),('145939762881','145932060499','2','1458627189',30,'1459065417'),('145939806280','145939685399','1','1458627189',27,'1459065329'),('145939806281','145939685399','2','1458627189',25,'1459065329'),('145939817780','145939692399','1','1458627189',25,'1459065329'),('145939817781','145939692399','2','1458627189',25,'1459065329'),('145939817782','145939692399','3','1458627189',23,'1459065329'),('145939821780','145939625899','1','1458627189',15,'1459065329'),('145939821781','145939625899','2','1458627189',16,'1459065329'),('145939825380','145932218999','1','1458627189',30,'1459065417'),('145939825381','145932218999','2','1458627189',10,'1459065417'),('145939826780','145939632799','1','1458627189',17,'1459065329'),('145939826781','145939632799','2','1458627189',22,'1459065329'),('145939831380','145939738799','1','1458627189',22,'1459065329'),('145939831381','145939738799','2','1458627189',22,'1459065329'),('145939831382','145939738799','3','1458627189',20,'1459065329'),('145939834180','145931974299','1','1458627189',30,'1459065417'),('145939834181','145931974299','2','1458627189',24,'1459065417'),('145939835580','145939637899','1','1458627189',20,'1458608926'),('145939835581','145939637899','2','1458627189',22,'1458608926'),('145939841880','145931968699','1','1458627189',30,'1459065417'),('145939841881','145931968699','2','1458627189',26,'1459065417'),('145939844880','145939642799','1','1458627189',15,'1459065329'),('145939844881','145939642799','2','1458627189',20,'1459065329'),('145939851280','145939647799','1','1458627189',20,'1459297654'),('145939854780','145932206199','1','1458627189',30,'1459065417'),('145939854781','145932206199','2','1458627189',23,'1459065417'),('145939856080','145939699799','1','1458627189',25,'1459065329'),('145939856081','145939699799','2','1458627189',25,'1459065329'),('145939856082','145939699799','3','1458627189',23,'1459065329'),('145939859280','145932201499','1','1458627189',30,'1459065417'),('145939859281','145932201499','2','1458627189',19,'1459065417'),('145939859780','145939745799','1','1458627189',19,'1459065329'),('145939859781','145939745799','2','1458627189',20,'1459065329'),('145939862480','145931995299','1','1458627189',30,'1459065417'),('145939862481','145931995299','2','1458627189',29,'1459065417'),('145939865080','145939658099','1','1458627189',20,'1459297654'),('145939865280','145932196699','1','1458627189',29,'1459065417'),('145939865281','145932196699','2','1458627189',18,'1459065417'),('145939871780','145932130899','1','1458627189',29,'1459065417'),('145939871781','145932130899','2','1458627189',30,'1459065417'),('145939874680','145932215099','1','1458627189',30,'1459065417'),('145939874681','145932215099','2','1458627189',22,'1459065417'),('145939877380','145932210999','1','1458627189',30,'1459065417'),('145939877381','145932210999','2','1458627189',20,'1459065417'),('145939879980','145939875799','1','1458627189',10,'1459065329'),('145939879981','145939875799','2','1458627189',10,'1459065329'),('145939879982','145939875799','3','1458627189',10,'1459065329'),('145939880180','145932054999','1','1458627189',29,'1459065417'),('145939880181','145932054999','2','1458627189',25,'1459065417'),('145939882380','145932047099','1','1458627189',28,'1459065417'),('145939882381','145932047099','2','1458627189',29,'1459065417'),('145939885780','145932143699','1','1458627189',30,'1459065417'),('145939885781','145932143699','2','1458627189',27,'1459065417'),('145939888580','145932139699','1','1458627189',30,'1459065417'),('145939888581','145932139699','2','1458627189',27,'1459065417'),('145939912980','145932012599','1','1458627189',30,'1459065417'),('145939912981','145932012599','2','1458627189',25,'1459065417'),('145939915680','145932192499','1','1458627189',30,'1459065417'),('145939915681','145932192499','2','1458627189',28,'1459065417'),('145939918880','145932185599','1','1458627189',31,'1459065417'),('145939918881','145932185599','2','1458627189',27,'1459065417'),('145939926580','145931984499','1','1458627189',30,'1459065417'),('145939926581','145931984499','2','1458627189',15,'1459065417'),('145939929280','145932042599','1','1458627189',30,'1459065417'),('145939929281','145932042599','2','1458627189',27,'1459065417'),('145939943480','145932353599','1','1458627189',30,'1459065417'),('145939943481','145932353599','2','1458627189',25,'1459065417'),('145939945480','145932373899','1','1458627189',29,'1459065417'),('145939945481','145932373899','2','1458627189',28,'1459065417'),('145939953480','145932358199','1','1458627189',30,'1459065417'),('145939953481','145932358199','2','1458627189',28,'1459065417'),('145939957380','145932382999','1','1458627189',30,'1459065417'),('145939957381','145932382999','2','1458627189',10,'1459065417'),('145939959980','145932359899','1','1458627189',29,'1459065417'),('145939959981','145932359899','2','1458627189',29,'1459065417'),('145939962880','145932364099','1','1458627189',30,'1459065417'),('145939962881','145932364099','2','1458627189',24,'1459065417'),('145939965180','145932346199','1','1458627189',30,'1459065417'),('145939965181','145932346199','2','1458627189',26,'1459065417'),('145939967680','145932361999','1','1458627189',28,'1459065417'),('145939967681','145932361999','2','1458627189',29,'1459065417'),('145939971180','145932355999','1','1458627189',27,'1459065417'),('145939971181','145932355999','2','1458627189',28,'1459065417'),('145939973680','145932380499','1','1458627189',30,'1459065417'),('145939973681','145932380499','2','1458627189',17,'1459065417'),('145939984280','145932351299','1','1458627189',28,'1459065417'),('145939984281','145932351299','2','1458627189',25,'1459065417'),('145939987080','145932367999','1','1458627189',26,'1459065417'),('145939987081','145932367999','2','1458627189',15,'1459065417'),('145939989880','145932348699','1','1458627189',29,'1459065417'),('145939989881','145932348699','2','1458627189',29,'1459065417'),('145939992580','145932365699','1','1458627189',40,'1459065417'),('145939992581','145932365699','2','1458627189',30,'1459065417'),('145939998280','145932028499','1','1458627189',29,'1459065417'),('145939998281','145932028499','2','1458627189',27,'1459065417'),('145940019881','145940007999','2','1458627189',22,'1459065417'),('145940029080','145932223699','1','1458627189',28,'1459065417'),('145940029081','145932223699','2','1458627189',26,'1459065417'),('145940044180','145940015999','1','1458627189',30,'1459065417'),('145940044181','145940015999','2','1458627189',26,'1459065417'),('145940048980','145940012099','1','1458627189',30,'1459065417'),('145940048981','145940012099','2','1458627189',16,'1459065417'),('145940113282','145923044699','3','1458627189',10,'1459152004'),('145940171882','145939637899','3','1458627189',20,'1458608926'),('145940174082','145939625899','3','1458627189',16,'1459065329'),('145940242880','145939660999','1','1458627189',20,'1459297654'),('145940242881','145939660999','2','1458627189',20,'1459297654'),('145940251780','145939651999','1','1458627189',19,'1459065329'),('145940251781','145939651999','2','1458627189',23,'1459065329'),('145940251782','145939651999','3','1458627189',20,'1459065329'),('145940256780','145939749299','1','1458627189',20,'1459065329'),('145940256781','145939749299','2','1458627189',20,'1459065329'),('145940256782','145939749299','3','1458627189',10,'1459065329'),('145940301080','145929675899','1','1458627189',7,'1459137438'),('145940301081','145929675899','2','1458627189',20,'1459137438'),('145940301082','145929675899','3','1458627189',32,'1459137438'),('145940540380','145940532599','1','1458627189',20,'1458608926'),('145940540381','145940532599','2','1458627189',20,'1458608926'),('145940540382','145940532599','3','1458627189',25,'1458608926'),('145940616980','145940613099','1','1458627189',20,'1458608926'),('145940616981','145940613099','2','1458627189',20,'1458608926'),('145940616982','145940613099','3','1458627189',20,'1458608926'),('145940677382','145932210999','3','1458627189',10,'1459065417'),('145940678982','145931990699','3','1458627189',5,'1459065417'),('145940681582','145931963199','3','1458627189',5,'1459065417'),('145940683982','145931974299','3','1458627189',10,'1459065417'),('145940761980','145930292999','1','1458627189',15,'1459136367'),('145940761981','145930292999','2','1458627189',15,'1459136367'),('145940761982','145930292999','3','1458627189',15,'1459136367'),('145940890180','145917315199','1','1458627189',20,'1459136279'),('145940890181','145917315199','2','1458627189',20,'1459136279'),('145940890182','145917315199','3','1458627189',20,'1459136279'),('145940982881','145939754899','2','1458627189',20,'1459303811'),('145940982882','145939754899','3','1458627189',19,'1459303811'),('145941150680','145941018099','1','1458627189',24,'1459297654'),('145941150681','145941018099','2','1458627189',25,'1459297654'),('145941153880','145941013399','1','1458627189',30,'1459297654'),('145941163480','145941129199','1','1458627189',23,'1459297654'),('145941163481','145941129199','2','1458627189',20,'1459297654'),('145941163482','145941129199','3','1458627189',21,'1459297654'),('145941169580','145941133199','1','1458627189',20,'1459297654'),('145941169582','145941133199','3','1458627189',20,'1459297654'),('145941175180','145941077999','1','1458627189',20,'1459297654'),('145941175181','145941077999','2','1458627189',20,'1459297654'),('145941175182','145941077999','3','1458627189',20,'1459297654'),('145941182980','145941044399','1','1458627189',20,'1459297654'),('145941182981','145941044399','2','1458627189',20,'1459297654'),('145941186880','145941116699','1','1458627189',25,'1459297654'),('145941186881','145941116699','2','1458627189',25,'1459297654'),('145941191980','145941111499','1','1458627189',20,'1459297654'),('145941191981','145941111499','2','1458627189',40,'1459297654'),('145941196380','145941035799','1','1458627189',24,'1459297654'),('145941199580','145941066099','1','1458627189',20,'1459297654'),('145941207180','145941106099','1','1458627189',20,'1459297654'),('145941207182','145941106099','3','1458627189',20,'1459297654'),('145941211182','145940007999','3','1458627189',38,'1459065417'),('145941212982','145932054999','3','1458627189',10,'1459065417'),('145941214180','145941097499','1','1458627189',20,'1459297654'),('145941214182','145941097499','3','1458627189',20,'1459297654'),('145941215082','145932012599','3','1458627189',5,'1459065417'),('145941216182','145932003799','3','1458627189',60,'1459303811'),('145941217482','145931995299','3','1458627189',5,'1459065417'),('145941218682','145932139699','3','1458627189',5,'1459065417'),('145941219480','145941073199','1','1458627189',20,'1459297654'),('145941219481','145941073199','2','1458627189',19,'1459297654'),('145941219482','145941073199','3','1458627189',19,'1459297654'),('145941219682','145940015999','3','1458627189',5,'1459065417'),('145941228281','145939658099','2','1458627189',20,'1459297654'),('145941228282','145939658099','3','1458627189',20,'1459297654'),('145941228382','145932218999','3','1458627189',20,'1459065417'),('145941230282','145932215099','3','1458627189',10,'1459065417'),('145941231382','145932185599','3','1458627189',5,'1459065417'),('145941234082','145932201499','3','1458627189',15,'1459065417'),('145941236282','145932143699','3','1458627189',5,'1459065417'),('145941238282','145932028499','3','1458627189',5,'1459065417'),('145941240282','145932353599','3','1458627189',5,'1459065417'),('145941261780','145941244999','1','1458627189',20,'1459297654'),('145941261781','145941244999','2','1458627189',20,'1459297654'),('145941261782','145941244999','3','1458627189',20,'1459297654'),('145941275980','145941214199','1','1458627189',20,'1459303811'),('145941275981','145941214199','2','1458627189',20,'1459303811'),('145941275982','145941214199','3','1458627189',18,'1459303811'),('145941282080','145941277699','1','1458627189',10,'1459297654'),('145941282081','145941277699','2','1458627189',10,'1459297654'),('145941283380','145932003799','1','1458627189',20,'1459303811'),('145941283381','145932003799','2','1458627189',20,'1459303811'),('145941286780','145941222299','1','1458627189',20,'1459303811'),('145941286781','145941222299','2','1458627189',20,'1459303811'),('145941286782','145941222299','3','1458627189',20,'1459303811'),('145941290480','145941008299','1','1458627189',25,'1459297654'),('145941290481','145941008299','2','1458627189',49,'1459297654'),('145941291380','145941229399','1','1458627189',20,'1459303811'),('145941291381','145941229399','2','1458627189',20,'1459303811'),('145941291382','145941229399','3','1458627189',15,'1459303811'),('145941295880','145941060799','1','1458627189',20,'1459297654'),('145941295881','145941060799','2','1458627189',20,'1459297654'),('145941301380','145941240699','1','1458627189',20,'1459303811'),('145941301381','145941240699','2','1458627189',20,'1459303811'),('145941301382','145941240699','3','1458627189',17,'1459303811'),('145941304280','145941026899','1','1458627189',20,'1459297654'),('145941304281','145941026899','2','1458627189',20,'1459297654'),('145941305180','145941250599','1','1458627189',20,'1459303811'),('145941305181','145941250599','2','1458627189',20,'1459303811'),('145941305182','145941250599','3','1458627189',20,'1459303811'),('145941312680','145941255999','1','1458627189',20,'1459303811'),('145941312682','145941255999','3','1458627189',20,'1459303811'),('145941313480','145941054099','1','1458627189',20,'1459297654'),('145941313481','145941054099','2','1458627189',20,'1459297654'),('145941319282','145939660999','3','1458627189',20,'1459297654'),('145941338980','145941252999','1','1458627189',54,'1459297654'),('145941338982','145941252999','3','1458627189',18,'1459297654'),('145941376880','145941341499','1','1458627189',20,'1459303853'),('145941376881','145941341499','2','1458627189',10,'1459303853'),('145941376882','145941341499','3','1458627189',10,'1459303853'),('145941379780','145941348799','1','1458627189',20,'1459303853'),('145941379781','145941348799','2','1458627189',15,'1459303853'),('145941379782','145941348799','3','1458627189',15,'1459303853'),('145941385980','145941365099','1','1458627189',20,'1459303853'),('145941385981','145941365099','2','1458627189',20,'1459303853'),('145941385982','145941365099','3','1458627189',20,'1459303853'),('145941392980','145941370199','1','1458627189',20,'1459303853'),('145941392981','145941370199','2','1458627189',20,'1459303853'),('145941392982','145941370199','3','1458627189',20,'1459303853'),('145941444780','145941403499','1','1458627189',20,'1459303895'),('145941444781','145941403499','2','1458627189',21,'1459303895'),('145941444782','145941403499','3','1458627189',4,'1459303895'),('145941463480','145941409199','1','1458627189',25,'1459303895'),('145941463481','145941409199','2','1458627189',25,'1459303895'),('145941463482','145941409199','3','1458627189',20,'1459303895'),('145941472280','145941348699','1','1458627189',20,'1459297654'),('145941472281','145941348699','2','1458627189',20,'1459297654'),('145941472282','145941348699','3','1458627189',20,'1459297654'),('145941475980','145941432599','1','1458627189',25,'1459303895'),('145941475981','145941432599','2','1458627189',25,'1459303895'),('145941475982','145941432599','3','1458627189',20,'1459303895'),('145941481180','145941419999','1','1458627189',24,'1459303895'),('145941487880','145941385399','1','1458627189',20,'1459297654'),('145941487881','145941385399','2','1458627189',20,'1459297654'),('145941487882','145941385399','3','1458627189',20,'1459297654'),('145941491380','145941488099','1','1458627189',23,'1459303895'),('145941491381','145941488099','2','1458627189',23,'1459303895'),('145941496480','145941407199','1','1458627189',22,'1459297654'),('145941496482','145941407199','3','1458627189',17,'1459297654'),('145941501580','145941452899','1','1458627189',25,'1459297654'),('145941501582','145941452899','3','1458627189',18,'1459297654'),('145941526581','145939647799','2','1458627189',20,'1459297654'),('145941526582','145939647799','3','1458627189',20,'1459297654'),('145941531280','145941519399','1','1458627189',25,'1459297654'),('145941531282','145941519399','3','1458627189',18,'1459297654'),('145941533980','145941355999','1','1458627189',20,'1459297654'),('145941533981','145941355999','2','1458627189',20,'1459297654'),('145941533982','145941355999','3','1458627189',20,'1459297654'),('145941536082','145941499899','3','1458627189',20,'1459303853'),('145941536980','145941465099','1','1458627189',20,'1459297654'),('145941539480','145941419399','1','1458627189',20,'1459297654'),('145941539481','145941419399','2','1458627189',20,'1459297654'),('145941539482','145941419399','3','1458627189',20,'1459297654'),('145941541981','145941255999','2','1458627189',20,'1459303811'),('145941545480','145941443599','1','1458627189',20,'1459297654'),('145941545481','145941443599','2','1458627189',20,'1459297654'),('145941545482','145941443599','3','1458627189',20,'1459297654'),('145941549280','145941399499','1','1458627189',21,'1459297654'),('145941549281','145941399499','2','1458627189',20,'1459297654'),('145941549282','145941399499','3','1458627189',20,'1459297654'),('145941554582','145941458599','3','1458627189',20,'1459297654'),('145941559080','145941390499','1','1458627189',20,'1459297654'),('145941559081','145941390499','2','1458627189',19,'1459297654'),('145941559082','145941390499','3','1458627189',20,'1459297654');

/*Table structure for table `t_users` */

DROP TABLE IF EXISTS `t_users`;

CREATE TABLE `t_users` (
  `id_user` char(15) NOT NULL,
  `username` char(25) NOT NULL,
  `katakunci` char(25) NOT NULL,
  `sandi` char(50) NOT NULL,
  `nama_user` char(100) NOT NULL,
  `id_lokasi` char(15) NOT NULL,
  `admin` tinyint(1) NOT NULL DEFAULT '1',
  `pusat` tinyint(1) NOT NULL DEFAULT '1',
  `menuakses` text,
  `aktif` tinyint(1) NOT NULL DEFAULT '1',
  PRIMARY KEY (`id_user`)
) ENGINE=InnoDB DEFAULT CHARSET=latin1;

/*Data for the table `t_users` */

insert  into `t_users`(`id_user`,`username`,`katakunci`,`sandi`,`nama_user`,`id_lokasi`,`admin`,`pusat`,`menuakses`,`aktif`) values ('1458608926','adminpusat','dombajc','f6338e9679fa67f44f818e3bfd546584','Administrator Pusat','05',1,1,'2,21,22,23,24,25,3,31,4,41,42,5,51,53',1),('1459065329','wawan4276','1003','aa68c75c4a77c87f97fb686b2f068676','WAWAN GUNAWAN UTAMA','05',1,1,'2,21,22,23,24,25,3,31,32,4,41,42,5,51,52,53',1),('1459065417','ppsmg1','ppsmg1','7d534e40c460e465796fe469ad006cda','Admin pembukuan pelaporan UP3AD Semarang I','0501',1,0,'2,25,3,31,4,41,42,5,51,52',1),('1459130999','ppkbm','ppkbm','377890c9d82b22d440f0de1ca47e9f23','Admin pembukuan pelaporan UP3AD Kebumen','0535',1,0,'2,25,3,31,4,41,42,5,51,52',1),('1459133423','ppwnsb','ppwsb','dd48a5b21928bb4ba213f1893dd5004b','admin pembukuan pelaporan UP3AD Kab. Wonosobo','0537',1,0,'2,25,3,31,4,41,42,5,51,52,53',1),('1459133843','ppsltg','ppsltg','24681a75aa183e7af4c88fb87eabb53c','admin pembukuan pelaporan UP3AD Kota Salatiga','0504',1,0,'2,25,3,31,4,41,42,5,51,52,53',1),('1459134128','ppsrg','ppsrg','9f7836618106cb9613e0252524334e57','Admin Pembukuan dan Pelaporan UP3AD Kab. Sragen','0513',1,0,'2,25,3,31,32,4,41,42,5,51,52',1),('1459136279','ppsmg2','ppsmg2','bc39606f7bf2b78d99a75eb7e3e371a4','Admin Semarang II','0502',1,0,'2,25,3,31,4,41,42,5,51,52',1),('1459136367','ppsmg3','ppsmg3','d7424f4944e3e701c9358e1f72de0b0e','Admin Pembukuan dan Pelaporan UP3AD Kota Smg. III','0503',1,0,'2,25,3,31,4,41,42,5,51,52',1),('1459136436','ppsmg','IRIYANTI','b5f196ab2d417401fc3b3b696b63a756','Admin Pembukuan dan Pelaporan UP3AD Kab. Semarang','0505',1,0,'2,25,3,31,4,41,42,5,51,52',1),('1459136622','ppkdl','ppkdl','06d8108454d0de5d9d806a06ac5cf00b','Admin Pembukuan dan Pelaporan UP3AD Kab. Kendal','0506',1,0,'2,25,3,31,4,41,5,51,52',1),('1459137270','ppdmk','ppdmk','4915c2ad6a92f4edb730a8ababbb44c2','Admin Pembukuan dan Pelaporan UP3AD Kab. Demak','0507',1,0,'2,25,3,31,4,41,42,5,51,52',1),('1459137354','pppati','pppati','938a3aca5666c19c2c53cbf20f95645c','Admin Pembukuan dan Pelaporan UP3AD Kab. Pati','0516',1,0,'2,25,3,31,4,41,42,5,51,52',1),('1459137438','ppkds','ppkds','7fb9fb497424f395f7275754d053e419','Admin Pembukuan dan Pelaporan UP3AD Kab. Kudus','0517',1,0,'2,25,3,31,4,41,42,5,51,52',1),('1459137509','ppjpr','ppjpr','52e291a1eedfc5584e6f14153502171a','Admin Pembukuan dan Pelaporan UP3AD Kab. Jepara','0518',1,0,'2,25,3,31,4,41,42,5,51,52,53',1),('1459138022','pprbg','pprbg','20644fd3887103a317042b21f22be24c','Admin Pembukuan dan Pelaporan UP3AD Kab. Rembang','0519',1,0,'2,25,3,31,4,41,42,5,51,52',1),('1459138103','ppbra','ppbra','2423ca4d6d791c57e69f18cf267aa849','Admin Pembukuan dan Pelaporan UP3AD Kab. Blora','0520',1,0,'2,25,3,31,4,41,42,5,51,52',1),('1459143349','pptmg','pptmg','629f09451ae439d6a2785e575631c21f','Admin Pembukuan dan Pelaporan UP3AD Kab. Temanggung','0536',1,0,'2,25,3,31,4,41,42,5,51,52',1),('1459150457','ppbtg','ppbtg','791381ba535b343b51209f471660da2c','Admin Pembukuan dan Pelaporan UP3AD Kab. Batang','0523',1,0,'2,25,3,31,4,41,42,5,51,52,53',1),('1459150862','ppkra','ppkra','1ec0c23c5402e04d3ff0cbc33afb7f49','Admin Pembukuan dan Pelaporan UP3AD Kab. Karanganyar','0514',1,0,'2,25,3,31,4,41,42,5,51,52',1),('1459151125','pppkl','pppkl','f09993919170cebf1793030f1386c9ad','Admin Pembukuan dan Pelaporan UP3AD Kota Pekalongan','0521',1,0,'2,25,3,31,32,4,41,42,5,51,52',1),('1459151511','ppclp','ppclp','5dae6dfe4418815c0ba917db39746467','Admin Pembukuan dan Pelaporan UP3AD Kab. Cilacap','0529',1,0,'2,25,3,31,4,41,42,5,51,52',1),('1459152004','ppskh','ppskh','e828d5420f561fddc6d27b381f572630','Admin Pembukuan dan Pelaporan UP3AD Kab. Sukoharjo','0510',1,0,'2,25,3,31,32,4,41,42,5,51,52',1),('1459152424','ppklt','ppklt','83ab9f08a7cbc218800a8dec99e06a78','Admin Pembukuan dan Pelaporan UP3AD Kab. Klaten','0511',1,0,'2,25,3,31,4,41,42,5,51,52',1),('1459153920','ppmgl','ppmgl','e456130dbdfd8bcc5608468e3407ac67','Admin Pembukuan dan Pelaporan UP3AD Kota Magelang','0532',1,0,'2,25,3,31,32,4,41,42,5,51,52',1),('1459213035','pptgl','pptgl','dff73b094cddb172a24d96824b660c38','Admin Pembukuan Dan Pelaporan UP3AD Kota Tegal','0525',1,0,'2,25,3,31,4,41,42,5,51,52',1),('1459213265','ppbna','ppbna','da896bb48c8c2cafec56f1efe17f76d3','Admin Pembukuan Dan Pelaporan UP3AD Kab. Banjarnegara','0531',1,0,'2,25,3,31,4,41,42,5,51,52',1),('1459215531','pppwj','pppwj','6fee05c934a79959131b7bc034be8db5','Admin Pembukuan Dan Pelaporan UP3AD Kab. Purworejo','0534',1,0,'2,25,3,31,4,41,42,5,51,52,53',1),('1459240332','ppbyl','ppbyl','dad0d426d29b457473ddcc662721422c','Admin Pembukuan Dan Pelaporan UP3AD Kab. Boyolali','0512',1,0,'2,25,3,31,4,41,42,5,51,52',1),('1459297654','fika','lahtabang','c65ec5c252645ed669f2df58050286fc','Raficha','05',0,1,'2,22,23,24,25,3,31,32,4,41,42,5,51,52',1),('1459303811','p1','p1','ec6ef230f1828039ee794566b9c58adc','Pegawai Pusat Door To Door di UP3AD Semarang I','0501',0,0,'3,31,4,42,5,51',1),('1459303853','p2','p2','1d665b9b1467944c128a5575119d1cfd','Pegawai Pusat Door To Door di UP3AD Semarang II','0502',0,0,'3,31,4,42,5,51',1),('1459303895','p3','p3','7bc3ca68769437ce986455407dab2a1f','Pegawai Pusat Door To Door di UP3AD Semarang III','0503',0,0,'3,31,4,42,5,51',1),('1459310316','ppmkd','ppmkd','8778f7de3c538c239aa2bc6d38263654','Kepala Seksi PP UP3AD Kab. Mungkid','0533',1,0,'2,25,3,31,4,41,42,5,51,52',1),('1459310660','pppml','pppml','5a9fb87d6e3441fa5e4a97350f72a3a7','Kepala Seksi PP UP3AD Kab. Pemalang','0524',1,0,'2,25,3,31,4,41,42,5,51,52',1),('1459322702','ppslw','ppslw','591302e2ac65f5214d87ecfd44793278','Kepala Seksi Pembukuan Dan Pelaporan UP3AD Kab. Tegal','0526',1,0,'2,25,3,31,4,41,42,5,51,52',1),('1459322919','pppbl','pppbl','060ac4cf8a908e59308bdad6ad8e19f7','Kepala Seksi Pembukuan Dan Pelaporan UP3AD Kab. Purbalingga','0530',1,0,'2,25,3,31,32,4,41,42,5,51,52',1),('1459331835','ppbms','ppbms','3b51e23983fcb713c3053e7c8eeff4c2','Kepala Seksi Pembukuan Dan Pelaporan UP3AD Kabupaten Banyumas','0528',1,0,'2,25,3,31,32,4,41,42,5,51,52,53',1),('1459389051','ppbrs','ppbrs','f46851c043b09f4ee38d7c97d9e23326','Kepala Seksi Pembukuan Dan Pelaporan UP3AD Kabupaten Brebes','0527',1,0,'2,25,3,31,4,41,42,5,51,52',1),('1459394913','pppwd','pppwd','a69f20e9b290db45871771734d90badf','Kepala Seksi Pembukuan Dan Pelaporan UP3AD Kab. Grobogan','0508',1,0,'2,25,3,31,4,41,42,5,51,52,53',1),('1459412196','psi01','psi01','dddefa019b807d21b6787c3296fc1159','A. DARTO IWAN S., S KOM, M.KOM','05',1,1,'2,21,22,23,24,25,3,31,32,4,41,42,5,51,52,53',1),('1459413235','ppwng','ppwng','68fcbb46137fc3904b9f82e2c2f6b065','Kepala Seksi Pembukuan Dan Pelaporan UP3AD Kab. Wonogiri','0515',1,0,'2,25,3,31,4,41,42,5,51,52,53',1);

/*Table structure for table `v_bulan` */

DROP TABLE IF EXISTS `v_bulan`;

/*!50001 DROP VIEW IF EXISTS `v_bulan` */;
/*!50001 DROP TABLE IF EXISTS `v_bulan` */;

/*!50001 CREATE TABLE  `v_bulan`(
 `id_bulan` char(15) ,
 `id_triwulan` char(15) ,
 `bulan` char(25) ,
 `aktif` tinyint(1) ,
 `triwulan` char(15) 
)*/;

/*Table structure for table `v_homebase` */

DROP TABLE IF EXISTS `v_homebase`;

/*!50001 DROP VIEW IF EXISTS `v_homebase` */;
/*!50001 DROP TABLE IF EXISTS `v_homebase` */;

/*!50001 CREATE TABLE  `v_homebase`(
 `id_lokasi` varchar(20) ,
 `id_induk` varchar(20) ,
 `lokasi` varchar(50) ,
 `nama_kota` varchar(50) ,
 `alamat` text ,
 `kota` varchar(30) ,
 `kdpos` varchar(10) ,
 `telp` text ,
 `fax` varchar(15) ,
 `samsat` enum('pusat','besar','kecil','other') ,
 `kd_wil` varchar(15) ,
 `kabkot` enum('Kota','Kabupaten') ,
 `email` varchar(100) ,
 `d2d_pusat` tinyint(1) ,
 `blokir` tinyint(1) 
)*/;

/*Table structure for table `v_lokasi_upad` */

DROP TABLE IF EXISTS `v_lokasi_upad`;

/*!50001 DROP VIEW IF EXISTS `v_lokasi_upad` */;
/*!50001 DROP TABLE IF EXISTS `v_lokasi_upad` */;

/*!50001 CREATE TABLE  `v_lokasi_upad`(
 `id_lokasi` varchar(20) ,
 `id_induk` varchar(20) ,
 `lokasi` varchar(50) ,
 `nama_kota` varchar(50) ,
 `alamat` text ,
 `kota` varchar(30) ,
 `kdpos` varchar(10) ,
 `telp` text ,
 `fax` varchar(15) ,
 `samsat` enum('pusat','besar','kecil','other') ,
 `kd_wil` varchar(15) ,
 `kabkot` enum('Kota','Kabupaten') ,
 `email` varchar(100) ,
 `d2d_pusat` tinyint(1) ,
 `blokir` tinyint(1) 
)*/;

/*Table structure for table `v_mutasi` */

DROP TABLE IF EXISTS `v_mutasi`;

/*!50001 DROP VIEW IF EXISTS `v_mutasi` */;
/*!50001 DROP TABLE IF EXISTS `v_mutasi` */;

/*!50001 CREATE TABLE  `v_mutasi`(
 `id_mutasi` char(15) ,
 `id_pegawai` char(15) ,
 `id_lokasi` char(15) ,
 `id_homebase` char(15) ,
 `lokasi_lain` char(100) ,
 `id_jabatan` char(15) ,
 `sk` char(100) ,
 `no_sk` char(50) ,
 `tgl_sk` date ,
 `tgl_mulai` date ,
 `aktif` tinyint(1) ,
 `id_user` char(15) ,
 `update_akhir` datetime ,
 `jabatan` char(25) ,
 `nama_lokasi` varchar(50) ,
 `nama_homebase` varchar(50) 
)*/;

/*Table structure for table `v_pegawai_v2` */

DROP TABLE IF EXISTS `v_pegawai_v2`;

/*!50001 DROP VIEW IF EXISTS `v_pegawai_v2` */;
/*!50001 DROP TABLE IF EXISTS `v_pegawai_v2` */;

/*!50001 CREATE TABLE  `v_pegawai_v2`(
 `id_pegawai` char(15) ,
 `id_sts_pegawai` char(3) ,
 `nama_pegawai` char(100) ,
 `nip` char(25) ,
 `id_pangkat` char(15) ,
 `id_user` char(15) ,
 `history_buat` datetime ,
 `history_update` datetime ,
 `aktif` tinyint(1) ,
 `pangkat` char(25) ,
 `golongan` char(5) ,
 `jabatan` char(25) ,
 `id_jabatan` char(15) ,
 `id_lokasi` char(15) ,
 `nama_lokasi` varchar(50) ,
 `nama_homebase` varchar(50) ,
 `status_pegawai` char(15) 
)*/;

/*Table structure for table `v_sort_pegawai` */

DROP TABLE IF EXISTS `v_sort_pegawai`;

/*!50001 DROP VIEW IF EXISTS `v_sort_pegawai` */;
/*!50001 DROP TABLE IF EXISTS `v_sort_pegawai` */;

/*!50001 CREATE TABLE  `v_sort_pegawai`(
 `id_pegawai` char(15) ,
 `nama_pegawai` char(100) ,
 `nip` char(25) ,
 `status_pegawai` char(15) ,
 `id_jabatan` char(15) ,
 `jabatan` char(25) ,
 `nama_lokasi` varchar(50) ,
 `id_homebase` char(15) ,
 `nama_homebase` varchar(50) ,
 `id_lokasi` char(15) ,
 `id_mutasi` char(15) ,
 `id_sts_pegawai` char(3) ,
 `golongan` char(5) ,
 `pangkat` char(25) ,
 `aktif` tinyint(1) ,
 `kepalaupad` int(4) 
)*/;

/*Table structure for table `v_sort_pegawai_backup` */

DROP TABLE IF EXISTS `v_sort_pegawai_backup`;

/*!50001 DROP VIEW IF EXISTS `v_sort_pegawai_backup` */;
/*!50001 DROP TABLE IF EXISTS `v_sort_pegawai_backup` */;

/*!50001 CREATE TABLE  `v_sort_pegawai_backup`(
 `id_pegawai` char(15) ,
 `nama_pegawai` char(100) ,
 `nip` char(25) ,
 `status_pegawai` char(15) ,
 `id_jabatan` char(15) ,
 `jabatan` char(25) ,
 `nama_lokasi` varchar(50) ,
 `id_homebase` char(15) ,
 `nama_homebase` varchar(50) ,
 `id_lokasi` char(15) ,
 `id_mutasi` char(15) ,
 `id_sts_pegawai` char(3) ,
 `aktif` tinyint(1) ,
 `kepalaupad` int(4) 
)*/;

/*Table structure for table `v_users` */

DROP TABLE IF EXISTS `v_users`;

/*!50001 DROP VIEW IF EXISTS `v_users` */;
/*!50001 DROP TABLE IF EXISTS `v_users` */;

/*!50001 CREATE TABLE  `v_users`(
 `id_user` char(15) ,
 `username` char(25) ,
 `katakunci` char(25) ,
 `sandi` char(50) ,
 `nama_user` char(100) ,
 `id_lokasi` char(15) ,
 `admin` tinyint(1) ,
 `pusat` tinyint(1) ,
 `menuakses` text ,
 `aktif` tinyint(1) ,
 `lokasi` varchar(50) 
)*/;

/*View structure for view v_bulan */

/*!50001 DROP TABLE IF EXISTS `v_bulan` */;
/*!50001 DROP VIEW IF EXISTS `v_bulan` */;

/*!50001 CREATE ALGORITHM=UNDEFINED DEFINER=`root`@`localhost` SQL SECURITY DEFINER VIEW `v_bulan` AS (select `t_bulan`.`id_bulan` AS `id_bulan`,`t_bulan`.`id_triwulan` AS `id_triwulan`,`t_bulan`.`bulan` AS `bulan`,`t_bulan`.`aktif` AS `aktif`,`t_triwulan`.`triwulan` AS `triwulan` from (`t_bulan` left join `t_triwulan` on((`t_triwulan`.`id_triwulan` = `t_bulan`.`id_triwulan`)))) */;

/*View structure for view v_homebase */

/*!50001 DROP TABLE IF EXISTS `v_homebase` */;
/*!50001 DROP VIEW IF EXISTS `v_homebase` */;

/*!50001 CREATE ALGORITHM=UNDEFINED DEFINER=`root`@`localhost` SQL SECURITY DEFINER VIEW `v_homebase` AS (select `lokasi`.`id_lokasi` AS `id_lokasi`,`lokasi`.`id_induk` AS `id_induk`,`lokasi`.`lokasi` AS `lokasi`,`lokasi`.`nama_kota` AS `nama_kota`,`lokasi`.`alamat` AS `alamat`,`lokasi`.`kota` AS `kota`,`lokasi`.`kdpos` AS `kdpos`,`lokasi`.`telp` AS `telp`,`lokasi`.`fax` AS `fax`,`lokasi`.`samsat` AS `samsat`,`lokasi`.`kd_wil` AS `kd_wil`,`lokasi`.`kabkot` AS `kabkot`,`lokasi`.`email` AS `email`,`lokasi`.`d2d_pusat` AS `d2d_pusat`,`lokasi`.`blokir` AS `blokir` from `lokasi` where (`lokasi`.`samsat` in ('pusat','besar'))) */;

/*View structure for view v_lokasi_upad */

/*!50001 DROP TABLE IF EXISTS `v_lokasi_upad` */;
/*!50001 DROP VIEW IF EXISTS `v_lokasi_upad` */;

/*!50001 CREATE ALGORITHM=UNDEFINED DEFINER=`root`@`localhost` SQL SECURITY DEFINER VIEW `v_lokasi_upad` AS (select `lokasi`.`id_lokasi` AS `id_lokasi`,`lokasi`.`id_induk` AS `id_induk`,`lokasi`.`lokasi` AS `lokasi`,`lokasi`.`nama_kota` AS `nama_kota`,`lokasi`.`alamat` AS `alamat`,`lokasi`.`kota` AS `kota`,`lokasi`.`kdpos` AS `kdpos`,`lokasi`.`telp` AS `telp`,`lokasi`.`fax` AS `fax`,`lokasi`.`samsat` AS `samsat`,`lokasi`.`kd_wil` AS `kd_wil`,`lokasi`.`kabkot` AS `kabkot`,`lokasi`.`email` AS `email`,`lokasi`.`d2d_pusat` AS `d2d_pusat`,`lokasi`.`blokir` AS `blokir` from `lokasi` where ((`lokasi`.`id_lokasi` = `lokasi`.`id_induk`) and (`lokasi`.`id_lokasi` <> '05'))) */;

/*View structure for view v_mutasi */

/*!50001 DROP TABLE IF EXISTS `v_mutasi` */;
/*!50001 DROP VIEW IF EXISTS `v_mutasi` */;

/*!50001 CREATE ALGORITHM=UNDEFINED DEFINER=`root`@`localhost` SQL SECURITY DEFINER VIEW `v_mutasi` AS (select `t_mutasi`.`id_mutasi` AS `id_mutasi`,`t_mutasi`.`id_pegawai` AS `id_pegawai`,`t_mutasi`.`id_lokasi` AS `id_lokasi`,`t_mutasi`.`id_homebase` AS `id_homebase`,`t_mutasi`.`lokasi_lain` AS `lokasi_lain`,`t_mutasi`.`id_jabatan` AS `id_jabatan`,`t_mutasi`.`sk` AS `sk`,`t_mutasi`.`no_sk` AS `no_sk`,`t_mutasi`.`tgl_sk` AS `tgl_sk`,`t_mutasi`.`tgl_mulai` AS `tgl_mulai`,`t_mutasi`.`aktif` AS `aktif`,`t_mutasi`.`id_user` AS `id_user`,`t_mutasi`.`update_akhir` AS `update_akhir`,`t_jabatan`.`jabatan` AS `jabatan`,(select `lokasi`.`lokasi` from `lokasi` where (`lokasi`.`id_lokasi` = convert(`t_mutasi`.`id_lokasi` using utf8))) AS `nama_lokasi`,(select `lokasi`.`lokasi` from `lokasi` where (`lokasi`.`id_lokasi` = convert(`t_mutasi`.`id_homebase` using utf8))) AS `nama_homebase` from (`t_mutasi` left join `t_jabatan` on((`t_jabatan`.`id_jabatan` = `t_mutasi`.`id_jabatan`)))) */;

/*View structure for view v_pegawai_v2 */

/*!50001 DROP TABLE IF EXISTS `v_pegawai_v2` */;
/*!50001 DROP VIEW IF EXISTS `v_pegawai_v2` */;

/*!50001 CREATE ALGORITHM=UNDEFINED DEFINER=`root`@`localhost` SQL SECURITY DEFINER VIEW `v_pegawai_v2` AS (select `t_pegawai`.`id_pegawai` AS `id_pegawai`,`t_pegawai`.`id_sts_pegawai` AS `id_sts_pegawai`,`t_pegawai`.`nama_pegawai` AS `nama_pegawai`,`t_pegawai`.`nip` AS `nip`,`t_pegawai`.`id_pangkat` AS `id_pangkat`,`t_pegawai`.`id_user` AS `id_user`,`t_pegawai`.`history_buat` AS `history_buat`,`t_pegawai`.`history_update` AS `history_update`,`t_pegawai`.`aktif` AS `aktif`,`t_pangkat`.`pangkat` AS `pangkat`,`t_pangkat`.`golongan` AS `golongan`,`v_mutasi`.`jabatan` AS `jabatan`,`v_mutasi`.`id_jabatan` AS `id_jabatan`,`v_mutasi`.`id_lokasi` AS `id_lokasi`,`v_mutasi`.`nama_lokasi` AS `nama_lokasi`,`v_mutasi`.`nama_homebase` AS `nama_homebase`,`t_sts_pegawai`.`status_pegawai` AS `status_pegawai` from (((`t_pegawai` left join `v_mutasi` on((`v_mutasi`.`id_pegawai` = `t_pegawai`.`id_pegawai`))) left join `t_pangkat` on((`t_pangkat`.`id_pangkat` = `t_pegawai`.`id_pangkat`))) left join `t_sts_pegawai` on((`t_sts_pegawai`.`id_sts_pegawai` = `t_pegawai`.`id_sts_pegawai`))) where (`v_mutasi`.`aktif` = 1)) */;

/*View structure for view v_sort_pegawai */

/*!50001 DROP TABLE IF EXISTS `v_sort_pegawai` */;
/*!50001 DROP VIEW IF EXISTS `v_sort_pegawai` */;

/*!50001 CREATE ALGORITHM=UNDEFINED DEFINER=`root`@`localhost` SQL SECURITY DEFINER VIEW `v_sort_pegawai` AS (select `t_pegawai`.`id_pegawai` AS `id_pegawai`,`t_pegawai`.`nama_pegawai` AS `nama_pegawai`,`t_pegawai`.`nip` AS `nip`,`t_sts_pegawai`.`status_pegawai` AS `status_pegawai`,`v_mutasi`.`id_jabatan` AS `id_jabatan`,`v_mutasi`.`jabatan` AS `jabatan`,`v_mutasi`.`nama_lokasi` AS `nama_lokasi`,`v_mutasi`.`id_homebase` AS `id_homebase`,`v_mutasi`.`nama_homebase` AS `nama_homebase`,`v_mutasi`.`id_lokasi` AS `id_lokasi`,`v_mutasi`.`id_mutasi` AS `id_mutasi`,`t_pegawai`.`id_sts_pegawai` AS `id_sts_pegawai`,`t_pangkat`.`golongan` AS `golongan`,`t_pangkat`.`pangkat` AS `pangkat`,`v_mutasi`.`aktif` AS `aktif`,ifnull((select `t_paraf`.`top_sort` from (`t_data_setting_paraf` left join `t_paraf` on((`t_paraf`.`id_paraf` = `t_data_setting_paraf`.`id_paraf`))) where ((`t_data_setting_paraf`.`id_lokasi` = `v_mutasi`.`id_lokasi`) and (`t_data_setting_paraf`.`id_pegawai` = `t_pegawai`.`id_pegawai`)) group by `t_data_setting_paraf`.`id_pegawai` order by `t_paraf`.`top_sort`),0) AS `kepalaupad` from (`v_mutasi` left join ((`t_pegawai` join `t_sts_pegawai`) join `t_pangkat`) on(((`t_pegawai`.`id_pegawai` = `v_mutasi`.`id_pegawai`) and (`t_sts_pegawai`.`id_sts_pegawai` = `t_pegawai`.`id_sts_pegawai`) and (`t_pangkat`.`id_pangkat` = `t_pegawai`.`id_pangkat`)))) order by ifnull((select `t_paraf`.`top_sort` from (`t_data_setting_paraf` left join `t_paraf` on((`t_paraf`.`id_paraf` = `t_data_setting_paraf`.`id_paraf`))) where ((`t_data_setting_paraf`.`id_lokasi` = `v_mutasi`.`id_lokasi`) and (`t_data_setting_paraf`.`id_pegawai` = `t_pegawai`.`id_pegawai`)) group by `t_data_setting_paraf`.`id_pegawai` order by `t_paraf`.`top_sort`),0) desc,`v_mutasi`.`id_jabatan`,`v_mutasi`.`id_homebase` desc,`t_pegawai`.`id_sts_pegawai`) */;

/*View structure for view v_sort_pegawai_backup */

/*!50001 DROP TABLE IF EXISTS `v_sort_pegawai_backup` */;
/*!50001 DROP VIEW IF EXISTS `v_sort_pegawai_backup` */;

/*!50001 CREATE ALGORITHM=UNDEFINED DEFINER=`root`@`localhost` SQL SECURITY DEFINER VIEW `v_sort_pegawai_backup` AS (select `t_pegawai`.`id_pegawai` AS `id_pegawai`,`t_pegawai`.`nama_pegawai` AS `nama_pegawai`,`t_pegawai`.`nip` AS `nip`,`t_sts_pegawai`.`status_pegawai` AS `status_pegawai`,`v_mutasi`.`id_jabatan` AS `id_jabatan`,`v_mutasi`.`jabatan` AS `jabatan`,`v_mutasi`.`nama_lokasi` AS `nama_lokasi`,`v_mutasi`.`id_homebase` AS `id_homebase`,`v_mutasi`.`nama_homebase` AS `nama_homebase`,`v_mutasi`.`id_lokasi` AS `id_lokasi`,`v_mutasi`.`id_mutasi` AS `id_mutasi`,`t_pegawai`.`id_sts_pegawai` AS `id_sts_pegawai`,`v_mutasi`.`aktif` AS `aktif`,ifnull((select `t_paraf`.`top_sort` from (`t_data_setting_paraf` left join `t_paraf` on((`t_paraf`.`id_paraf` = `t_data_setting_paraf`.`id_paraf`))) where ((`t_data_setting_paraf`.`id_lokasi` = `v_mutasi`.`id_lokasi`) and (`t_data_setting_paraf`.`id_pegawai` = `t_pegawai`.`id_pegawai`)) group by `t_data_setting_paraf`.`id_pegawai` order by `t_paraf`.`top_sort`),0) AS `kepalaupad` from (`v_mutasi` left join (`t_pegawai` join `t_sts_pegawai`) on(((`t_pegawai`.`id_pegawai` = `v_mutasi`.`id_pegawai`) and (`t_sts_pegawai`.`id_sts_pegawai` = `t_pegawai`.`id_sts_pegawai`)))) order by ifnull((select `t_paraf`.`top_sort` from (`t_data_setting_paraf` left join `t_paraf` on((`t_paraf`.`id_paraf` = `t_data_setting_paraf`.`id_paraf`))) where ((`t_data_setting_paraf`.`id_lokasi` = `v_mutasi`.`id_lokasi`) and (`t_data_setting_paraf`.`id_pegawai` = `t_pegawai`.`id_pegawai`)) group by `t_data_setting_paraf`.`id_pegawai` order by `t_paraf`.`top_sort`),0) desc,`v_mutasi`.`id_jabatan`,`v_mutasi`.`id_homebase` desc,`t_pegawai`.`id_sts_pegawai`) */;

/*View structure for view v_users */

/*!50001 DROP TABLE IF EXISTS `v_users` */;
/*!50001 DROP VIEW IF EXISTS `v_users` */;

/*!50001 CREATE ALGORITHM=UNDEFINED DEFINER=`root`@`localhost` SQL SECURITY DEFINER VIEW `v_users` AS (select `t_users`.`id_user` AS `id_user`,`t_users`.`username` AS `username`,`t_users`.`katakunci` AS `katakunci`,`t_users`.`sandi` AS `sandi`,`t_users`.`nama_user` AS `nama_user`,`t_users`.`id_lokasi` AS `id_lokasi`,`t_users`.`admin` AS `admin`,`t_users`.`pusat` AS `pusat`,`t_users`.`menuakses` AS `menuakses`,`t_users`.`aktif` AS `aktif`,`lokasi`.`lokasi` AS `lokasi` from (`t_users` left join `lokasi` on((`lokasi`.`id_lokasi` = convert(`t_users`.`id_lokasi` using utf8))))) */;

/*!40101 SET SQL_MODE=@OLD_SQL_MODE */;
/*!40014 SET FOREIGN_KEY_CHECKS=@OLD_FOREIGN_KEY_CHECKS */;
/*!40014 SET UNIQUE_CHECKS=@OLD_UNIQUE_CHECKS */;
/*!40111 SET SQL_NOTES=@OLD_SQL_NOTES */;
