/*
SQLyog Ultimate v11.33 (32 bit)
MySQL - 5.6.24 : Database - dbd2d
*********************************************************************
*/

/*!40101 SET NAMES utf8 */;

/*!40101 SET SQL_MODE=''*/;

/*!40014 SET @OLD_UNIQUE_CHECKS=@@UNIQUE_CHECKS, UNIQUE_CHECKS=0 */;
/*!40014 SET @OLD_FOREIGN_KEY_CHECKS=@@FOREIGN_KEY_CHECKS, FOREIGN_KEY_CHECKS=0 */;
/*!40101 SET @OLD_SQL_MODE=@@SQL_MODE, SQL_MODE='NO_AUTO_VALUE_ON_ZERO' */;
/*!40111 SET @OLD_SQL_NOTES=@@SQL_NOTES, SQL_NOTES=0 */;
CREATE DATABASE /*!32312 IF NOT EXISTS*/`dbd2d` /*!40100 DEFAULT CHARACTER SET latin1 */;

/*Table structure for table `lokasi` */

DROP TABLE IF EXISTS `lokasi`;

CREATE TABLE `lokasi` (
  `id_lokasi` varchar(20) NOT NULL,
  `id_induk` varchar(20) NOT NULL,
  `lokasi` varchar(50) NOT NULL,
  `nama_kota` varchar(50) NOT NULL,
  `alamat` text,
  `kota` varchar(30) DEFAULT NULL,
  `kdpos` varchar(10) DEFAULT NULL,
  `telp` text,
  `fax` varchar(15) DEFAULT NULL,
  `samsat` enum('pusat','besar','kecil','other') DEFAULT NULL,
  `kd_wil` varchar(15) DEFAULT NULL,
  `kabkot` enum('Kota','Kabupaten') DEFAULT NULL,
  `email` varchar(100) DEFAULT NULL,
  `d2d_pusat` tinyint(1) NOT NULL DEFAULT '0',
  `blokir` tinyint(1) DEFAULT '0',
  PRIMARY KEY (`id_lokasi`),
  KEY `ID_INDUK` (`id_induk`),
  KEY `3` (`samsat`),
  KEY `4` (`kd_wil`),
  KEY `5` (`kabkot`)
) ENGINE=InnoDB DEFAULT CHARSET=utf8;

/*Data for the table `lokasi` */

insert  into `lokasi`(`id_lokasi`,`id_induk`,`lokasi`,`nama_kota`,`alamat`,`kota`,`kdpos`,`telp`,`fax`,`samsat`,`kd_wil`,`kabkot`,`email`,`d2d_pusat`,`blokir`) values ('05','05','Kantor PUSAT','SEMARANG','Jln.Pemuda No. 1','Semarang','50113','024-899828','023-838888','pusat','SMG','Kota','pusat@gmail.com',0,0),('050','05','ATM BANK JATENG','SEMARANG','BP PUSAT Sub Bag Keuangan\r\nJl. Pemuda No. 1 Semarang','Semarang','','024 3515514','024 3517227','kecil',NULL,NULL,NULL,0,NULL),('0500','05','ATM BANK BRI','SEMARANG','Jl. Pemuda No. 1','Semarang','50142','024-3515514','024-3587227','kecil',NULL,NULL,NULL,0,NULL),('0501','0501','UP3AD Kota Semarang I','UP3AD Kota Semarang I','Jl. Brigjen Sudiarto 428','Semarang','0','024-6712916','024-6715449','pusat','SMG','Kota','up3ad.smg1@gmail.com',1,0),('050101','0501','Samsat Khusus DPMall','UP3AD Kota Semarang I','','Semarang','0','','','kecil','',NULL,'',0,0),('050102','0501','SAMKEL Kota Semarang I','UP3AD Kota Semarang I','','Semarang','0','','','kecil','',NULL,'',0,0),('050103','0501','DRIVE THRU Lotte Mart','UP3AD Kota Semarang I','','Semarang','0','','','kecil','',NULL,'',0,0),('0502','0502','UP3AD Kota Semarang II','UP3AD Kota Semarang II','Jl.Setiabudi No. 110, Srondol ','Semarang','50269','024-7475810','024-7478858','pusat','SMG','Kota','up3ad.smg2@gmail.com',1,0),('050201','0502','SAMKEL Kota Semarang II','UP3AD Kota Semarang II','','Semarang','0','','','kecil','',NULL,'',0,0),('0503','0503','UP3AD Kota Semarang III','UP3AD Kota Semarang III','Jl. Hanoman No. 2','Semarang','50146','024-7601476','024-7601476','pusat','SMG','Kota','up3ad.smg.III@gmail.com',1,0),('050301','0503','SAMSAT Khusus Bank Jateng','UP3AD Kota Semarang III','','Semarang','0','','','kecil','',NULL,'',0,0),('050302','0503','SAMSAT Jateng Fair','UP3AD Kota Semarang III','Arena PRPP','Semarang','0','','','kecil',NULL,NULL,'',0,0),('0504','0504','UP3AD Kota Salatiga','UP3AD Kota Salatiga','Jl. Brigjen Sudiarto No.2','Salatiga','0','0298-327015','0298-327015','pusat','SMG','Kota','up3ad.kota.sltg@gmail.com',0,0),('0505','0505','UP3AD Kabupaten Semarang','UP3AD Kabupaten Semarang','Jl. MT Haryono Sidomulyo Ungaran Timur','Ungaran','50511','+6224-76910391,','+6224-76910392','pusat','SMG','Kota','kabsemarangup3ad@gmail.com',0,0),('050501','0505','SAMKEL UP3AD Kab. Semarang','UP3AD Kabupaten Semarang','','Ungaran','0','','','kecil','',NULL,'',0,0),('050502','0505','Samsat Cepat Klepu','UP3AD Kabupaten Semarang','Klepu','Kab Semarang','','','','kecil',NULL,NULL,NULL,0,NULL),('0506','0506','UP3AD Kabupaten Kendal','UP3AD Kabupaten Kendal','Jl. Soekarno Hatta No. 101','Kendal','51314','0294-381209','0294-381209','pusat','SMG','Kabupaten','up3ad.kab.kendal@gmail.com',0,0),('050601','0506','SAMKEL Kab. Kendal','UP3AD Kabupaten Kendal','','','0','','','kecil',NULL,NULL,'',0,0),('0507','0507','UP3AD Kabupaten Demak','UP3AD Kabupaten Demak','Jl. Sultan Trenggono Katonsari ','Demak','0','0291-686075','0291-686075','pusat','SMG','Kabupaten','up3ad.demak@gmail.com',0,0),('050701','0507','SAMKEL Kab. Demak','UP3AD Kabupaten Demak','','','0','','','kecil',NULL,NULL,'',0,0),('0508','0508','UP3AD Kabupaten Grobogan','UP3AD Kabupaten Grobogan','Jl.P. Diponegoro No. 1','Purwodadi','58111','0292-421303','0292-421303','pusat','PT','Kota','up3adkabgrobogan@gmail.com',0,0),('050801','0508','SAMKEL Kab. Grobogan','UP3AD Kabupaten Grobogan','','','0','','','kecil',NULL,NULL,'',0,0),('050802','0508','SAMSAT PATEN WIROSARI','UP3AD Kabupaten Grobogan','PURWODADI','GROBOGAN','','','','kecil',NULL,NULL,NULL,0,NULL),('0509','0509','UP3AD Kota Surakarta','UP3AD Kota Surakarta','Jalan Prof. DR. Soeharso Nomor 17 Jajar Laweyan','Surakarta','57144','0271 714919,0271 718007,','0271 714919','pusat','SKA','Kota','up3adsurakarta@gmail.com',0,0),('050901','0509','SAMKEL UP3AD Kota Surakarta','UP3AD Kota Surakarta','','Surakarta','0','','','kecil','',NULL,'',0,0),('050902','0509','DRIVE THRU Surakarta','UP3AD Kota Surakarta','','Surakarta','0','','','kecil','',NULL,'',0,0),('050903','0509','Asrama Haji Donohudan','UP3AD Kota Surakarta','','Surakarta','0','','','other',NULL,NULL,'',0,0),('0510','0510','UP3AD Kabupaten Sukoharjo','UP3AD Kabupaten Sukoharjo','Jl. Jaksa Agung R. Suprapto No.9 ','Sukoharjo','0','0271-593145','0271-593145','pusat','SKA','Kabupaten','up3ad.kab.sukoharjo@gmail.com',0,0),('051001','0510','Samkel Kab. Sukoharjo','UP3AD Kabupaten Sukoharjo','','','','','','kecil',NULL,NULL,NULL,0,NULL),('0511','0511','UP3AD Kabupaten Klaten','UP3AD Kabupaten Klaten','','Delanggu','0','','','pusat','SKA','Kabupaten','up3ad.kab.klt.dlg@gmail.com',0,0),('051101','0511','Samsat Pembantu Prambanan','UP3AD Kabupaten Klaten','Jl. Manisrenggo No. 1\r\nDsn. Tlogo Ds. Tlogo, Kec. Prambanan','Prambanan','0','(0274) 496943','(0274) 496943','besar','',NULL,'',0,0),('051102','0511','Samsat Pembantu Delanggu','UP3AD Kabupaten Klaten','','Delanggu','0','','','besar','',NULL,'up3ad.kab.klt.dlg@gmail.com',0,0),('051103','0511','Samsat Keliling Klaten','UP3AD Kabupaten Klaten','','','','','','kecil',NULL,NULL,NULL,0,NULL),('0512','0512','UP3AD Kabupaten Boyolali','UP3AD Kabupaten Boyolali','JL Raya Boyolali-Solo Km. 2  ','Boyolali','0','0276-321412','0276-321412','pusat','SKA','Kabupaten','up3ad_kab_byl@yahoo.co.id',0,0),('051201','0512','SAMKEL UP3AD Kab. Boyolali','UP3AD Kabupaten Boyolali','','Boyolali','0','','','kecil','',NULL,'',0,0),('0513','0513','UP3AD Kabupaten Sragen','UP3AD Kabupaten Sragen','JL.Raya Barat SukowatiI Km. 02 No.17 ','Sragen','0','0271-891260','0271-891260','pusat','SKA','Kabupaten','up3ad.kab.sragen@gmail.com',0,0),('051301','0513','SAMKEL Kab. Sragen','UP3AD Kabupaten Sragen','','','0','','','kecil',NULL,NULL,'',0,0),('051302','0513','SAMSAT PATEN TANON','UP3AD Kabupaten Sragen','','SRAGEN','','','','kecil',NULL,NULL,NULL,0,NULL),('0514','0514','UP3AD Kabupaten Karanganyar','UP3AD Kabupaten Karanganyar','Jl. Lawu No. 389','Karanganyar','0','0271-495121','0271-495121','pusat','SKA','Kabupaten','upppadkabkra@yahoo.co.id',0,0),('051401','0514','SAMKEL Kab. Karanganyar','UP3AD Kabupaten Karanganyar','','','0','','','kecil',NULL,NULL,'',0,0),('0515','0515','UP3AD Kabupaten Wonogiri','UP3AD Kabupaten Wonogiri','Jl. RM. Said','Wonogiri','0','0273-321815','0273-321815','pusat','SKA','Kabupaten','samsat.wng@gmail.com',0,0),('051501','0515','Samsat Pembantu Purwantoro','UP3AD Kabupaten Wonogiri','','Purwantoro','0','','','besar','',NULL,'',0,0),('051502','0515','Samsat Pembantu Baturetno','UP3AD Kabupaten Wonogiri','','Baturetno','0','','','besar','',NULL,'',0,0),('051503','0515','SAMSAT PATEN EROMOKO','UP3AD Kabupaten Wonogiri','','WONOGIRI','','','','kecil',NULL,NULL,NULL,0,NULL),('0516','0516','UP3AD Kabupaten Pati','UP3AD Kabupaten Pati','Jl.Panglima Sudirman No.52 ','Pati','59113','0295-381863','0295-381863','pusat','PT','Kabupaten','up3ad.kab.pati@gmail.com',0,0),('051601','0516','SAMKEL UP3AD Kab. Pati','UP3AD Kabupaten Pati','','Pati','0','','','kecil','',NULL,'',0,0),('051602','0516','SAMSAT Cepat UP3AD Kab. Pati','UP3AD Kabupaten Pati','','Pati','0','','','kecil',NULL,NULL,'',0,0),('0517','0517','UP3AD Kabupaten Kudus','UP3AD Kabupaten Kudus','Jl. Mejobo No. 63','Kudus','59319','0291-438412','0291-438412','pusat','PT','Kabupaten','up3ad.Kab.kudus@gmail.com',0,0),('0518','0518','UP3AD Kabupaten Jepara','UP3AD Kabupaten Jepara','JL. MT. Haryono No. 2 ','Jepara','59418','0291-591402','0291-591402','pusat','PT','Kabupaten','up3ad.kab.jepara@gmail.com',0,0),('051801','0518','SAMSAT Khusus Karimunjawa','UP3AD Kabupaten Jepara','','Karimunjawa','0','','','kecil','',NULL,'',0,0),('051802','0518','SAMKEL Kab. Jepara','UP3AD Kabupaten Jepara','','','0','','','kecil',NULL,NULL,'',0,0),('051803','0518','SAMSAT PATEN MAYONG','UP3AD Kabupaten Jepara','JEPARA','JEPARA','','','','kecil',NULL,NULL,NULL,0,NULL),('0519','0519','UP3AD Kabupaten Rembang','UP3AD Kabupaten Rembang','Jl.Pemuda 90 ','Rembang','59218','0295-691319','0295-691319','pusat','PT','Kabupaten','up3adrembang@gmail.com',0,0),('051901','0519','SAMKEL Kab. Rembang','UP3AD Kabupaten Rembang','','','0','','','kecil',NULL,NULL,'',0,0),('051902','0519','SAMSAT PATEN REMBANG','UP3AD Kabupaten Rembang','','REMBANG','','','','kecil',NULL,NULL,NULL,0,NULL),('0520','0520','UP3AD Kabupaten Blora','UP3AD Kabupaten Blora','Jl Jendral Sudirman No. 108','Blora','58216','0296-531261','0296-531261','pusat','PT','Kabupaten','up3ad.kabblora@gmail.com',0,0),('052001','0520','SAMSAT Pembantu Cepu','UP3AD Kabupaten Blora','JL Pemuda 86','Cepu','0','0296-425305','0296-425305','besar','',NULL,'up3ad.cepu@gmail.com',0,0),('052002','0520','Samsat Keliling Blora','UP3AD Kabupaten Blora','','','','','','kecil',NULL,NULL,NULL,0,0),('052003','0520','SAMSAT PATEN KUNDURAN','UP3AD Kabupaten Blora','','BLORA','','','','kecil',NULL,NULL,NULL,0,NULL),('0521','0521','UP3AD Kota Pekalongan','UP3AD Kota Pekalongan','Jl. Gajahmada Barat No. 25 Tirto','Pekalongan','51119','0285-424337','0285-424337','pusat','PKL','Kota','up3adktpekalongan@gmail.com',0,0),('052101','0521','DRIVE THRU Pekalongan','UP3AD Kota Pekalongan','','Pekalongan','0','','','kecil',NULL,NULL,'',0,0),('0522','0522','UP3AD Kabupaten Pekalongan','UP3AD Kabupaten Pekalongan','Jl. Raya Kajen-Karanganyar Km 2','Kajen','51182','0285-381677','0285-381677','pusat','PKL','Kota','up3ad_kab_pekalongan@yahoo.co.id',0,0),('052201','0522','SAMKEL Kabupaten Pekalongan','UP3AD Kabupaten Pekalongan','UP3AD Kabupaten Pekalongan','Kajen','','','','kecil',NULL,NULL,NULL,0,0),('0523','0523','UP3AD Kabupaten Batang','UP3AD Kabupaten Batang','JL.Urip Sumohardjo No. 15','Batang','51212','0285-391275','0285-391275','pusat','PKL','Kabupaten','up3ad.kab.batang@gmail.com',0,0),('052301','0523','SAMKEL Kab. Batang','UP3AD Kabupaten Batang','','','0','','','kecil',NULL,NULL,'',0,0),('0524','0524','UP3AD Kabupaten Pemalang','UP3AD Kabupaten Pemalang','Jl. Pemuda No. 49','Pemalang','0','0284-321137','0284-321137','pusat','PKL','Kabupaten','samsat.kab.pml@gmail.com',0,0),('052401','0524','SAMKEL UP3AD Kab. Pemalang','UP3AD Kabupaten Pemalang','','Pemalang','0','','','kecil','',NULL,'',0,0),('0525','0525','UP3AD Kota Tegal','UP3AD Kota Tegal','JL. Kapten Sudibyo No. 152','Tegal','52123','0283-353015','0283-353015','pusat','PKL','Kota','up3ad_kotategal@yahoo.co.id',0,0),('0526','0526','UP3AD Kabupaten Tegal','UP3AD Kabupaten Tegal','JL.Cut Nyak Dien Kalisapu','Slawi','5216','0283-6197719','0283-6197719','pusat','PKL','Kota','up3adslawi@gmail.com',0,0),('0527','0527','UP3AD Kabupaten Brebes','UP3AD Kabupaten Brebes','Jl.Gajahmada No.60 ','Brebes','0','0283-671622','0283-671621','pusat','PKL','Kabupaten','up3ad.kab.brebes@gmail.com',0,0),('052701','0527','Samsat Pembantu Bumiayu','UP3AD Kabupaten Brebes','jl.raya pagojengan km2.bumiayu kab.brebes jawa tengah','Bumiayu','52276','0289430104','0289430104','besar','',NULL,'up3ad.brebes.bma@mail.com',0,0),('052702','0527','Samsat Pembantu Tanjung','UP3AD Kabupaten Brebes','Jl. CENDRAWASIH NO.225 TANJUNG BREBES','Tanjung','52154','0283877403','0283877403','besar','',NULL,'',0,0),('052703','0527','SAMSAT PATEN LARANGAN','UP3AD Kabupaten Brebes','JL. RAYA LARANGAN NO 15 KEC. LARANGAN','BREBES','','','','kecil',NULL,NULL,NULL,0,NULL),('0528','0528','UP3AD Kabupaten Banyumas','UP3AD Kabupaten Banyumas','Jl. Prof. Moch. Yamin No. 7','Purwokerto','53142','0281637801','0281631531','pusat','BMS','Kota','bms@gmail.com',0,0),('052801','0528','Samsat Pembantu Wangon','UP3AD Kabupaten Banyumas','','Wangon','0','','','besar','',NULL,'',0,0),('052802','0528','SAMKEL UP3AD Kab. Banyumas (MOBIL)','UP3AD Kabupaten Banyumas','','Purwokerto','0','','','kecil','',NULL,'',0,0),('052803','0528','DRIVE THRU Purwokerto','UP3AD Kabupaten Banyumas','Halaman Gd. BAKORWIL','Purwokerto','0','','','kecil',NULL,NULL,'',0,0),('052804','0528','SAMKEL UP3AD Kab. Banyumas (BUS)','UP3AD Kabupaten Banyumas','','','','','','kecil',NULL,NULL,NULL,0,NULL),('052805','0528','SAMSAT PATEN SOKARAJA','UP3AD Kabupaten Banyumas','PURWOKERTO','BANYUMAS','','','','kecil',NULL,NULL,NULL,0,NULL),('0529','0529','UP3AD Kabupaten Cilacap','UP3AD Kabupaten Cilacap','Jl Kauman No. 11 ','Cilacap','53214','0282-535908','0282-535908','pusat','BMS','Kota','up3ad.kab.cilacap@gmail.com',0,0),('052901','0529','Samsat Pembantu Majenang','UP3AD Kabupaten Cilacap','','Majenang','0','','','besar','',NULL,'',0,0),('052902','0529','SAMKEL Kab. Cilacap','UP3AD Kabupaten Cilacap','','','0','','','kecil',NULL,NULL,'',0,0),('0530','0530','UP3AD Kabupaten Purbalingga','UP3AD Kabupaten Purbalingga','Jl Mayjend Sungkono km.2 Purbalingga','Purbalingga','53371','0281-891277','0281-892765','pusat','BMS','Kota','up3adkabpbg@gmail.com',0,0),('053001','0530','SAMKEL Kab. Purbalingga','UP3AD Kabupaten Purbalingga','','PURBALINGGA','0','','','kecil',NULL,NULL,'',0,0),('053002','0530','SAMSAT PATEN BUKATEJA','UP3AD Kabupaten Purbalingga','','PURBALINGGA','','','','kecil',NULL,NULL,NULL,0,NULL),('0531','0531','UP3AD Kabupaten Banjarnegara','UP3AD Kabupaten Banjarnegara','JL. Letjen S. Parman No. 143','Banjarnegara','53412','0286-591284','0286-591284','pusat','BMS','Kabupaten','up3ad.kab.bna@gmail.com',0,0),('053101','0531','SAMKEL UP3AD Kab. Banjarnegara','UP3AD Kabupaten Banjarnegara','','Banjarnegara','0','','','kecil',NULL,NULL,'',0,0),('0532','0532','UP3AD Kota Magelang','UP3AD Kota Magelang','JL JENDRAL SUDIRMAN NO. 52 MAGELANG  ','Magelang','56126','0293 362493','0293 313279','pusat','MGL','Kota','samsat.kota.mgl@gmail.com',0,0),('053201','0532','DRIVE THRU Magelang','UP3AD Kota Magelang','Halaman Kantor Satlantas Kota Magelang','Magelang','0','','','kecil',NULL,NULL,'',0,0),('0533','0533','UP3AD Kabupaten Magelang','UP3AD Kabupaten Magelang','Jl.Soekarno - Hatta Mungkid','Magelang','56511','0293-788405','0293-788405','pusat','MGL','Kota','up3ad_mungkid@yahoo.com',0,0),('053301','0533','SAMKEL UP3AD Kab. Magelang','UP3AD Kabupaten Magelang','','','0','','','kecil','',NULL,'',0,0),('0534','0534','UP3AD Kabupaten Purworejo','UP3AD Kabupaten Purworejo','jl. jend. sudirman no 17 purworejo','Purworejo','0','0274321466','','pusat','MGL','Kabupaten','up3adpwr@gmail.com',0,0),('053401','0534','Samsat Pembantu Bagelen','UP3AD Kabupaten Purworejo','','Purworejo','54174','0275756306','','besar','',NULL,'up3ad.kab.pwrj.bgl@gmail.com',0,0),('053402','0534','SAMKEL Kab. Purworejo','UP3AD Kabupaten Purworejo','','','0','','','kecil',NULL,NULL,'',0,0),('053403','0534','SAMSAT PATEN Kutoarjo','UP3AD Kabupaten Purworejo','kecamatan Kutoarjo','Purworejo','','','','kecil',NULL,NULL,NULL,0,NULL),('0535','0535','UP3AD Kabupaten Kebumen','UP3AD Kabupaten Kebumen','JL Tentara Pelajar No. 54','Kebumen','54312','0287381490','0287381490','pusat','MGL','Kota','up3adkebumen@yahoo.co.id',0,0),('053501','0535','SAMSAT Cepat Gombong','UP3AD Kabupaten Kebumen','Komplek Bapelkes Gombong\r\nJl. Wilis No. 1','Gombong','0','','','kecil',NULL,NULL,'',0,0),('053502','0535','Samsat Keliling Kebumen','UP3AD Kabupaten Kebumen','','','','','','kecil',NULL,NULL,NULL,0,NULL),('0536','0536','UP3AD Kabupaten Temanggung','UP3AD Kabupaten Temanggung','Jl. Suwandi Suwardi Temanggung','Temanggung','56229','0293491653','0293491653','pusat','MGL','Kota','up3adkabtemanggung@gmail.com',0,0),('053601','0536','SAMKEL Kab. Temanggung','UP3AD Kabupaten Temanggung','','','0','','','kecil',NULL,NULL,'',0,0),('0537','0537','UP3AD Kabupaten Wonosobo','UP3AD Kabupaten Wonosobo','JL. ANGKATAN 45 NO. 1 WONOSOBO','Wonosobo','56311','0286 321264','0286 321264','pusat','MGL','Kota','up3ad.kab.wsb@gmail.com',0,0),('053701','0537','SAMKEL Kab. Wonosobo','UP3AD Kabupaten Wonosobo','','','0','','','kecil',NULL,NULL,'',0,0);

/*Table structure for table `t_bulan` */

DROP TABLE IF EXISTS `t_bulan`;

CREATE TABLE `t_bulan` (
  `id_bulan` char(15) NOT NULL,
  `id_triwulan` char(15) NOT NULL,
  `char_bulan` char(5) NOT NULL,
  `bulan` char(25) NOT NULL,
  `urutan` smallint(3) NOT NULL,
  `aktif` tinyint(1) NOT NULL DEFAULT '1',
  PRIMARY KEY (`id_bulan`),
  KEY `id_triwulan` (`id_triwulan`),
  KEY `id_bulan` (`id_bulan`,`id_triwulan`),
  CONSTRAINT `t_bulan_ibfk_1` FOREIGN KEY (`id_triwulan`) REFERENCES `t_triwulan` (`id_triwulan`) ON DELETE CASCADE ON UPDATE CASCADE
) ENGINE=InnoDB DEFAULT CHARSET=latin1;

/*Data for the table `t_bulan` */

insert  into `t_bulan`(`id_bulan`,`id_triwulan`,`char_bulan`,`bulan`,`urutan`,`aktif`) values ('1','01','01','Januari',1,1),('10','04','10','Oktober',10,1),('11','04','11','November',11,1),('12','04','12','Desember',12,1),('2','01','02','Februari',2,1),('3','01','03','Maret',3,1),('4','02','04','April',4,1),('5','02','05','Mei',5,1),('6','02','06','Juni',6,1),('7','03','07','Juli',7,1),('8','03','08','Agustus',8,1),('9','03','09','September',9,1);

/*Table structure for table `t_dasar_transaksi_pbbkb` */

DROP TABLE IF EXISTS `t_dasar_transaksi_pbbkb`;

CREATE TABLE `t_dasar_transaksi_pbbkb` (
  `id_dasar_trx_pbbkb` char(5) NOT NULL,
  `dasar_trx_pbbkb` char(25) NOT NULL,
  PRIMARY KEY (`id_dasar_trx_pbbkb`)
) ENGINE=InnoDB DEFAULT CHARSET=latin1;

/*Data for the table `t_dasar_transaksi_pbbkb` */

insert  into `t_dasar_transaksi_pbbkb`(`id_dasar_trx_pbbkb`,`dasar_trx_pbbkb`) values ('D0','DO'),('P3','Penjualan');

/*Table structure for table `t_data_setting_paraf` */

DROP TABLE IF EXISTS `t_data_setting_paraf`;

CREATE TABLE `t_data_setting_paraf` (
  `id_data_setting_paraf` char(15) NOT NULL,
  `id_paraf` char(15) NOT NULL,
  `id_pegawai` char(15) NOT NULL,
  `id_lokasi` char(15) NOT NULL,
  PRIMARY KEY (`id_data_setting_paraf`),
  KEY `id_paraf` (`id_paraf`),
  KEY `id_pegawai` (`id_pegawai`),
  CONSTRAINT `t_data_setting_paraf_ibfk_1` FOREIGN KEY (`id_paraf`) REFERENCES `t_paraf` (`id_paraf`) ON DELETE CASCADE ON UPDATE CASCADE,
  CONSTRAINT `t_data_setting_paraf_ibfk_2` FOREIGN KEY (`id_pegawai`) REFERENCES `t_pegawai` (`id_pegawai`) ON DELETE CASCADE ON UPDATE CASCADE
) ENGINE=InnoDB DEFAULT CHARSET=latin1;

/*Data for the table `t_data_setting_paraf` */

insert  into `t_data_setting_paraf`(`id_data_setting_paraf`,`id_paraf`,`id_pegawai`,`id_lokasi`) values ('14593261931','01rd2d','1459231622','0505'),('14593261932','02rd2d','1459138253','0505'),('14593288171','01rd2d','1459312248','0504'),('14593288172','02rd2d','1459312959','0504'),('14593339841','01rd2d','1459333221','0528'),('14593339842','02rd2d','1459333959','0528'),('14593398091','01rd2d','1459144010','0536'),('14593398092','02rd2d','1459143920','0536'),('14593410701','01rd2d','1459243212','0518'),('14593410702','02rd2d','1459243553','0518'),('14593441901','01rd2d','1459217365','0511'),('14593441902','02rd2d','1459217512','0511'),('14593511341','01rd2d','1459311275','0502'),('14593511342','02rd2d','1459311627','0502'),('14593832261','01rd2d','1459135671','0513'),('14593832262','02rd2d','1459135533','0513'),('14593842321','01rd2d','1459150412','0537'),('14593842322','02rd2d','1459149902','0537'),('14593860601','01rd2d','1459384859','0533'),('14593860602','02rd2d','1459385512','0533'),('14593925021','01rd2d','1459389120','0532'),('14593925022','02rd2d','1459389358','0532'),('14594005761','01rd2d','1459319307','0501'),('14594005762','02rd2d','1459238744','0501'),('14594187721','01rd2d','1459296932','0512'),('14594187722','02rd2d','1459297035','0512'),('14594870371','01rd2d','1459317268','0507'),('14594870372','02rd2d','1459318060','0507'),('14597335361','01rd2d','1459733402','0519'),('14597335362','02rd2d','1459733240','0519'),('14597434261','01rd2d','1459734432','0522'),('14597434262','02rd2d','1459734703','0522'),('14597522731','01rd2d','1459230446','0510'),('14597522732','02rd2d','1459152615','0510'),('14598227781','01rd2d','1459152778','0514'),('14598227782','02rd2d','1459154282','0514'),('14600771411','01rd2d','1459732004','0506'),('14600771412','02rd2d','1459732791','0506'),('14600826431','01rd2d','1459220203','0521'),('14600826432','02rd2d','1459220425','0521'),('14603362651','01rd2d','1459218961','0535'),('14603362652','02rd2d','1459219082','0535'),('14603484151','01rd2d','1459215749','0531'),('14603484152','02rd2d','1459216594','0531'),('14604320701','01rd2d','1459211954','0523'),('14604320702','02rd2d','1459212842','0523'),('14605269591','01rd2d','1459741869','0516'),('14605269592','02rd2d','1459742357','0516'),('14605313661','01rd2d','1459731448','0508'),('14605313662','02rd2d','1459731939','0508'),('14605363001','01rd2d','1459749518','0527'),('14605363002','02rd2d','1459749903','0527'),('14605376511','01rd2d','1459220482','0534'),('14605376512','02rd2d','1459225447','0534'),('14605439171','01rd2d','1459233773','0529'),('14605439172','02rd2d','1459234112','0529'),('14605947071','01rd2d','1459314714','0524'),('14605947072','02rd2d','1459314969','0524'),('14605978521','01rd2d','1459325283','0530'),('14605978522','02rd2d','1459325508','0530'),('14609515451','01rd2d','1459295710','0517'),('14609515452','02rd2d','1459295809','0517'),('14609563231','01rd2d','1459225379','0520'),('14609563232','02rd2d','1459311414','0520'),('14609563461','01rd2d','1459733979','0515'),('14609563462','02rd2d','1459734169','0515'),('14609563701','01rd2d','1459324211','0526'),('14609563702','02rd2d','1459324200','0526'),('14610388181','01rd2d','1461026569','0503'),('14610388182','02rd2d','1461026258','0503'),('14616424171','01rd2d','1459750767','0509'),('14616424172','02rd2d','1459750886','0509');

/*Table structure for table `t_item_pbbkb` */

DROP TABLE IF EXISTS `t_item_pbbkb`;

CREATE TABLE `t_item_pbbkb` (
  `id_item_pbbkb` char(15) NOT NULL,
  `item_pbbkb` char(50) NOT NULL,
  `aktif` tinyint(1) NOT NULL DEFAULT '1',
  `create_by` char(15) NOT NULL,
  `last_update` datetime NOT NULL,
  PRIMARY KEY (`id_item_pbbkb`),
  KEY `item_pbbkb` (`item_pbbkb`)
) ENGINE=InnoDB DEFAULT CHARSET=latin1;

/*Data for the table `t_item_pbbkb` */

insert  into `t_item_pbbkb`(`id_item_pbbkb`,`item_pbbkb`,`aktif`,`create_by`,`last_update`) values ('1462583952','Premium',1,'1458608926','2016-05-07 08:19:12'),('1462585185','Pertalite',1,'1458608926','2016-05-07 08:39:45'),('1462585261','Bio Solar',1,'1458608926','2016-05-07 08:41:01'),('1462585266','Pertamax',1,'1458608926','2016-05-07 08:41:06'),('1462585276','Pertamax +',1,'1458608926','2016-05-07 15:41:40'),('1462585282','Pertamina Dex',1,'1458608926','2016-05-07 08:41:22'),('1462585290','Bahan Bakar Gas',1,'1458608926','2016-05-07 08:41:30'),('1462611704','Solar',1,'1458608926','2016-05-07 16:01:44');

/*Table structure for table `t_jabatan` */

DROP TABLE IF EXISTS `t_jabatan`;

CREATE TABLE `t_jabatan` (
  `id_jabatan` char(5) NOT NULL,
  `jabatan` char(25) NOT NULL,
  `non_asn` tinyint(1) NOT NULL DEFAULT '0',
  `aktif` tinyint(1) NOT NULL DEFAULT '1',
  PRIMARY KEY (`id_jabatan`)
) ENGINE=InnoDB DEFAULT CHARSET=latin1;

/*Data for the table `t_jabatan` */

insert  into `t_jabatan`(`id_jabatan`,`jabatan`,`non_asn`,`aktif`) values ('e1','Eselon I',0,1),('e2','Eselon II',0,1),('e3','Eselon III',0,1),('e4','Eselon IV',0,1),('s','Staff',0,1),('sd3','SMA / D3',1,1),('srjn','S1 / S2 / S3',1,1);

/*Table structure for table `t_jenis_mutasi` */

DROP TABLE IF EXISTS `t_jenis_mutasi`;

CREATE TABLE `t_jenis_mutasi` (
  `id_jenis_mutasi` char(6) NOT NULL,
  `jenis_mutasi` char(50) NOT NULL,
  `aktif` tinyint(1) NOT NULL DEFAULT '1',
  PRIMARY KEY (`id_jenis_mutasi`)
) ENGINE=InnoDB DEFAULT CHARSET=latin1;

/*Data for the table `t_jenis_mutasi` */

insert  into `t_jenis_mutasi`(`id_jenis_mutasi`,`jenis_mutasi`,`aktif`) values ('333333','UP3AD / KANTOR PUSAT',1),('555555','SKPD LAINNYA',1),('999999','PURNA TUGAS',1);

/*Table structure for table `t_kecamatan` */

DROP TABLE IF EXISTS `t_kecamatan`;

CREATE TABLE `t_kecamatan` (
  `id_kecamatan` char(15) NOT NULL,
  `id_lokasi` char(15) NOT NULL,
  `kecamatan` char(50) NOT NULL,
  `aktif` tinyint(1) NOT NULL DEFAULT '1',
  `create_by` char(15) NOT NULL,
  `last_update` datetime NOT NULL,
  PRIMARY KEY (`id_kecamatan`),
  KEY `kecamatan` (`kecamatan`),
  KEY `id_lokasi` (`id_lokasi`)
) ENGINE=InnoDB DEFAULT CHARSET=latin1;

/*Data for the table `t_kecamatan` */

insert  into `t_kecamatan`(`id_kecamatan`,`id_lokasi`,`kecamatan`,`aktif`,`create_by`,`last_update`) values ('1462669008','0501','Genuk',1,'1458608926','2016-05-08 07:56:48'),('1462669025','0503','Mangkang',1,'1458608926','2016-05-08 08:07:45'),('1462673620','0501','Kebonharjo',1,'1458608926','2016-05-08 09:13:40');

/*Table structure for table `t_list_trx_pbbkb` */

DROP TABLE IF EXISTS `t_list_trx_pbbkb`;

CREATE TABLE `t_list_trx_pbbkb` (
  `id_list_trx_pbbkb` char(15) NOT NULL,
  `id_transaksi_pbbkb` char(15) NOT NULL,
  `id_item_pbbkb` char(15) NOT NULL,
  `jumlah` int(11) NOT NULL DEFAULT '0',
  PRIMARY KEY (`id_list_trx_pbbkb`),
  KEY `id_transaksi_pbbkb` (`id_transaksi_pbbkb`),
  KEY `id_item_pbbkb` (`id_item_pbbkb`),
  CONSTRAINT `t_list_trx_pbbkb_ibfk_1` FOREIGN KEY (`id_transaksi_pbbkb`) REFERENCES `t_transaksi_pbbkb` (`id_transaksi_pbbkb`) ON DELETE CASCADE ON UPDATE CASCADE,
  CONSTRAINT `t_list_trx_pbbkb_ibfk_2` FOREIGN KEY (`id_item_pbbkb`) REFERENCES `t_item_pbbkb` (`id_item_pbbkb`) ON DELETE CASCADE ON UPDATE CASCADE
) ENGINE=InnoDB DEFAULT CHARSET=latin1;

/*Data for the table `t_list_trx_pbbkb` */

/*Table structure for table `t_master_aplikasi` */

DROP TABLE IF EXISTS `t_master_aplikasi`;

CREATE TABLE `t_master_aplikasi` (
  `id_master` char(5) NOT NULL,
  `site` char(100) NOT NULL,
  `site_singkat` char(25) NOT NULL,
  `nama_perusahaan` varchar(100) NOT NULL,
  `alamat_perusahaan` text NOT NULL,
  `kota` char(50) NOT NULL,
  `no_telp` char(50) NOT NULL,
  `nama_pemilik` varchar(100) NOT NULL,
  `slogan` varchar(100) DEFAULT NULL,
  `logo` varchar(100) DEFAULT NULL,
  `aktif` tinyint(1) NOT NULL DEFAULT '0',
  PRIMARY KEY (`id_master`)
) ENGINE=InnoDB DEFAULT CHARSET=latin1;

/*Data for the table `t_master_aplikasi` */

insert  into `t_master_aplikasi`(`id_master`,`site`,`site_singkat`,`nama_perusahaan`,`alamat_perusahaan`,`kota`,`no_telp`,`nama_pemilik`,`slogan`,`logo`,`aktif`) values ('1','Aplikasi Pembukuan dan Pelaporan Dinas PPAD Provinsi Jawa Tengah','APP DPPAD JATENG','KLINIK KECANTIKAN','Jl.','BREBES','024','Dr.','None',NULL,1);

/*Table structure for table `t_menu_akses` */

DROP TABLE IF EXISTS `t_menu_akses`;

CREATE TABLE `t_menu_akses` (
  `id_menu_akses` char(5) NOT NULL,
  `id_parent` char(5) NOT NULL,
  `sub` tinyint(1) NOT NULL DEFAULT '0',
  `menu` char(50) NOT NULL,
  `module` char(100) DEFAULT NULL,
  `dipilih` tinyint(1) NOT NULL DEFAULT '1',
  `ikon` char(50) DEFAULT NULL,
  `aktif` tinyint(1) NOT NULL DEFAULT '1',
  `pusat` tinyint(1) NOT NULL DEFAULT '0',
  `daerah` tinyint(1) NOT NULL DEFAULT '0',
  PRIMARY KEY (`id_menu_akses`)
) ENGINE=InnoDB DEFAULT CHARSET=latin1;

/*Data for the table `t_menu_akses` */

insert  into `t_menu_akses`(`id_menu_akses`,`id_parent`,`sub`,`menu`,`module`,`dipilih`,`ikon`,`aktif`,`pusat`,`daerah`) values ('1','0',0,'Home','',0,'fa fa-home',1,0,0),('2','0',1,'Pengaturan',NULL,1,'fa fa-wrench',1,1,0),('21','2',0,'Pengguna','dtusers',1,'fa fa-circle-o',1,1,0),('22','2',0,'Tahun Anggaran','setanggaran',1,'fa fa-circle-o',1,1,0),('23','2',0,'Target Pelayanan PD','targetpelypd',1,'fa fa-circle-o',1,1,1),('24','2',0,'Target Pengiriman Dok. D2D','settarget',1,'fa fa-circle-o',1,1,0),('25','2',0,'Pengaturan Pejabat','setparaf',1,'fa fa-circle-o',1,1,1),('26','2',0,'Jenis PBBKB','itempbbkb',1,'fa fa-circle-o',1,1,1),('27','2',0,'Data Kecamatan','page_kecamatan',1,'fa fa-circle-o',1,1,1),('28','2',0,'WP PBBKB','page_spbu',1,'fa fa-circle-o',1,1,1),('3','0',1,'Management Pegawai',NULL,1,'fa fa-users',1,1,1),('31','3',0,'Data Pegawai','datapegawai',1,'fa fa-circle-o',1,1,1),('32','3',0,'Mutasi Keluar','pegawaimutasikeluar',1,'fa fa-circle-o',1,1,1),('33','3',0,'Mutasi Masuk','mutasimasuk',1,'fa fa-circle-o',1,1,1),('4','0',1,'Rekam Data',NULL,1,'fa fa-edit',1,1,1),('41','4',0,'Obyek Pemungutan PD','pungutpd',1,'fa fa-circle-o',1,1,1),('42','4',0,'Pengiriman Dok. D2D','inputresume',1,'fa fa-circle-o',1,1,1),('43','4',0,'Entry PBBKB','entrypbbkb',1,'fa fa-circle-o',1,1,1),('5','0',1,'Pelaporan',NULL,1,'fa fa-file',1,1,1),('51','5',0,'Rekap Oby Pemungutan PD','reportpd',1,'fa fa-circle-o',1,1,1),('52','5',0,'Rekap Pengiriman Dok. D2D','rekapupad',1,'fa fa-circle-o',1,1,1),('53','5',0,'Rekap D2D Se-Jateng','resumed2d',1,'fa fa-circle-o',1,1,1),('54','5',0,'Rekap PBBKB per Bulan','pbbkbbulanan',1,'fa fa-circle-o',1,1,1),('55','5',0,'PBBKB per UP3AD','pbbkbperupad',1,'fa fa-circle-o',1,1,1),('8','0',1,'Tutorial',NULL,0,'fa fa-circle-o',1,0,0),('81','8',0,'Download Tutorial','tutorial',0,'fa fa-circle-o',1,0,0),('82','8',0,'About','about',0,'fa fa-circle-o',1,0,0);

/*Table structure for table `t_mutasi` */

DROP TABLE IF EXISTS `t_mutasi`;

CREATE TABLE `t_mutasi` (
  `id_mutasi` char(15) NOT NULL,
  `id_jenis_mutasi` char(6) NOT NULL,
  `id_pegawai` char(15) NOT NULL,
  `id_tujuan_mutasi` char(15) DEFAULT NULL,
  `id_mutasi_sebelumnya` char(15) DEFAULT NULL,
  `id_lokasi` char(15) DEFAULT NULL,
  `id_homebase` char(15) DEFAULT NULL,
  `lokasi_lain` char(100) DEFAULT NULL,
  `id_jabatan` char(15) DEFAULT NULL,
  `sk` char(100) DEFAULT NULL,
  `no_sk` char(50) DEFAULT NULL,
  `tgl_sk` date NOT NULL,
  `tgl_mulai` date NOT NULL,
  `aktif` tinyint(1) NOT NULL DEFAULT '0',
  `id_user` char(15) NOT NULL,
  `update_akhir` datetime NOT NULL,
  PRIMARY KEY (`id_mutasi`),
  KEY `id_pegawai` (`id_pegawai`),
  KEY `id_jabatan` (`id_jabatan`),
  CONSTRAINT `t_mutasi_ibfk_1` FOREIGN KEY (`id_pegawai`) REFERENCES `t_pegawai` (`id_pegawai`) ON DELETE CASCADE ON UPDATE CASCADE,
  CONSTRAINT `t_mutasi_ibfk_2` FOREIGN KEY (`id_jabatan`) REFERENCES `t_jabatan` (`id_jabatan`) ON DELETE CASCADE ON UPDATE CASCADE
) ENGINE=InnoDB DEFAULT CHARSET=latin1;

/*Data for the table `t_mutasi` */

insert  into `t_mutasi`(`id_mutasi`,`id_jenis_mutasi`,`id_pegawai`,`id_tujuan_mutasi`,`id_mutasi_sebelumnya`,`id_lokasi`,`id_homebase`,`lokasi_lain`,`id_jabatan`,`sk`,`no_sk`,`tgl_sk`,`tgl_mulai`,`aktif`,`id_user`,`update_akhir`) values ('145913513199','333333','1459135131','0513',NULL,'0513','0513',NULL,'e4',NULL,NULL,'2016-01-01','2016-01-01',1,'1459134128','2016-03-28 10:18:51'),('145913525699','333333','1459135256','0513',NULL,'0513','0513',NULL,'e4',NULL,NULL,'2016-01-01','2016-01-01',1,'1459134128','2016-03-28 10:20:56'),('145913534999','333333','1459135349','0513',NULL,'0513','0513',NULL,'e4',NULL,NULL,'2016-01-01','2016-01-01',1,'1459134128','2016-03-28 10:22:29'),('145913544399','333333','1459135443','0513',NULL,'0513','0513',NULL,'e4',NULL,NULL,'2016-01-01','2016-01-01',1,'1459134128','2016-03-28 10:24:03'),('145913553399','333333','1459135533','0513',NULL,'0513','0513',NULL,'e4',NULL,NULL,'2016-01-01','2016-01-01',1,'1459134128','2016-04-26 08:13:57'),('145913567199','333333','1459135671','0513',NULL,'0513','0513',NULL,'e3',NULL,NULL,'2016-01-01','2016-01-01',1,'1459134128','2016-03-30 14:38:00'),('145913825399','333333','1459138253','0505',NULL,'0505','0505',NULL,'e4',NULL,NULL,'2016-01-01','2016-01-01',1,'1459136436','2016-03-29 13:07:21'),('145913973399','333333','1459139733','0505',NULL,'0505','0505',NULL,'e4',NULL,NULL,'2016-01-01','2016-01-01',1,'1459136436','2016-03-28 11:35:33'),('145913983599','333333','1459139835','0505',NULL,'0505','0505',NULL,'s',NULL,NULL,'2016-01-01','2016-01-01',1,'1459136436','2016-03-28 11:37:15'),('145913989399','333333','1459139893','0505',NULL,'0505','0505',NULL,'e4',NULL,NULL,'2016-01-01','2016-01-01',1,'1459136436','2016-03-28 11:38:13'),('145913995999','333333','1459139959','0505',NULL,'0505','0505',NULL,'e4',NULL,NULL,'2016-01-01','2016-01-01',1,'1459136436','2016-03-28 11:39:19'),('145914067699','333333','1459140676','0505',NULL,'0505','0505',NULL,'s',NULL,NULL,'2016-01-01','2016-01-01',1,'1459136436','2016-03-28 11:51:16'),('145914098899','333333','1459140988','0505',NULL,'0505','0505',NULL,'s',NULL,NULL,'2016-01-01','2016-01-01',1,'1459136436','2016-03-28 11:56:28'),('145914111099','333333','1459141110','0505',NULL,'0505','0505',NULL,'s',NULL,NULL,'2016-01-01','2016-01-01',1,'1459136436','2016-03-28 11:58:30'),('145914254599','333333','1459142545','0505',NULL,'0505','0505',NULL,'s',NULL,NULL,'2016-01-01','2016-01-01',1,'1459136436','2016-03-28 12:22:25'),('145914264899','333333','1459142648','0505',NULL,'0505','0505',NULL,'s',NULL,NULL,'2016-01-01','2016-01-01',1,'1459136436','2016-03-28 12:24:08'),('145914272099','333333','1459142720','0505',NULL,'0505','0505',NULL,'s',NULL,NULL,'2016-01-01','2016-01-01',1,'1459136436','2016-03-28 12:25:20'),('145914289199','333333','1459142891','0505',NULL,'0505','0505',NULL,'s',NULL,NULL,'2016-01-01','2016-01-01',1,'1459136436','2016-03-28 12:28:11'),('145914298399','333333','1459142983','0505',NULL,'0505','0505',NULL,'s',NULL,NULL,'2016-01-01','2016-01-01',1,'1459136436','2016-03-28 12:29:43'),('145914310799','333333','1459143107','0505',NULL,'0505','0505',NULL,'s',NULL,NULL,'2016-01-01','2016-01-01',1,'1459136436','2016-03-28 12:31:47'),('145914392099','333333','1459143920','0536',NULL,'0536','0536',NULL,'e4',NULL,NULL,'2016-01-01','2016-01-01',1,'1459143349','2016-03-28 12:45:20'),('145914401099','333333','1459144010','0536',NULL,'0536','0536',NULL,'e3',NULL,NULL,'2016-01-01','2016-01-01',1,'1459143349','2016-04-28 10:19:09'),('145914421599','333333','1459144215','0536',NULL,'0536','0536',NULL,'e4',NULL,NULL,'2016-01-01','2016-01-01',1,'1459143349','2016-03-28 12:50:15'),('145914434699','333333','1459144346','0536',NULL,'0536','0536',NULL,'e4',NULL,NULL,'2016-01-01','2016-01-01',1,'1459143349','2016-03-28 12:52:26'),('145914445699','333333','1459144456','0536',NULL,'0536','0536',NULL,'e4',NULL,NULL,'2016-01-01','2016-01-01',1,'1459143349','2016-03-28 12:54:16'),('145914456099','333333','1459144560','0536',NULL,'0536','0536',NULL,'e4',NULL,NULL,'2016-01-01','2016-01-01',1,'1459143349','2016-03-28 12:56:00'),('145914464499','333333','1459144644','0536',NULL,'0536','0536',NULL,'s',NULL,NULL,'2016-01-01','2016-01-01',1,'1459143349','2016-03-28 12:57:24'),('145914472399','333333','1459144723','0536',NULL,'0536','0536',NULL,'s',NULL,NULL,'2016-01-01','2016-01-01',1,'1459143349','2016-03-28 12:58:43'),('145914483599','333333','1459144835','0536',NULL,'0536','0536',NULL,'s',NULL,NULL,'2016-01-01','2016-01-01',1,'1459143349','2016-03-28 13:00:35'),('145914490999','333333','1459144909','0536',NULL,'0536','0536',NULL,'s',NULL,NULL,'2016-01-01','2016-01-01',1,'1459143349','2016-03-28 13:01:49'),('145914497499','333333','1459144974','0536',NULL,'0536','0536',NULL,'s',NULL,NULL,'2016-01-01','2016-01-01',1,'1459143349','2016-03-28 13:02:54'),('145914503999','333333','1459145039','0536',NULL,'0536','0536',NULL,'s',NULL,NULL,'2016-01-01','2016-01-01',1,'1459143349','2016-03-28 13:03:59'),('145914510899','333333','1459145108','0536',NULL,'0536','0536',NULL,'s',NULL,NULL,'2016-01-01','2016-01-01',1,'1459143349','2016-03-28 13:05:08'),('145914519799','333333','1459145197','0536',NULL,'0536','0536',NULL,'s',NULL,NULL,'2016-01-01','2016-01-01',1,'1459143349','2016-03-28 13:06:37'),('145914526599','333333','1459145265','0536',NULL,'0536','0536',NULL,'s',NULL,NULL,'2016-01-01','2016-01-01',1,'1459143349','2016-03-28 13:07:45'),('145914532999','333333','1459145329','0536',NULL,'0536','0536',NULL,'s',NULL,NULL,'2016-01-01','2016-01-01',1,'1459143349','2016-03-28 13:08:49'),('145914963999','333333','1459149639','0513',NULL,'0513','0513',NULL,'s',NULL,NULL,'2016-01-01','2016-01-01',1,'1459134128','2016-03-28 14:20:39'),('145914974399','333333','1459149743','0537',NULL,'0537','0537',NULL,'e4',NULL,NULL,'2016-01-01','2016-01-01',1,'1459133423','2016-03-28 14:22:23'),('145914974499','333333','1459149744','0513',NULL,'0513','0513',NULL,'s',NULL,NULL,'2016-01-01','2016-01-01',1,'1459134128','2016-03-28 14:22:24'),('145914980699','333333','1459149806','0537',NULL,'0537','0537',NULL,'e4',NULL,NULL,'2016-01-01','2016-01-01',1,'1459133423','2016-03-28 14:23:26'),('145914980899','333333','1459149808','0513',NULL,'0513','0513',NULL,'s',NULL,NULL,'2016-01-01','2016-01-01',1,'1459134128','2016-03-28 14:23:28'),('145914986799','333333','1459149867','0537',NULL,'0537','0537',NULL,'e4',NULL,NULL,'2016-01-01','2016-01-01',1,'1459133423','2016-03-28 14:24:27'),('145914990299','333333','1459149902','0537',NULL,'0537','0537',NULL,'e4',NULL,NULL,'2016-01-01','2016-01-01',1,'1459133423','2016-03-28 14:25:02'),('145914991599','333333','1459149915','0513',NULL,'0513','0513',NULL,'s',NULL,NULL,'2016-01-01','2016-01-01',1,'1459134128','2016-04-26 08:03:17'),('145914996199','333333','1459149961','0537',NULL,'0537','0537',NULL,'e4',NULL,NULL,'2016-01-01','2016-01-01',1,'1459133423','2016-03-28 14:26:01'),('145914996799','333333','1459149967','0513',NULL,'0513','0513',NULL,'s',NULL,NULL,'2016-01-01','2016-01-01',1,'1459134128','2016-03-28 14:26:07'),('145915001999','333333','1459150019','0537',NULL,'0537','0537',NULL,'s',NULL,NULL,'2016-01-01','2016-01-01',1,'1459133423','2016-03-28 14:26:59'),('145915002999','333333','1459150029','0513',NULL,'0513','0513',NULL,'s',NULL,NULL,'2016-01-01','2016-01-01',1,'1459134128','2016-03-28 14:27:09'),('145915008099','333333','1459150080','0513',NULL,'0513','0513',NULL,'s',NULL,NULL,'2016-01-01','2016-01-01',1,'1459134128','2016-03-28 14:28:00'),('145915010099','333333','1459150100','0537',NULL,'0537','0537',NULL,'s',NULL,NULL,'2016-01-01','2016-01-01',1,'1459133423','2016-03-28 14:28:20'),('145915015999','333333','1459150159','0513',NULL,'0513','0513',NULL,'s',NULL,NULL,'2016-01-01','2016-01-01',1,'1459134128','2016-03-28 14:29:19'),('145915017299','333333','1459150172','0537',NULL,'0537','0537',NULL,'s',NULL,NULL,'2016-01-01','2016-01-01',1,'1459133423','2016-03-28 14:29:32'),('145915021199','333333','1459150211','0513',NULL,'0513','0513',NULL,'s',NULL,NULL,'2016-01-01','2016-01-01',1,'1459134128','2016-03-28 14:30:11'),('145915023099','333333','1459150230','0537',NULL,'0537','0537',NULL,'s',NULL,NULL,'2016-01-01','2016-01-01',1,'1459133423','2016-03-28 14:30:30'),('145915028199','333333','1459150281','0537',NULL,'0537','0537',NULL,'s',NULL,NULL,'2016-01-01','2016-01-01',1,'1459133423','2016-03-28 14:31:21'),('145915028799','333333','1459150287','0513',NULL,'0513','0513',NULL,'s',NULL,NULL,'2016-01-01','2016-01-01',1,'1459134128','2016-03-28 14:31:27'),('145915031899','333333','1459150318','0537',NULL,'0537','0537',NULL,'s',NULL,NULL,'2016-01-01','2016-01-01',1,'1459133423','2016-03-28 14:31:58'),('145915032699','333333','1459150326','0513',NULL,'0513','0513',NULL,'s',NULL,NULL,'2016-01-01','2016-01-01',1,'1459134128','2016-03-28 14:32:06'),('145915035899','333333','1459150358','0537',NULL,'0537','0537',NULL,'s',NULL,NULL,'2016-01-01','2016-01-01',1,'1459133423','2016-03-28 14:32:38'),('145915041299','333333','1459150412','0537',NULL,'0537','0537',NULL,'e3',NULL,NULL,'2016-01-01','2016-01-01',1,'1459133423','2016-03-28 14:33:32'),('145915043999','333333','1459150439','0513',NULL,'0513','0513',NULL,'srjn',NULL,NULL,'2016-01-01','2016-01-01',1,'1459134128','2016-03-28 14:33:59'),('145915046099','333333','1459150460','0513',NULL,'0513','0513',NULL,'srjn',NULL,NULL,'2016-01-01','2016-01-01',1,'1459134128','2016-03-28 14:34:20'),('145915261599','333333','1459152615','0510',NULL,'0510','0510',NULL,'e4',NULL,NULL,'2016-01-01','2016-01-01',1,'1459152004','2016-03-28 15:10:15'),('145915277899','333333','1459152778','0514',NULL,'0514','0514',NULL,'e3',NULL,NULL,'2016-01-01','2016-01-01',1,'1459150862','2016-03-28 15:12:58'),('145915424599','333333','1459154245','0514',NULL,'0514','0514',NULL,'e4',NULL,NULL,'2016-01-01','2016-01-01',1,'1459150862','2016-03-28 15:37:25'),('145915426699','333333','1459154266','0505',NULL,'0505','0505',NULL,'s',NULL,NULL,'2016-01-01','2016-01-01',1,'1459136436','2016-03-28 15:37:46'),('145915428299','333333','1459154282','0514',NULL,'0514','0514',NULL,'e4',NULL,NULL,'2016-01-01','2016-01-01',1,'1459150862','2016-03-28 15:38:02'),('145915433999','333333','1459154339','0514',NULL,'0514','0514',NULL,'e4',NULL,NULL,'2016-01-01','2016-01-01',1,'1459150862','2016-03-28 15:38:59'),('145915440999','333333','1459154409','0514',NULL,'0514','0514',NULL,'e4',NULL,NULL,'2016-01-01','2016-01-01',1,'1459150862','2016-03-28 15:40:09'),('145915444499','333333','1459154444','0514',NULL,'0514','0514',NULL,'e4',NULL,NULL,'2016-01-01','2016-01-01',1,'1459150862','2016-03-28 15:40:44'),('145915448599','333333','1459154485','0514',NULL,'0514','0514',NULL,'s',NULL,NULL,'2016-01-01','2016-01-01',1,'1459150862','2016-03-28 15:41:25'),('145915451399','333333','1459154513','0514',NULL,'0514','0514',NULL,'s',NULL,NULL,'2016-01-01','2016-01-01',1,'1459150862','2016-03-28 15:41:53'),('145915454899','333333','1459154548','0514',NULL,'0514','0514',NULL,'s',NULL,NULL,'2016-01-01','2016-01-01',1,'1459150862','2016-03-28 15:42:28'),('145915459299','333333','1459154592','0514',NULL,'0514','0514',NULL,'s',NULL,NULL,'2016-01-01','2016-01-01',1,'1459150862','2016-03-28 15:43:12'),('145915462899','333333','1459154628','0514',NULL,'0514','0514',NULL,'s',NULL,NULL,'2016-01-01','2016-01-01',1,'1459150862','2016-03-28 15:43:48'),('145915467499','333333','1459154674','0514',NULL,'0514','0514',NULL,'s',NULL,NULL,'2016-01-01','2016-01-01',1,'1459150862','2016-03-28 15:44:34'),('145915470699','333333','1459154706','0514',NULL,'0514','0514',NULL,'s',NULL,NULL,'2016-01-01','2016-01-01',1,'1459150862','2016-03-28 15:45:06'),('145915476499','333333','1459154764','0514',NULL,'0514','0514',NULL,'s',NULL,NULL,'2016-01-01','2016-01-01',1,'1459150862','2016-03-28 15:46:04'),('145915480999','333333','1459154809','0514',NULL,'0514','0514',NULL,'s',NULL,NULL,'2016-01-01','2016-01-01',1,'1459150862','2016-03-28 15:46:49'),('145915484899','333333','1459154848','0514',NULL,'0514','0514',NULL,'s',NULL,NULL,'2016-01-01','2016-01-01',1,'1459150862','2016-03-28 15:47:28'),('145915489199','333333','1459154891','0514',NULL,'0514','0514',NULL,'s',NULL,NULL,'2016-01-01','2016-01-01',1,'1459150862','2016-03-28 15:48:11'),('145915491799','333333','1459154917','0514',NULL,'0514','0514',NULL,'srjn',NULL,NULL,'2016-01-01','2016-01-01',1,'1459150862','2016-03-28 15:48:37'),('145915493799','333333','1459154937','0514',NULL,'0514','0514',NULL,'srjn',NULL,NULL,'2016-01-01','2016-01-01',1,'1459150862','2016-03-28 15:48:57'),('145915495399','333333','1459154953','0514',NULL,'0514','0514',NULL,'srjn',NULL,NULL,'2016-01-01','2016-01-01',1,'1459150862','2016-03-28 15:49:13'),('145915809699','333333','1459158096','05',NULL,'0502','05',NULL,'e3',NULL,NULL,'2016-01-01','2016-01-01',1,'1459303853','2016-03-31 11:08:13'),('145915813599','333333','1459158135','05',NULL,'0502','05',NULL,'s',NULL,NULL,'2016-01-01','2016-01-01',1,'1459136279','2016-03-28 16:42:15'),('145916658499','333333','1459166584','05',NULL,'0502','05',NULL,'s',NULL,NULL,'2016-01-01','2016-01-01',1,'1459136279','2016-03-28 19:03:04'),('145917315199','333333','1459173151','05',NULL,'0502','05',NULL,'s',NULL,NULL,'2016-01-01','2016-01-01',1,'1459136279','2016-03-28 20:52:31'),('145917333499','333333','1459173334','05',NULL,'0502','05',NULL,'s',NULL,NULL,'2016-01-01','2016-01-01',1,'1459136279','2016-03-28 20:55:34'),('145921195499','333333','1459211954','0523',NULL,'0523','0523',NULL,'e3',NULL,NULL,'2016-01-01','2016-01-01',1,'1459150457','2016-03-29 12:04:49'),('145921212399','333333','1459212123','0523',NULL,'0523','0523',NULL,'e4',NULL,NULL,'2016-01-01','2016-01-01',1,'1459150457','2016-03-29 07:42:03'),('145921223299','333333','1459212232','0523',NULL,'0523','0523',NULL,'e4',NULL,NULL,'2016-01-01','2016-01-01',1,'1459150457','2016-03-29 07:43:52'),('145921232699','333333','1459212326','0523',NULL,'0523','0523',NULL,'e4',NULL,NULL,'2016-01-01','2016-01-01',1,'1459150457','2016-03-29 07:45:26'),('145921284299','333333','1459212842','0523',NULL,'0523','0523',NULL,'e4',NULL,NULL,'2016-01-01','2016-01-01',1,'1459150457','2016-03-29 07:54:02'),('145921317299','333333','1459213172','0523',NULL,'0523','0523',NULL,'e4',NULL,NULL,'2016-01-01','2016-01-01',1,'1459150457','2016-03-29 07:59:32'),('145921329399','333333','1459213293','0523',NULL,'0523','0523',NULL,'s',NULL,NULL,'2016-01-01','2016-01-01',1,'1459150457','2016-03-29 08:01:33'),('145921347799','333333','1459213477','0523',NULL,'0523','0523',NULL,'s',NULL,NULL,'2016-01-01','2016-01-01',1,'1459150457','2016-03-29 11:12:25'),('145921355599','333333','1459213555','0523',NULL,'0523','0523',NULL,'s',NULL,NULL,'2016-01-01','2016-01-01',1,'1459150457','2016-03-29 08:05:55'),('145921362399','333333','1459213623','0523',NULL,'0523','0523',NULL,'s',NULL,NULL,'2016-01-01','2016-01-01',1,'1459150457','2016-03-29 08:07:03'),('145921370799','333333','1459213707','0523',NULL,'0523','0523',NULL,'s',NULL,NULL,'2016-01-01','2016-01-01',1,'1459150457','2016-03-29 08:08:27'),('145921376999','333333','1459213769','0523',NULL,'0523','0523',NULL,'srjn',NULL,NULL,'2016-01-01','2016-01-01',1,'1459150457','2016-03-29 08:09:29'),('145921393499','333333','1459213934','0523',NULL,'0523','0523',NULL,'srjn',NULL,NULL,'2016-01-01','2016-01-01',1,'1459150457','2016-03-29 11:23:39'),('145921399899','333333','1459213998','0523',NULL,'0523','0523',NULL,'srjn',NULL,NULL,'2016-01-01','2016-01-01',1,'1459150457','2016-03-29 08:13:18'),('145921412899','333333','1459214128','0525',NULL,'0525','0525',NULL,'e3',NULL,NULL,'2016-01-01','2016-01-01',1,'1459213035','2016-03-29 08:15:28'),('145921422599','333333','1459214225','0525',NULL,'0525','0525',NULL,'e4',NULL,NULL,'2016-01-01','2016-01-01',1,'1459213035','2016-03-29 08:17:05'),('145921431999','333333','1459214319','0525',NULL,'0525','0525',NULL,'e4',NULL,NULL,'2016-01-01','2016-01-01',1,'1459213035','2016-03-29 08:19:28'),('145921446499','333333','1459214464','0525',NULL,'0525','0525',NULL,'e4',NULL,NULL,'2016-01-01','2016-01-01',1,'1459213035','2016-03-29 08:21:04'),('145921455299','333333','1459214552','0525',NULL,'0525','0525',NULL,'e4',NULL,NULL,'2016-01-01','2016-01-01',1,'1459213035','2016-03-29 08:22:32'),('145921460199','333333','1459214601','0525',NULL,'0525','0525',NULL,'e4',NULL,NULL,'2016-01-01','2016-01-01',1,'1459213035','2016-03-29 08:23:21'),('145921467799','333333','1459214677','0525',NULL,'0525','0525',NULL,'s',NULL,NULL,'2016-01-01','2016-01-01',1,'1459213035','2016-03-29 08:24:37'),('145921473599','333333','1459214735','0525',NULL,'0525','0525',NULL,'s',NULL,NULL,'2016-01-01','2016-01-01',1,'1459213035','2016-03-29 08:25:35'),('145921478599','333333','1459214785','0525',NULL,'0525','0525',NULL,'s',NULL,NULL,'2016-01-01','2016-01-01',1,'1459213035','2016-03-29 08:26:25'),('145921484099','333333','1459214840','0525',NULL,'0525','0525',NULL,'s',NULL,NULL,'2016-01-01','2016-01-01',1,'1459213035','2016-03-29 08:27:20'),('145921487899','333333','1459214878','0525',NULL,'0525','0525',NULL,'s',NULL,NULL,'2016-01-01','2016-01-01',1,'1459213035','2016-03-29 08:27:58'),('145921494399','333333','1459214943','0525',NULL,'0525','0525',NULL,'s',NULL,NULL,'2016-01-01','2016-01-01',1,'1459213035','2016-03-29 08:29:03'),('145921574999','333333','1459215749','0531',NULL,'0531','0531',NULL,'e3',NULL,NULL,'2016-01-01','2016-01-01',1,'1459213265','2016-04-18 10:35:32'),('145921601199','333333','1459216011','0531',NULL,'0531','0531',NULL,'e4',NULL,NULL,'2016-01-01','2016-01-01',1,'1459213265','2016-03-29 08:46:51'),('145921634199','333333','1459216341','0531',NULL,'0531','0531',NULL,'e4',NULL,NULL,'2016-01-01','2016-01-01',1,'1459213265','2016-03-29 08:52:21'),('145921646499','333333','1459216464','0531',NULL,'0531','0531',NULL,'e4',NULL,NULL,'2016-01-01','2016-01-01',1,'1459213265','2016-03-29 08:54:24'),('145921659499','333333','1459216594','0531',NULL,'0531','0531',NULL,'e4',NULL,NULL,'2016-01-01','2016-01-01',1,'1459213265','2016-03-29 08:56:34'),('145921736599','333333','1459217365','0511',NULL,'0511','0511',NULL,'e3',NULL,NULL,'2016-01-01','2016-01-01',1,'1459152424','2016-03-29 09:42:32'),('145921743999','333333','1459217439','0531',NULL,'0531','0531',NULL,'e4',NULL,NULL,'2016-01-01','2016-01-01',1,'1459213265','2016-03-29 09:10:39'),('145921744399','333333','1459217443','0511',NULL,'0511','0511',NULL,'e4',NULL,NULL,'2016-01-01','2016-01-01',1,'1459152424','2016-03-29 09:10:43'),('145921750499','333333','1459217504','0531',NULL,'0531','0531',NULL,'s',NULL,NULL,'2016-01-01','2016-01-01',1,'1459213265','2016-03-29 09:11:44'),('145921751299','333333','1459217512','0511',NULL,'0511','0511',NULL,'e4',NULL,NULL,'2016-01-01','2016-01-01',1,'1459152424','2016-03-29 09:11:52'),('145921756599','333333','1459217565','0531',NULL,'0531','0531',NULL,'s',NULL,NULL,'2016-01-01','2016-01-01',1,'1459213265','2016-03-29 09:12:45'),('145921757099','333333','1459217570','0511',NULL,'0511','0511',NULL,'e4',NULL,NULL,'2016-01-01','2016-01-01',1,'1459152424','2016-03-29 09:12:50'),('145921761699','333333','1459217616','0531',NULL,'0531','0531',NULL,'s',NULL,NULL,'2016-01-01','2016-01-01',1,'1459213265','2016-03-29 09:13:36'),('145921762899','333333','1459217628','0511',NULL,'0511','0511',NULL,'e4',NULL,NULL,'2016-01-01','2016-01-01',1,'1459152424','2016-03-29 09:13:48'),('145921771499','333333','1459217714','0511',NULL,'0511','0511',NULL,'e4',NULL,NULL,'2016-01-01','2016-01-01',1,'1459152424','2016-03-29 09:15:14'),('145921776599','333333','1459217765','0511',NULL,'0511','0511',NULL,'s',NULL,NULL,'2016-01-01','2016-01-01',1,'1459152424','2016-03-29 09:16:05'),('145921810699','333333','1459218106','0511',NULL,'0511','0511',NULL,'s',NULL,NULL,'2016-01-01','2016-01-01',1,'1459152424','2016-03-29 09:21:46'),('145921818499','333333','1459218184','0511',NULL,'0511','0511',NULL,'s',NULL,NULL,'2016-01-01','2016-01-01',1,'1459152424','2016-03-29 09:23:04'),('145921824299','333333','1459218242','0511',NULL,'0511','0511',NULL,'s',NULL,NULL,'2016-01-01','2016-01-01',1,'1459152424','2016-03-29 09:24:02'),('145921836399','333333','1459218363','0511',NULL,'0511','0511',NULL,'s',NULL,NULL,'2016-01-01','2016-01-01',1,'1459152424','2016-03-29 09:26:03'),('145921844999','333333','1459218449','0511',NULL,'0511','0511',NULL,'s',NULL,NULL,'2016-01-01','2016-01-01',1,'1459152424','2016-03-29 09:27:29'),('145921857699','333333','1459218576','0511',NULL,'0511','0511',NULL,'s',NULL,NULL,'2016-01-01','2016-01-01',1,'1459152424','2016-03-29 09:29:36'),('145921858699','333333','1459218586','0531',NULL,'0531','0531',NULL,'s',NULL,NULL,'2016-01-01','2016-01-01',1,'1459213265','2016-03-29 09:29:46'),('145921864499','333333','1459218644','0531',NULL,'0531','0531',NULL,'s',NULL,NULL,'2016-01-01','2016-01-01',1,'1459213265','2016-03-29 09:30:44'),('145921865799','333333','1459218657','0511',NULL,'0511','0511',NULL,'s',NULL,NULL,'2016-01-01','2016-01-01',1,'1459152424','2016-03-29 09:30:57'),('145921871499','333333','1459218714','0511',NULL,'0511','0511',NULL,'s',NULL,NULL,'2016-01-01','2016-01-01',1,'1459152424','2016-03-29 09:31:54'),('145921876699','333333','1459218766','0511',NULL,'0511','0511',NULL,'s',NULL,NULL,'2016-01-01','2016-01-01',1,'1459152424','2016-03-29 09:32:46'),('145921876799','333333','1459218767','0531',NULL,'0531','0531',NULL,'s',NULL,NULL,'2016-01-01','2016-01-01',1,'1459213265','2016-03-29 09:32:47'),('145921881199','333333','1459218811','0511',NULL,'0511','0511',NULL,'s',NULL,NULL,'2016-01-01','2016-01-01',1,'1459152424','2016-03-29 09:33:31'),('145921885699','333333','1459218856','0511',NULL,'0511','0511',NULL,'s',NULL,NULL,'2016-01-01','2016-01-01',1,'1459152424','2016-03-29 09:34:16'),('145921890999','333333','1459218909','0511',NULL,'0511','0511',NULL,'s',NULL,NULL,'2016-01-01','2016-01-01',1,'1459152424','2016-03-29 09:35:09'),('145921895099','333333','1459218950','0511',NULL,'0511','0511',NULL,'s',NULL,NULL,'2016-01-01','2016-01-01',1,'1459152424','2016-03-29 09:35:50'),('145921896199','333333','1459218961','0535',NULL,'0535','0535',NULL,'e3',NULL,NULL,'2016-01-01','2016-01-01',1,'1459130999','2016-03-29 09:49:46'),('145921900699','333333','1459219006','0511',NULL,'0511','0511',NULL,'s',NULL,NULL,'2016-01-01','2016-01-01',1,'1459152424','2016-03-29 09:36:46'),('145921901799','333333','1459219017','0535',NULL,'0535','0535',NULL,'e4',NULL,NULL,'2016-01-01','2016-01-01',1,'1459130999','2016-03-29 09:36:57'),('145921904899','333333','1459219048','0511',NULL,'0511','0511',NULL,'s',NULL,NULL,'2016-01-01','2016-01-01',1,'1459152424','2016-03-29 09:37:28'),('145921908299','333333','1459219082','0535',NULL,'0535','0535',NULL,'e4',NULL,NULL,'2016-01-01','2016-01-01',1,'1459130999','2016-03-29 09:38:02'),('145921910299','333333','1459219102','0511',NULL,'0511','0511',NULL,'s',NULL,NULL,'2016-01-01','2016-01-01',1,'1459152424','2016-03-29 09:38:22'),('145921914099','333333','1459219140','0535',NULL,'0535','0535',NULL,'e4',NULL,NULL,'2016-01-01','2016-01-01',1,'1459130999','2016-03-29 09:39:00'),('145921915699','333333','1459219156','0511',NULL,'0511','0511',NULL,'s',NULL,NULL,'2016-01-01','2016-01-01',1,'1459152424','2016-03-29 09:39:16'),('145921920499','333333','1459219204','0511',NULL,'0511','0511',NULL,'s',NULL,NULL,'2016-01-01','2016-01-01',1,'1459152424','2016-03-29 09:40:04'),('145921923499','333333','1459219234','0535',NULL,'0535','0535',NULL,'s',NULL,NULL,'2016-01-01','2016-01-01',1,'1459130999','2016-03-29 09:40:34'),('145921925199','333333','1459219251','0511',NULL,'0511','0511',NULL,'s',NULL,NULL,'2016-01-01','2016-01-01',1,'1459152424','2016-03-29 09:40:51'),('145921927899','333333','1459219278','0535',NULL,'0535','0535',NULL,'s',NULL,NULL,'2016-01-01','2016-01-01',1,'1459130999','2016-03-29 09:41:18'),('145921931999','333333','1459219319','0511',NULL,'0511','0511',NULL,'s',NULL,NULL,'2016-01-01','2016-01-01',1,'1459152424','2016-03-29 09:43:38'),('145921932399','333333','1459219323','0535',NULL,'0535','0535',NULL,'s',NULL,NULL,'2016-01-01','2016-01-01',1,'1459130999','2016-03-29 09:42:03'),('145921940299','333333','1459219402','0535',NULL,'0535','0535',NULL,'s',NULL,NULL,'2016-01-01','2016-01-01',1,'1459130999','2016-03-29 09:43:22'),('145921944299','333333','1459219442','0535',NULL,'0535','0535',NULL,'s',NULL,NULL,'2016-01-01','2016-01-01',1,'1459130999','2016-03-29 09:44:02'),('145921946899','333333','1459219468','0531',NULL,'0531','0531',NULL,'s',NULL,NULL,'2016-01-01','2016-01-01',1,'1459213265','2016-03-29 09:44:28'),('145921952099','333333','1459219520','0531',NULL,'0531','0531',NULL,'s',NULL,NULL,'2016-01-01','2016-01-01',1,'1459213265','2016-03-29 09:45:20'),('145921954099','333333','1459219540','0535',NULL,'0535','0535',NULL,'s',NULL,NULL,'2016-01-01','2016-01-01',1,'1459130999','2016-03-29 09:45:40'),('145921957799','333333','1459219577','0531',NULL,'0531','0531',NULL,'s',NULL,NULL,'2016-01-01','2016-01-01',1,'1459213265','2016-03-29 09:46:17'),('145921960299','333333','1459219602','0535',NULL,'0535','0535',NULL,'s',NULL,NULL,'2016-01-01','2016-01-01',1,'1459130999','2016-03-29 09:46:42'),('145921965399','333333','1459219653','0531',NULL,'0531','0531',NULL,'srjn',NULL,NULL,'2016-01-01','2016-01-01',1,'1459213265','2016-03-29 09:47:33'),('145921966299','333333','1459219662','0535',NULL,'0535','0535',NULL,'s',NULL,NULL,'2016-01-01','2016-01-01',1,'1459130999','2016-03-29 09:47:42'),('145921969099','333333','1459219690','0531',NULL,'0531','0531',NULL,'srjn',NULL,NULL,'2016-01-01','2016-01-01',1,'1459213265','2016-03-29 09:48:10'),('145921970999','333333','1459219709','0535',NULL,'0535','0535',NULL,'srjn',NULL,NULL,'2016-01-01','2016-01-01',1,'1459130999','2016-03-29 09:48:29'),('145921973899','333333','1459219738','05',NULL,'0503','05',NULL,'s',NULL,NULL,'2016-01-01','2016-01-01',1,'1459136367','2016-03-29 09:48:58'),('145921976699','333333','1459219766','0535',NULL,'0535','0535',NULL,'s',NULL,NULL,'2016-01-01','2016-01-01',1,'1459130999','2016-03-29 09:49:26'),('145922020399','333333','1459220203','0521',NULL,'0521','0521',NULL,'e3',NULL,NULL,'2016-01-01','2016-01-01',1,'1459151125','2016-03-29 11:26:34'),('145922027599','333333','1459220275','0521',NULL,'0521','0521',NULL,'e4',NULL,NULL,'2016-01-01','2016-01-01',1,'1459151125','2016-03-29 11:26:53'),('145922042599','333333','1459220425','0521',NULL,'0521','0521',NULL,'e4',NULL,NULL,'2016-01-01','2016-01-01',1,'1459151125','2016-03-29 11:27:09'),('145922048299','333333','1459220482','0534',NULL,'0534','0534',NULL,'e3',NULL,NULL,'2016-01-01','2016-01-01',1,'1459215531','2016-03-29 10:01:22'),('145922054299','333333','1459220542','0521',NULL,'0521','0521',NULL,'e4',NULL,NULL,'2016-01-01','2016-01-01',1,'1459151125','2016-03-29 11:27:24'),('145922059399','333333','1459220593','0521',NULL,'0521','0521',NULL,'e4',NULL,NULL,'2016-01-01','2016-01-01',1,'1459151125','2016-03-29 11:27:38'),('145922061599','333333','1459220615','0534',NULL,'0534','0534',NULL,'e4',NULL,NULL,'2016-01-01','2016-01-01',1,'1459215531','2016-03-29 10:03:35'),('145922064299','333333','1459220642','0521',NULL,'0521','0521',NULL,'e4',NULL,NULL,'2016-01-01','2016-01-01',1,'1459151125','2016-03-29 11:27:55'),('145922067899','333333','1459220678','0505',NULL,'0505','0505',NULL,'s',NULL,NULL,'2016-01-01','2016-01-01',1,'1459136436','2016-03-29 10:04:38'),('145922069499','333333','1459220694','0521',NULL,'0521','0521',NULL,'s',NULL,NULL,'2016-01-01','2016-01-01',1,'1459151125','2016-03-29 11:28:09'),('145922073699','333333','1459220736','0521',NULL,'0521','0521',NULL,'s',NULL,NULL,'2016-01-01','2016-01-01',1,'1459151125','2016-03-29 11:28:23'),('145922078699','333333','1459220786','0521',NULL,'0521','0521',NULL,'s',NULL,NULL,'2016-01-01','2016-01-01',1,'1459151125','2016-03-29 11:28:42'),('145922079299','333333','1459220792','0505',NULL,'0505','0505',NULL,'s',NULL,NULL,'2016-01-01','2016-01-01',1,'1459136436','2016-03-29 10:06:32'),('145922082999','333333','1459220829','0521',NULL,'0521','0521',NULL,'s',NULL,NULL,'2016-01-01','2016-01-01',1,'1459151125','2016-03-29 11:28:57'),('145922085799','333333','1459220857','0505',NULL,'0505','0505',NULL,'s',NULL,NULL,'2016-01-01','2016-01-01',1,'1459136436','2016-03-29 10:07:37'),('145922091299','333333','1459220912','0521',NULL,'0521','0521',NULL,'s',NULL,NULL,'2016-01-01','2016-01-01',1,'1459151125','2016-03-29 11:29:14'),('145922096799','333333','1459220967','0521',NULL,'0521','0521',NULL,'s',NULL,NULL,'2016-01-01','2016-01-01',1,'1459151125','2016-03-29 10:09:27'),('145922102599','333333','1459221025','0521',NULL,'0521','0521',NULL,'s',NULL,NULL,'2016-01-01','2016-01-01',1,'1459151125','2016-03-29 11:29:39'),('145922108999','333333','1459221089','0521',NULL,'0521','0521',NULL,'s',NULL,NULL,'2016-01-01','2016-01-01',1,'1459151125','2016-03-29 10:11:29'),('145922118199','333333','1459221181','0521',NULL,'0521','0521',NULL,'s',NULL,NULL,'2016-01-01','2016-01-01',1,'1459151125','2016-03-29 10:13:01'),('145922169199','333333','1459221691','0521',NULL,'0521','0521',NULL,'s',NULL,NULL,'2016-01-01','2016-01-01',1,'1459151125','2016-03-29 10:21:31'),('145922173899','333333','1459221738','0521',NULL,'0521','0521',NULL,'s',NULL,NULL,'2016-01-01','2016-01-01',1,'1459151125','2016-03-29 10:22:18'),('145922178699','333333','1459221786','0505',NULL,'0505','0505',NULL,'s',NULL,NULL,'2016-01-01','2016-01-01',1,'1459136436','2016-03-29 10:23:06'),('145922187099','333333','1459221870','0505',NULL,'0505','0505',NULL,'s',NULL,NULL,'2016-01-01','2016-01-01',1,'1459136436','2016-03-29 10:24:30'),('145922202799','333333','1459222027','0505',NULL,'0505','0505',NULL,'s',NULL,NULL,'2016-01-01','2016-01-01',1,'1459136436','2016-03-29 10:27:07'),('145922212199','333333','1459222121','0505',NULL,'0505','0505',NULL,'s',NULL,NULL,'2016-01-01','2016-01-01',1,'1459136436','2016-03-29 10:28:41'),('145922221899','333333','1459222218','0535',NULL,'0535','0535',NULL,'e4',NULL,NULL,'2016-01-01','2016-01-01',1,'1459130999','2016-03-29 10:30:18'),('145922237899','333333','1459222378','0505',NULL,'0505','0505',NULL,'srjn',NULL,NULL,'2016-01-01','2016-01-01',1,'1459136436','2016-03-29 10:32:58'),('145922250199','333333','1459222501','05',NULL,'0503','05',NULL,'s',NULL,NULL,'2016-01-01','2016-01-01',1,'1459136367','2016-03-29 10:35:01'),('145922250799','333333','1459222507','0505',NULL,'0505','0505',NULL,'srjn',NULL,NULL,'2016-01-01','2016-01-01',1,'1459136436','2016-03-29 10:35:07'),('145922257499','333333','1459222574','0505',NULL,'0505','0505',NULL,'srjn',NULL,NULL,'2016-01-01','2016-01-01',1,'1459136436','2016-03-29 10:36:14'),('145922262699','333333','1459222626','0505',NULL,'0505','0505',NULL,'srjn',NULL,NULL,'2016-01-01','2016-01-01',1,'1459136436','2016-03-29 10:37:06'),('145922267899','333333','1459222678','0505',NULL,'0505','0505',NULL,'srjn',NULL,NULL,'2016-01-01','2016-01-01',1,'1459136436','2016-03-29 10:37:58'),('145922272199','333333','1459222721','0505',NULL,'0505','0505',NULL,'srjn',NULL,NULL,'2016-01-01','2016-01-01',1,'1459136436','2016-03-29 10:38:41'),('145922327099','333333','1459223270','0505',NULL,'0505','0505',NULL,'srjn',NULL,NULL,'2016-01-01','2016-01-01',1,'1459136436','2016-03-29 10:47:50'),('145922332199','333333','1459223321','0505',NULL,'0505','0505',NULL,'srjn',NULL,NULL,'2016-01-01','2016-01-01',1,'1459136436','2016-03-30 13:37:48'),('145922405399','333333','1459224053','0505',NULL,'0505','0505',NULL,'srjn',NULL,NULL,'2016-01-01','2016-01-01',1,'1459136436','2016-03-29 11:00:53'),('145922447199','333333','1459224471','0534',NULL,'0534','0534',NULL,'e4',NULL,NULL,'2016-01-01','2016-01-01',1,'1459215531','2016-03-29 11:07:51'),('145922453799','333333','1459224537','0520',NULL,'0520','0520',NULL,'e4',NULL,NULL,'2016-01-01','2016-01-01',1,'1459138103','2016-03-29 11:08:57'),('145922459899','333333','1459224598','0534',NULL,'0534','0534',NULL,'e4',NULL,NULL,'2016-01-01','2016-01-01',1,'1459215531','2016-03-29 11:09:58'),('145922474599','333333','1459224745','0520',NULL,'0520','0520',NULL,'e4',NULL,NULL,'2016-01-01','2016-01-01',1,'1459138103','2016-03-29 11:12:25'),('145922492999','333333','1459224929','0520',NULL,'0520','0520',NULL,'e4',NULL,NULL,'2016-01-01','2016-01-01',1,'1459138103','2016-03-29 11:15:29'),('145922518199','333333','1459225181','0520',NULL,'0520','0520',NULL,'e4',NULL,NULL,'2016-01-01','2016-01-01',1,'1459138103','2016-03-29 11:19:41'),('145922536699','333333','1459225366','0534',NULL,'0534','0534',NULL,'e4',NULL,NULL,'2016-01-01','2016-01-01',1,'1459215531','2016-03-29 11:22:46'),('145922537599','333333','1459225375','0523',NULL,'0523','0523',NULL,'srjn',NULL,NULL,'2016-01-01','2016-01-01',1,'1459150457','2016-03-29 11:22:55'),('145922537999','333333','1459225379','0520',NULL,'0520','0520',NULL,'e3',NULL,NULL,'2016-01-01','2016-01-01',1,'1459138103','2016-03-29 11:22:59'),('145922544799','333333','1459225447','0534',NULL,'0534','0534',NULL,'e4',NULL,NULL,'2016-01-01','2016-01-01',1,'1459215531','2016-03-29 11:24:07'),('145922550399','333333','1459225503','0511',NULL,'0511','0511',NULL,'srjn',NULL,NULL,'2016-01-01','2016-01-01',1,'1459152424','2016-03-29 11:25:03'),('145922551099','333333','1459225510','0534',NULL,'0534','0534',NULL,'s',NULL,NULL,'2016-01-01','2016-01-01',1,'1459215531','2016-03-29 11:25:10'),('145922552099','333333','1459225520','0520',NULL,'0520','0520',NULL,'s',NULL,NULL,'2016-01-01','2016-01-01',1,'1459138103','2016-03-29 11:25:20'),('145922553399','333333','1459225533','0511',NULL,'0511','0511',NULL,'srjn',NULL,NULL,'2016-01-01','2016-01-01',1,'1459152424','2016-03-29 11:25:33'),('145922556399','333333','1459225563','0511',NULL,'0511','0511',NULL,'srjn',NULL,NULL,'2016-01-01','2016-01-01',1,'1459152424','2016-03-29 11:26:03'),('145922557999','333333','1459225579','0534',NULL,'0534','053401',NULL,'s',NULL,NULL,'2016-01-01','2016-01-01',1,'1459215531','2016-03-29 11:26:19'),('145922558399','333333','1459225583','0511',NULL,'0511','0511',NULL,'srjn',NULL,NULL,'2016-01-01','2016-01-01',1,'1459152424','2016-03-29 11:26:23'),('145922560399','333333','1459225603','0520',NULL,'0520','0520',NULL,'s',NULL,NULL,'2016-01-01','2016-01-01',1,'1459138103','2016-03-29 11:26:43'),('145922560899','333333','1459225608','0511',NULL,'0511','0511',NULL,'srjn',NULL,NULL,'2016-01-01','2016-01-01',1,'1459152424','2016-03-29 11:26:48'),('145922563199','333333','1459225631','0511',NULL,'0511','0511',NULL,'srjn',NULL,NULL,'2016-01-01','2016-01-01',1,'1459152424','2016-03-29 11:27:11'),('145922565199','333333','1459225651','0511',NULL,'0511','0511',NULL,'srjn',NULL,NULL,'2016-01-01','2016-01-01',1,'1459152424','2016-03-29 11:27:31'),('145922567199','333333','1459225671','0520',NULL,'0520','0520',NULL,'s',NULL,NULL,'2016-01-01','2016-01-01',1,'1459138103','2016-03-29 11:27:51'),('145922567299','333333','1459225672','0534',NULL,'0534','0534',NULL,'s',NULL,NULL,'2016-01-01','2016-01-01',1,'1459215531','2016-03-29 11:27:52'),('145922572799','333333','1459225727','0534',NULL,'0534','0534',NULL,'s',NULL,NULL,'2016-01-01','2016-01-01',1,'1459215531','2016-03-29 11:28:47'),('145922573099','333333','1459225730','0520',NULL,'0520','0520',NULL,'s',NULL,NULL,'2016-01-01','2016-01-01',1,'1459138103','2016-03-29 11:28:50'),('145922578999','333333','1459225789','0534',NULL,'0534','0534',NULL,'s',NULL,NULL,'2016-01-01','2016-01-01',1,'1459215531','2016-03-29 11:29:49'),('145922580699','333333','1459225806','0520',NULL,'0520','0520',NULL,'s',NULL,NULL,'2016-01-01','2016-01-01',1,'1459138103','2016-03-29 11:30:06'),('145922586399','333333','1459225863','0520',NULL,'0520','0520',NULL,'s',NULL,NULL,'2016-01-01','2016-01-01',1,'1459138103','2016-03-29 11:31:03'),('145922592899','333333','1459225928','0534',NULL,'0534','0534',NULL,'s',NULL,NULL,'2016-01-01','2016-01-01',1,'1459215531','2016-03-29 11:32:08'),('145922595999','333333','1459225959','0520',NULL,'0520','0520',NULL,'s',NULL,NULL,'2016-01-01','2016-01-01',1,'1459138103','2016-03-29 11:32:39'),('145922598799','333333','1459225987','0534',NULL,'0534','0534',NULL,'s',NULL,NULL,'2016-01-01','2016-01-01',1,'1459215531','2016-03-29 11:33:07'),('145922602899','333333','1459226028','0520',NULL,'0520','0520',NULL,'s',NULL,NULL,'2016-01-01','2016-01-01',1,'1459138103','2016-03-29 11:33:48'),('145922604899','333333','1459226048','0534',NULL,'0534','0534',NULL,'s',NULL,NULL,'2016-01-01','2016-01-01',1,'1459215531','2016-03-29 11:34:08'),('145922608299','333333','1459226082','0520',NULL,'0520','0520',NULL,'s',NULL,NULL,'2016-01-01','2016-01-01',1,'1459138103','2016-03-29 11:34:42'),('145922609899','333333','1459226098','0534',NULL,'0534','0534',NULL,'s',NULL,NULL,'2016-01-01','2016-01-01',1,'1459215531','2016-03-29 11:34:58'),('145922616499','333333','1459226164','0534',NULL,'0534','053401',NULL,'s',NULL,NULL,'2016-01-01','2016-01-01',1,'1459215531','2016-03-29 11:36:04'),('145922621199','333333','1459226211','0520',NULL,'0520','0520',NULL,'s',NULL,NULL,'2016-01-01','2016-01-01',1,'1459138103','2016-03-29 11:36:51'),('145922623999','333333','1459226239','0534',NULL,'0534','0534',NULL,'s',NULL,NULL,'2016-01-01','2016-01-01',1,'1459215531','2016-03-29 11:37:19'),('145922693699','333333','1459226936','0520',NULL,'0520','052001',NULL,'s',NULL,NULL,'2016-01-01','2016-01-01',1,'1459138103','2016-04-14 11:30:21'),('145922700899','333333','1459227008','0520',NULL,'0520','052001',NULL,'s',NULL,NULL,'2016-01-01','2016-01-01',1,'1459138103','2016-03-29 11:50:08'),('145922707799','333333','1459227077','0520',NULL,'0520','052001',NULL,'s',NULL,NULL,'2016-01-01','2016-01-01',1,'1459138103','2016-03-29 11:51:17'),('145922713599','333333','1459227135','0520',NULL,'0520','052001',NULL,'s',NULL,NULL,'2016-01-01','2016-01-01',1,'1459138103','2016-03-29 11:52:15'),('145922719899','333333','1459227198','0520',NULL,'0520','052001',NULL,'s',NULL,NULL,'2016-01-01','2016-01-01',1,'1459138103','2016-03-29 11:53:18'),('145922727099','333333','1459227270','0520',NULL,'0520','052001',NULL,'s',NULL,NULL,'2016-01-01','2016-01-01',1,'1459138103','2016-03-29 11:54:30'),('145922749099','333333','1459227490','0534',NULL,'0534','0534',NULL,'s',NULL,NULL,'2016-01-01','2016-01-01',1,'1459215531','2016-03-29 11:58:10'),('145922756899','333333','1459227568','0534',NULL,'0534','053401',NULL,'s',NULL,NULL,'2016-01-01','2016-01-01',1,'1459215531','2016-03-29 11:59:28'),('145922774399','333333','1459227743','0534',NULL,'0534','053401',NULL,'s',NULL,NULL,'2016-01-01','2016-01-01',1,'1459215531','2016-03-29 12:02:23'),('145922776799','333333','1459227767','0511',NULL,'0511','0511',NULL,'s',NULL,NULL,'2016-01-01','2016-01-01',1,'1459152424','2016-03-29 12:02:47'),('145922783399','333333','1459227833','0534',NULL,'0534','053401',NULL,'s',NULL,NULL,'2016-01-01','2016-01-01',1,'1459215531','2016-03-29 12:03:53'),('145922786599','333333','1459227865','0511',NULL,'0511','0511',NULL,'srjn',NULL,NULL,'2016-01-01','2016-01-01',1,'1459152424','2016-03-29 12:04:25'),('145922789099','333333','1459227890','0534',NULL,'0534','0534',NULL,'s',NULL,NULL,'2016-01-01','2016-01-01',1,'1459215531','2016-03-29 12:04:50'),('145922974399','333333','1459229743','05',NULL,'0503','05',NULL,'e4',NULL,NULL,'2016-01-01','2016-01-01',1,'1459136367','2016-03-29 12:35:43'),('145923024199','333333','1459230241','0510',NULL,'0510','0510',NULL,'e4',NULL,NULL,'2016-01-01','2016-01-01',1,'1459152004','2016-03-29 12:44:01'),('145923030899','333333','1459230308','0510',NULL,'0510','0510',NULL,'e4',NULL,NULL,'2016-01-01','2016-01-01',1,'1459152004','2016-03-29 12:45:08'),('145923039099','333333','1459230390','0510',NULL,'0510','0510',NULL,'e4',NULL,NULL,'2016-01-01','2016-01-01',1,'1459152004','2016-03-29 12:46:30'),('145923044699','333333','1459230446','0510',NULL,'0510','0510',NULL,'e3',NULL,NULL,'2016-01-01','2016-01-01',1,'1459152004','2016-03-29 12:47:26'),('145923056399','333333','1459230563','0510',NULL,'0510','0510',NULL,'s',NULL,NULL,'2016-01-01','2016-01-01',1,'1459152004','2016-03-29 12:49:23'),('145923063299','333333','1459230632','0510',NULL,'0510','0510',NULL,'s',NULL,NULL,'2016-01-01','2016-01-01',1,'1459152004','2016-03-29 12:50:32'),('145923072599','333333','1459230725','0510',NULL,'0510','0510',NULL,'s',NULL,NULL,'2016-01-01','2016-01-01',1,'1459152004','2016-03-29 12:52:05'),('145923079199','333333','1459230791','0510',NULL,'0510','0510',NULL,'s',NULL,NULL,'2016-01-01','2016-01-01',1,'1459152004','2016-03-29 12:53:11'),('145923084099','333333','1459230840','0510',NULL,'0510','0510',NULL,'s',NULL,NULL,'2016-01-01','2016-01-01',1,'1459152004','2016-03-29 12:54:00'),('145923089699','333333','1459230896','0510',NULL,'0510','0510',NULL,'s',NULL,NULL,'2016-01-01','2016-01-01',1,'1459152004','2016-03-29 12:54:56'),('145923096399','333333','1459230963','0510',NULL,'0510','0510',NULL,'s',NULL,NULL,'2016-01-01','2016-01-01',1,'1459152004','2016-03-29 12:56:03'),('145923102499','333333','1459231024','0510',NULL,'0510','0510',NULL,'s',NULL,NULL,'2016-01-01','2016-01-01',1,'1459152004','2016-03-29 12:57:04'),('145923109699','333333','1459231096','0510',NULL,'0510','0510',NULL,'s',NULL,NULL,'2016-01-01','2016-01-01',1,'1459152004','2016-03-29 12:58:16'),('145923120299','333333','1459231202','0510',NULL,'0510','0510',NULL,'s',NULL,NULL,'2016-01-01','2016-01-01',1,'1459152004','2016-03-29 13:00:02'),('145923132099','333333','1459231320','0510',NULL,'0510','0510',NULL,'s',NULL,NULL,'2016-01-01','2016-01-01',1,'1459152004','2016-03-29 13:02:00'),('145923153399','333333','1459231533','0510',NULL,'0510','0510',NULL,'srjn',NULL,NULL,'2016-01-01','2016-01-01',1,'1459152004','2016-03-29 13:05:33'),('145923157299','333333','1459231572','0510',NULL,'0510','0510',NULL,'srjn',NULL,NULL,'2016-01-01','2016-01-01',1,'1459152004','2016-03-29 13:06:12'),('145923161699','333333','1459231616','0510',NULL,'0510','0510',NULL,'srjn',NULL,NULL,'2016-01-01','2016-01-01',1,'1459152004','2016-03-29 13:06:56'),('145923162299','333333','1459231622','0505',NULL,'0505','0505',NULL,'e3',NULL,NULL,'2016-01-01','2016-01-01',1,'1459136436','2016-03-30 13:37:10'),('145923168399','333333','1459231683','0510',NULL,'0510','0510',NULL,'srjn',NULL,NULL,'2016-01-01','2016-01-01',1,'1459152004','2016-03-29 13:08:03'),('145923170899','333333','1459231708','0510',NULL,'0510','0510',NULL,'srjn',NULL,NULL,'2016-01-01','2016-01-01',1,'1459152004','2016-03-29 13:08:28'),('145923173799','333333','1459231737','0510',NULL,'0510','0510',NULL,'srjn',NULL,NULL,'2016-01-01','2016-01-01',1,'1459152004','2016-03-29 13:08:57'),('145923176499','333333','1459231764','0510',NULL,'0510','0510',NULL,'srjn',NULL,NULL,'2016-01-01','2016-01-01',1,'1459152004','2016-03-29 13:09:24'),('145923377399','333333','1459233773','0529',NULL,'0529','0529',NULL,'e3',NULL,NULL,'2016-01-01','2016-01-01',1,'1459151511','2016-03-29 13:42:53'),('145923389899','333333','1459233898','0529',NULL,'0529','0529',NULL,'e4',NULL,NULL,'2016-01-01','2016-01-01',1,'1459151511','2016-03-29 13:44:58'),('145923395999','333333','1459233959','0529',NULL,'0529','0529',NULL,'e4',NULL,NULL,'2016-01-01','2016-01-01',1,'1459151511','2016-03-29 13:45:59'),('145923400199','333333','1459234001','0529',NULL,'0529','0529',NULL,'e4',NULL,NULL,'2016-01-01','2016-01-01',1,'1459151511','2016-03-29 13:46:41'),('145923406199','333333','1459234061','0529',NULL,'0529','0529',NULL,'e4',NULL,NULL,'2016-01-01','2016-01-01',1,'1459151511','2016-03-29 13:47:41'),('145923411299','333333','1459234112','0529',NULL,'0529','0529',NULL,'e4',NULL,NULL,'2016-01-01','2016-01-01',1,'1459151511','2016-03-29 13:48:32'),('145923418699','333333','1459234186','0529',NULL,'0529','0529',NULL,'s',NULL,NULL,'2016-01-01','2016-01-01',1,'1459151511','2016-03-29 13:49:46'),('145923474999','333333','1459234749','0529',NULL,'0529','0529',NULL,'s',NULL,NULL,'2016-01-01','2016-01-01',1,'1459151511','2016-03-29 13:59:09'),('145923479999','333333','1459234799','0529',NULL,'0529','0529',NULL,'s',NULL,NULL,'2016-01-01','2016-01-01',1,'1459151511','2016-04-04 09:53:20'),('145923485299','333333','1459234852','0529',NULL,'0529','0529',NULL,'s',NULL,NULL,'2016-01-01','2016-01-01',1,'1459151511','2016-03-29 14:00:52'),('145923491099','333333','1459234910','0529',NULL,'0529','0529',NULL,'s',NULL,NULL,'2016-01-01','2016-01-01',1,'1459151511','2016-03-29 14:01:50'),('145923495899','333333','1459234958','0529',NULL,'0529','0529',NULL,'s',NULL,NULL,'2016-01-01','2016-01-01',1,'1459151511','2016-03-29 14:02:38'),('145923506499','333333','1459235064','0529',NULL,'0529','0529',NULL,'s',NULL,NULL,'2016-01-01','2016-01-01',1,'1459151511','2016-03-29 14:04:24'),('145923515399','333333','1459235153','0529',NULL,'0529','0529',NULL,'s',NULL,NULL,'2016-01-01','2016-01-01',1,'1459151511','2016-03-29 14:05:53'),('145923550899','333333','1459235508','0529',NULL,'0529','052901',NULL,'s',NULL,NULL,'2016-01-01','2016-01-01',1,'1459151511','2016-03-29 14:11:48'),('145923637099','333333','1459236370','0529',NULL,'0529','0529',NULL,'s',NULL,NULL,'2016-01-01','2016-01-01',1,'1459151511','2016-03-29 14:26:10'),('145923643899','333333','1459236438','0529',NULL,'0529','052901',NULL,'s',NULL,NULL,'2016-01-01','2016-01-01',1,'1459151511','2016-03-29 14:27:18'),('145923648599','333333','1459236485','0529',NULL,'0529','052901',NULL,'s',NULL,NULL,'2016-01-01','2016-01-01',1,'1459151511','2016-03-29 14:28:05'),('145923655099','333333','1459236550','0529',NULL,'0529','0529',NULL,'s',NULL,NULL,'2016-01-01','2016-01-01',1,'1459151511','2016-03-29 14:29:10'),('145923660299','333333','1459236602','0529',NULL,'0529','0529',NULL,'s',NULL,NULL,'2016-01-01','2016-01-01',1,'1459151511','2016-03-29 14:30:02'),('145923667099','333333','1459236670','0529',NULL,'0529','052901',NULL,'s',NULL,NULL,'2016-01-01','2016-01-01',1,'1459151511','2016-03-29 14:31:10'),('145923671799','333333','1459236717','0529',NULL,'0529','052901',NULL,'s',NULL,NULL,'2016-01-01','2016-01-01',1,'1459151511','2016-03-29 14:31:57'),('145923676099','333333','1459236760','0529',NULL,'0529','0529',NULL,'s',NULL,NULL,'2016-01-01','2016-01-01',1,'1459151511','2016-03-29 14:32:40'),('145923719799','333333','1459237197','0529',NULL,'0529','0529',NULL,'srjn',NULL,NULL,'2016-01-01','2016-01-01',1,'1459151511','2016-03-29 14:39:57'),('145923874499','333333','1459238744','0501',NULL,'0501','0501',NULL,'e4',NULL,NULL,'2016-01-01','2016-01-01',1,'1459065417','2016-03-30 14:44:20'),('145924321299','333333','1459243212','0518',NULL,'0518','0518',NULL,'e3',NULL,NULL,'2016-01-01','2016-01-01',1,'1459137509','2016-03-30 19:33:55'),('145924355399','333333','1459243553','0518',NULL,'0518','0518',NULL,'e4',NULL,NULL,'2016-01-01','2016-01-01',1,'1459137509','2016-03-29 16:25:53'),('145924380099','333333','1459243800','0518',NULL,'0518','0518',NULL,'e4',NULL,NULL,'2016-01-01','2016-01-01',1,'1459137509','2016-03-29 16:30:00'),('145924410699','333333','1459244106','0518',NULL,'0518','0518',NULL,'e4',NULL,NULL,'2016-01-01','2016-01-01',1,'1459137509','2016-03-29 16:35:06'),('145924426099','333333','1459244260','0518',NULL,'0518','0518',NULL,'e4',NULL,NULL,'2016-01-01','2016-01-01',1,'1459137509','2016-03-29 16:37:40'),('145924434699','333333','1459244346','0518',NULL,'0518','0518',NULL,'e4',NULL,NULL,'2016-01-01','2016-01-01',1,'1459137509','2016-03-30 19:18:42'),('145924460399','333333','1459244603','0518',NULL,'0518','0518',NULL,'s',NULL,NULL,'2016-01-01','2016-01-01',1,'1459137509','2016-03-29 16:43:23'),('145924624199','333333','1459246241','0518',NULL,'0518','0518',NULL,'s',NULL,NULL,'2016-01-01','2016-01-01',1,'1459137509','2016-04-14 07:44:16'),('145924640499','333333','1459246404','0518',NULL,'0518','0518',NULL,'s',NULL,NULL,'2016-01-01','2016-01-01',1,'1459137509','2016-03-29 17:13:24'),('145924657199','333333','1459246571','0518',NULL,'0518','0518',NULL,'s',NULL,NULL,'2016-01-01','2016-01-01',1,'1459137509','2016-03-29 17:16:11'),('145924666499','333333','1459246664','0518',NULL,'0518','0518',NULL,'s',NULL,NULL,'2016-01-01','2016-01-01',1,'1459137509','2016-04-14 07:45:11'),('145924682899','333333','1459246828','0518',NULL,'0518','0518',NULL,'s',NULL,NULL,'2016-01-01','2016-01-01',1,'1459137509','2016-03-29 17:20:28'),('145924698799','333333','1459246987','0518',NULL,'0518','0518',NULL,'s',NULL,NULL,'2016-01-01','2016-01-01',1,'1459137509','2016-03-29 17:23:07'),('145924713299','333333','1459247132','0518',NULL,'0518','0518',NULL,'s',NULL,NULL,'2016-01-01','2016-01-01',1,'1459137509','2016-03-29 17:25:32'),('145924723899','333333','1459247238','0518',NULL,'0518','0518',NULL,'s',NULL,NULL,'2016-01-01','2016-01-01',1,'1459137509','2016-03-29 17:27:18'),('145924729899','333333','1459247298','0518',NULL,'0518','0518',NULL,'srjn',NULL,NULL,'2016-01-01','2016-01-01',1,'1459137509','2016-03-29 17:28:18'),('145924732399','333333','1459247323','0518',NULL,'0518','0518',NULL,'srjn',NULL,NULL,'2016-01-01','2016-01-01',1,'1459137509','2016-03-29 17:28:43'),('145929571099','333333','1459295710','0517',NULL,'0517','0517',NULL,'e3',NULL,NULL,'2016-01-01','2016-01-01',1,'1459137438','2016-03-30 06:55:10'),('145929574999','333333','1459295749','0517',NULL,'0517','0517',NULL,'e4',NULL,NULL,'2016-01-01','2016-01-01',1,'1459137438','2016-03-30 06:55:49'),('145929578199','333333','1459295781','0517',NULL,'0517','0517',NULL,'e4',NULL,NULL,'2016-01-01','2016-01-01',1,'1459137438','2016-03-30 06:56:21'),('145929580999','333333','1459295809','0517',NULL,'0517','0517',NULL,'e4',NULL,NULL,'2016-01-01','2016-01-01',1,'1459137438','2016-03-30 06:56:49'),('145929585699','333333','1459295856','0517',NULL,'0517','0517',NULL,'e4',NULL,NULL,'2016-01-01','2016-01-01',1,'1459137438','2016-03-30 06:57:36'),('145929589199','333333','1459295891','0517',NULL,'0517','0517',NULL,'e4',NULL,NULL,'2016-01-01','2016-01-01',1,'1459137438','2016-03-30 06:58:11'),('145929592399','333333','1459295923','0517',NULL,'0517','0517',NULL,'srjn',NULL,NULL,'2016-01-01','2016-01-01',1,'1459137438','2016-03-30 06:58:43'),('145929594499','333333','1459295944','0517',NULL,'0517','0517',NULL,'srjn',NULL,NULL,'2016-01-01','2016-01-01',1,'1459137438','2016-03-30 06:59:04'),('145929648999','333333','1459296489','0517',NULL,'0517','0517',NULL,'sd3',NULL,NULL,'2016-01-01','2016-01-01',1,'1459137438','2016-04-18 09:05:54'),('145929650499','333333','1459296504','0517',NULL,'0517','0517',NULL,'srjn',NULL,NULL,'2016-01-01','2016-01-01',1,'1459137438','2016-03-30 07:08:24'),('145929652299','333333','1459296522','0517',NULL,'0517','0517',NULL,'sd3',NULL,NULL,'2016-01-01','2016-01-01',1,'1459137438','2016-04-18 09:05:30'),('145929655399','333333','1459296553','0517',NULL,'0517','0517',NULL,'s',NULL,NULL,'2016-01-01','2016-01-01',1,'1459137438','2016-03-30 07:09:13'),('145929658799','333333','1459296587','0517',NULL,'0517','0517',NULL,'s',NULL,NULL,'2016-01-01','2016-01-01',1,'1459137438','2016-03-30 07:09:47'),('145929665599','333333','1459296655','0517',NULL,'0517','0517',NULL,'s',NULL,NULL,'2016-01-01','2016-01-01',1,'1459137438','2016-03-30 07:10:55'),('145929668899','333333','1459296688','0517',NULL,'0517','0517',NULL,'s',NULL,NULL,'2016-01-01','2016-01-01',1,'1459137438','2016-03-30 07:11:28'),('145929672099','333333','1459296720','0517',NULL,'0517','0517',NULL,'s',NULL,NULL,'2016-01-01','2016-01-01',1,'1459137438','2016-03-30 07:12:00'),('145929675899','333333','1459296758','0517',NULL,'0517','0517',NULL,'s',NULL,NULL,'2016-01-01','2016-01-01',1,'1459137438','2016-03-30 07:12:38'),('145929679899','333333','1459296798','0517',NULL,'0517','0517',NULL,'s',NULL,NULL,'2016-01-01','2016-01-01',1,'1459137438','2016-03-30 07:13:18'),('145929693299','333333','1459296932','0512',NULL,'0512','0512',NULL,'e3',NULL,NULL,'2016-01-01','2016-01-01',1,'1459240332','2016-03-30 07:15:32'),('145929698299','333333','1459296982','0512',NULL,'0512','0512',NULL,'e4',NULL,NULL,'2016-01-01','2016-01-01',1,'1459240332','2016-03-30 07:16:22'),('145929703599','333333','1459297035','0512',NULL,'0512','0512',NULL,'e4',NULL,NULL,'2016-01-01','2016-01-01',1,'1459240332','2016-03-30 07:17:15'),('145929708899','333333','1459297088','0512',NULL,'0512','0512',NULL,'e4',NULL,NULL,'2016-01-01','2016-01-01',1,'1459240332','2016-03-30 07:18:08'),('145929714099','333333','1459297140','0512',NULL,'0512','0512',NULL,'e4',NULL,NULL,'2016-01-01','2016-01-01',1,'1459240332','2016-03-30 07:19:00'),('145929718799','333333','1459297187','0512',NULL,'0512','0512',NULL,'e4',NULL,NULL,'2016-01-01','2016-01-01',1,'1459240332','2016-03-30 07:19:47'),('145929726099','333333','1459297260','0512',NULL,'0512','0512',NULL,'s',NULL,NULL,'2016-01-01','2016-01-01',1,'1459240332','2016-03-30 13:55:32'),('145929737399','333333','1459297373','0512',NULL,'0512','0512',NULL,'s',NULL,NULL,'2016-01-01','2016-01-01',1,'1459240332','2016-03-30 07:22:53'),('145929743999','333333','1459297439','0512',NULL,'0512','0512',NULL,'s',NULL,NULL,'2016-01-01','2016-01-01',1,'1459240332','2016-03-30 07:23:59'),('145929751399','333333','1459297513','0512',NULL,'0512','0512',NULL,'s',NULL,NULL,'2016-01-01','2016-01-01',1,'1459240332','2016-03-30 07:25:13'),('145929756599','333333','1459297565','0512',NULL,'0512','0512',NULL,'s',NULL,NULL,'2016-01-01','2016-01-01',1,'1459240332','2016-03-30 07:26:05'),('145929760999','333333','1459297609','0512',NULL,'0512','0512',NULL,'s',NULL,NULL,'2016-01-01','2016-01-01',1,'1459240332','2016-03-30 07:26:49'),('145929764799','333333','1459297647','0512',NULL,'0512','0512',NULL,'s',NULL,NULL,'2016-01-01','2016-01-01',1,'1459240332','2016-03-30 07:27:27'),('145929768299','333333','1459297682','0512',NULL,'0512','0512',NULL,'s',NULL,NULL,'2016-01-01','2016-01-01',1,'1459240332','2016-03-30 07:28:02'),('145929774099','333333','1459297740','0512',NULL,'0512','0512',NULL,'s',NULL,NULL,'2016-01-01','2016-01-01',1,'1459240332','2016-03-30 07:29:00'),('145929780299','333333','1459297802','0512',NULL,'0512','0512',NULL,'s',NULL,NULL,'2016-01-01','2016-01-01',1,'1459240332','2016-03-30 07:30:02'),('145929785899','333333','1459297858','0512',NULL,'0512','0512',NULL,'s',NULL,NULL,'2016-01-01','2016-01-01',1,'1459240332','2016-03-30 07:32:31'),('145929791299','333333','1459297912','0512',NULL,'0512','0512',NULL,'s',NULL,NULL,'2016-01-01','2016-01-01',1,'1459240332','2016-03-30 07:31:52'),('145929798699','333333','1459297986','0512',NULL,'0512','0512',NULL,'s',NULL,NULL,'2016-01-01','2016-01-01',1,'1459240332','2016-03-30 07:33:06'),('145929803399','333333','1459298033','0512',NULL,'0512','0512',NULL,'srjn',NULL,NULL,'2016-01-01','2016-01-01',1,'1459240332','2016-03-30 07:33:53'),('145929808999','333333','1459298089','0512',NULL,'0512','0512',NULL,'srjn',NULL,NULL,'2016-01-01','2016-01-01',1,'1459240332','2016-03-30 07:34:49'),('145929811299','333333','1459298112','0512',NULL,'0512','0512',NULL,'srjn',NULL,NULL,'2016-01-01','2016-01-01',1,'1459240332','2016-03-30 07:35:12'),('145929813699','333333','1459298136','0512',NULL,'0512','0512',NULL,'srjn',NULL,NULL,'2016-01-01','2016-01-01',1,'1459240332','2016-03-30 07:35:36'),('145929816099','333333','1459298160','0512',NULL,'0512','0512',NULL,'srjn',NULL,NULL,'2016-01-01','2016-01-01',1,'1459240332','2016-03-30 07:36:00'),('145930292999','333333','1459302929','05',NULL,'0503','05',NULL,'e4',NULL,NULL,'2016-01-01','2016-01-01',1,'1459065329','2016-03-30 08:55:29'),('145930333699','333333','1459303336','0505',NULL,'0505','0505',NULL,'e4',NULL,NULL,'2016-01-01','2016-01-01',1,'1459136436','2016-03-30 09:02:44'),('145930619899','333333','1459306198','05',NULL,'0501','05',NULL,'s',NULL,NULL,'2016-01-01','2016-01-01',1,'1459065417','2016-03-30 09:49:58'),('145931127599','333333','1459311275','0502',NULL,'0502','0502',NULL,'e3',NULL,NULL,'2016-01-01','2016-01-01',1,'1459136279','2016-03-30 11:14:35'),('145931141499','333333','1459311414','0520',NULL,'0520','0520',NULL,'e4',NULL,NULL,'2016-01-01','2016-01-01',1,'1459138103','2016-04-14 11:29:33'),('145931148399','333333','1459311483','0502',NULL,'0502','0502',NULL,'e4',NULL,NULL,'2016-01-01','2016-01-01',1,'1459136279','2016-03-30 11:18:03'),('145931162799','333333','1459311627','0502',NULL,'0502','0502',NULL,'e4',NULL,NULL,'2016-01-01','2016-01-01',1,'1459136279','2016-03-30 11:20:27'),('145931202599','333333','1459312025','0502',NULL,'0502','0502',NULL,'e4',NULL,NULL,'2016-01-01','2016-01-01',1,'1459136279','2016-03-30 11:27:05'),('145931216499','333333','1459312164','0502',NULL,'0502','0502',NULL,'e4',NULL,NULL,'2016-01-01','2016-01-01',1,'1459136279','2016-03-30 15:07:37'),('145931224899','333333','1459312248','0504',NULL,'0504','0504',NULL,'e3',NULL,NULL,'2016-01-01','2016-01-01',1,'1459133843','2016-03-30 14:58:25'),('145931227199','333333','1459312271','0502',NULL,'0502','0502',NULL,'s',NULL,NULL,'2016-01-01','2016-01-01',1,'1459136279','2016-03-30 11:31:11'),('145931230899','333333','1459312308','05',NULL,'0501','05',NULL,'e4',NULL,NULL,'2016-01-01','2016-01-01',1,'1459065329','2016-03-30 11:31:48'),('145931232999','333333','1459312329','0502',NULL,'0502','0502',NULL,'s',NULL,NULL,'2016-01-01','2016-01-01',1,'1459136279','2016-03-30 11:32:09'),('145931240299','333333','1459312402','0502',NULL,'0502','0502',NULL,'s',NULL,NULL,'2016-01-01','2016-01-01',1,'1459136279','2016-03-30 11:33:22'),('145931247199','333333','1459312471','0504',NULL,'0504','0504',NULL,'e4',NULL,NULL,'2016-01-01','2016-01-01',1,'1459133843','2016-03-30 11:34:31'),('145931251999','333333','1459312519','0502',NULL,'0502','0502',NULL,'s',NULL,NULL,'2016-01-01','2016-01-01',1,'1459136279','2016-03-30 11:35:19'),('145931258199','333333','1459312581','0502',NULL,'0502','0502',NULL,'s',NULL,NULL,'2016-01-01','2016-01-01',1,'1459136279','2016-03-30 11:36:21'),('145931263199','333333','1459312631','0504',NULL,'0504','0504',NULL,'e4',NULL,NULL,'2016-01-01','2016-01-01',1,'1459133843','2016-03-30 11:37:11'),('145931268399','333333','1459312683','0502',NULL,'0502','0502',NULL,'s',NULL,NULL,'2016-01-01','2016-01-01',1,'1459136279','2016-03-30 11:38:03'),('145931274499','333333','1459312744','0504',NULL,'0504','0504',NULL,'e4',NULL,NULL,'2016-01-01','2016-01-01',1,'1459133843','2016-03-30 11:39:04'),('145931277299','333333','1459312772','0502',NULL,'0502','0502',NULL,'s',NULL,NULL,'2016-01-01','2016-01-01',1,'1459136279','2016-03-30 11:39:32'),('145931284899','333333','1459312848','0502',NULL,'0502','0502',NULL,'s',NULL,NULL,'2016-01-01','2016-01-01',1,'1459136279','2016-03-30 11:40:48'),('145931285899','333333','1459312858','0504',NULL,'0504','0504',NULL,'e4',NULL,NULL,'2016-01-01','2016-01-01',1,'1459133843','2016-03-30 11:40:58'),('145931294299','333333','1459312942','0502',NULL,'0502','0502',NULL,'s',NULL,NULL,'2016-01-01','2016-01-01',1,'1459136279','2016-03-30 11:42:22'),('145931295999','333333','1459312959','0504',NULL,'0504','0504',NULL,'e4',NULL,NULL,'2016-01-01','2016-01-01',1,'1459133843','2016-03-30 16:06:39'),('145931304399','333333','1459313043','0504',NULL,'0504','0504',NULL,'s',NULL,NULL,'2016-01-01','2016-01-01',1,'1459133843','2016-03-30 12:11:58'),('145931313499','333333','1459313134','0504',NULL,'0504','0504',NULL,'s',NULL,NULL,'2016-01-01','2016-01-01',1,'1459133843','2016-03-30 12:14:13'),('145931330099','333333','1459313300','0504',NULL,'0504','0504',NULL,'s',NULL,NULL,'2016-01-01','2016-01-01',1,'1459133843','2016-03-30 12:12:48'),('145931356199','333333','1459313561','0502',NULL,'0502','0502',NULL,'s',NULL,NULL,'2016-01-01','2016-01-01',1,'1459136279','2016-03-30 11:52:41'),('145931357799','333333','1459313577','0504',NULL,'0504','0504',NULL,'s',NULL,NULL,'2016-01-01','2016-01-01',1,'1459133843','2016-03-30 12:13:11'),('145931369199','333333','1459313691','0504',NULL,'0504','0504',NULL,'s',NULL,NULL,'2016-01-01','2016-01-01',1,'1459133843','2016-03-30 12:13:30'),('145931373299','333333','1459313732','0502',NULL,'0502','0502',NULL,'s',NULL,NULL,'2016-01-01','2016-01-01',1,'1459136279','2016-03-30 11:55:32'),('145931405499','333333','1459314054','0504',NULL,'0504','0504',NULL,'s',NULL,NULL,'2016-01-01','2016-01-01',1,'1459133843','2016-03-30 12:00:54'),('145931415999','333333','1459314159','0504',NULL,'0504','0504',NULL,'s',NULL,NULL,'2016-01-01','2016-01-01',1,'1459133843','2016-03-30 12:02:39'),('145931427099','333333','1459314270','0504',NULL,'0504','0504',NULL,'s',NULL,NULL,'2016-01-01','2016-01-01',1,'1459133843','2016-03-30 12:04:30'),('145931435599','333333','1459314355','0504',NULL,'0504','0504',NULL,'s',NULL,NULL,'2016-01-01','2016-01-01',1,'1459133843','2016-03-30 12:05:55'),('145931443999','333333','1459314439','0504',NULL,'0504','0504',NULL,'s',NULL,NULL,'2016-01-01','2016-01-01',1,'1459133843','2016-03-30 12:07:19'),('145931452499','333333','1459314524','0504',NULL,'0504','0504',NULL,'s',NULL,NULL,'2016-01-01','2016-01-01',1,'1459133843','2016-03-30 12:08:44'),('145931461099','333333','1459314610','0504',NULL,'0504','0504',NULL,'srjn',NULL,NULL,'2016-01-01','2016-01-01',1,'1459133843','2016-03-30 12:10:10'),('145931467099','333333','1459314670','0504',NULL,'0504','0504',NULL,'srjn',NULL,NULL,'2016-01-01','2016-01-01',1,'1459133843','2016-03-30 12:11:10'),('145931471499','333333','1459314714','0524',NULL,'0524','0524',NULL,'e3',NULL,NULL,'2016-01-01','2016-01-01',1,'1459310660','2016-03-30 12:11:54'),('145931496999','333333','1459314969','0524',NULL,'0524','0524',NULL,'e4',NULL,NULL,'2016-01-01','2016-01-01',1,'1459310660','2016-03-30 12:16:09'),('145931506199','333333','1459315061','0524',NULL,'0524','0524',NULL,'e4',NULL,NULL,'2016-01-01','2016-01-01',1,'1459310660','2016-03-30 12:17:41'),('145931514599','333333','1459315145','0524',NULL,'0524','0524',NULL,'e4',NULL,NULL,'2016-01-01','2016-01-01',1,'1459310660','2016-03-30 12:19:05'),('145931520899','333333','1459315208','0524',NULL,'0524','0524',NULL,'e4',NULL,NULL,'2016-01-01','2016-01-01',1,'1459310660','2016-03-30 12:20:08'),('145931532399','333333','1459315323','0524',NULL,'0524','0524',NULL,'s',NULL,NULL,'2016-01-01','2016-01-01',1,'1459310660','2016-03-30 12:22:03'),('145931538699','333333','1459315386','0524',NULL,'0524','0524',NULL,'s',NULL,NULL,'2016-01-01','2016-01-01',1,'1459310660','2016-03-30 12:23:06'),('145931544099','333333','1459315440','0524',NULL,'0524','0524',NULL,'s',NULL,NULL,'2016-01-01','2016-01-01',1,'1459310660','2016-03-30 12:24:00'),('145931561299','333333','1459315612','0524',NULL,'0524','0524',NULL,'s',NULL,NULL,'2016-01-01','2016-01-01',1,'1459310660','2016-03-30 12:26:52'),('145931565899','333333','1459315658','0502',NULL,'0502','0502',NULL,'s',NULL,NULL,'2016-01-01','2016-01-01',1,'1459136279','2016-03-30 12:27:38'),('145931573299','333333','1459315732','0524',NULL,'0524','0524',NULL,'s',NULL,NULL,'2016-01-01','2016-01-01',1,'1459310660','2016-03-30 12:28:52'),('145931574199','333333','1459315741','0502',NULL,'0502','0502',NULL,'s',NULL,NULL,'2016-01-01','2016-01-01',1,'1459136279','2016-03-30 12:29:01'),('145931583599','333333','1459315835','0524',NULL,'0524','0524',NULL,'s',NULL,NULL,'2016-01-01','2016-01-01',1,'1459310660','2016-03-30 12:30:35'),('145931586499','333333','1459315864','0502',NULL,'0502','0502',NULL,'s',NULL,NULL,'2016-01-01','2016-01-01',1,'1459136279','2016-03-30 12:31:04'),('145931591199','333333','1459315911','0502',NULL,'0502','0502',NULL,'s',NULL,NULL,'2016-01-01','2016-01-01',1,'1459136279','2016-03-30 12:31:51'),('145931597999','333333','1459315979','0524',NULL,'0524','0524',NULL,'s',NULL,NULL,'2016-01-01','2016-01-01',1,'1459310660','2016-03-30 12:32:59'),('145931599999','333333','1459315999','0502',NULL,'0502','0502',NULL,'s',NULL,NULL,'2016-01-01','2016-01-01',1,'1459136279','2016-03-30 12:33:19'),('145931604699','333333','1459316046','0502',NULL,'0502','0502',NULL,'srjn',NULL,NULL,'2016-01-01','2016-01-01',1,'1459136279','2016-03-30 12:34:06'),('145931606199','333333','1459316061','0524',NULL,'0524','0524',NULL,'s',NULL,NULL,'2016-01-01','2016-01-01',1,'1459310660','2016-03-30 12:34:21'),('145931608699','333333','1459316086','0502',NULL,'0502','0502',NULL,'srjn',NULL,NULL,'2016-01-01','2016-01-01',1,'1459136279','2016-03-30 12:34:46'),('145931615699','333333','1459316156','0524',NULL,'0524','0524',NULL,'s',NULL,NULL,'2016-01-01','2016-01-01',1,'1459310660','2016-03-30 12:35:56'),('145931624999','333333','1459316249','0502',NULL,'0502','0502',NULL,'srjn',NULL,NULL,'2016-01-01','2016-01-01',1,'1459136279','2016-03-30 12:37:29'),('145931629999','333333','1459316299','0524',NULL,'0524','0524',NULL,'s',NULL,NULL,'2016-01-01','2016-01-01',1,'1459310660','2016-03-30 12:38:19'),('145931637599','333333','1459316375','0524',NULL,'0524','0524',NULL,'srjn',NULL,NULL,'2016-01-01','2016-01-01',1,'1459310660','2016-03-30 12:39:35'),('145931643499','333333','1459316434','0524',NULL,'0524','0524',NULL,'srjn',NULL,NULL,'2016-01-01','2016-01-01',1,'1459310660','2016-03-30 12:40:34'),('145931649199','333333','1459316491','0502',NULL,'0502','0502',NULL,'srjn',NULL,NULL,'2016-01-01','2016-01-01',1,'1459136279','2016-03-30 12:41:31'),('145931653199','333333','1459316531','0502',NULL,'0502','0502',NULL,'srjn',NULL,NULL,'2016-01-01','2016-01-01',1,'1459136279','2016-03-30 12:42:11'),('145931656299','333333','1459316562','0502',NULL,'0502','0502',NULL,'srjn',NULL,NULL,'2016-01-01','2016-01-01',1,'1459136279','2016-03-30 12:42:42'),('145931658999','333333','1459316589','0502',NULL,'0502','0502',NULL,'srjn',NULL,NULL,'2016-01-01','2016-01-01',1,'1459136279','2016-03-30 12:43:09'),('145931664799','333333','1459316647','0502',NULL,'0502','0502',NULL,'srjn',NULL,NULL,'2016-01-01','2016-01-01',1,'1459136279','2016-03-30 12:44:07'),('145931726899','333333','1459317268','0507',NULL,'0507','0507',NULL,'e3',NULL,NULL,'2016-01-01','2016-01-01',1,'1459137270','2016-03-30 12:54:28'),('145931796699','333333','1459317966','0507',NULL,'0507','0507',NULL,'e4',NULL,NULL,'2016-01-01','2016-01-01',1,'1459137270','2016-03-30 13:06:06'),('145931798799','333333','1459317987','0502',NULL,'0502','0502',NULL,'srjn',NULL,NULL,'2016-01-01','2016-01-01',1,'1459136279','2016-03-30 13:06:27'),('145931801899','333333','1459318018','0507',NULL,'0507','0507',NULL,'e4',NULL,NULL,'2016-01-01','2016-01-01',1,'1459137270','2016-03-30 13:06:58'),('145931802599','333333','1459318025','0502',NULL,'0502','0502',NULL,'srjn',NULL,NULL,'2016-01-01','2016-01-01',1,'1459136279','2016-03-30 13:07:05'),('145931806099','333333','1459318060','0507',NULL,'0507','0507',NULL,'e4',NULL,NULL,'2016-01-01','2016-01-01',1,'1459137270','2016-03-30 13:07:40'),('145931809799','333333','1459318097','0502',NULL,'0502','0502',NULL,'srjn',NULL,NULL,'2016-01-01','2016-01-01',1,'1459136279','2016-03-30 13:08:17'),('145931816499','333333','1459318164','0507',NULL,'0507','0507',NULL,'e4',NULL,NULL,'2016-01-01','2016-01-01',1,'1459137270','2016-03-30 13:09:24'),('145931824199','333333','1459318241','0502',NULL,'0502','0502',NULL,'srjn',NULL,NULL,'2016-01-01','2016-01-01',1,'1459136279','2016-03-30 13:10:41'),('145931827399','333333','1459318273','0502',NULL,'0502','0502',NULL,'srjn',NULL,NULL,'2016-01-01','2016-01-01',1,'1459136279','2016-03-30 13:11:13'),('145931830299','333333','1459318302','0502',NULL,'0502','0502',NULL,'srjn',NULL,NULL,'2016-01-01','2016-01-01',1,'1459136279','2016-03-30 13:11:42'),('145931833599','333333','1459318335','0502',NULL,'0502','0502',NULL,'srjn',NULL,NULL,'2016-01-01','2016-01-01',1,'1459136279','2016-03-30 13:12:15'),('145931835999','333333','1459318359','0502',NULL,'0502','0502',NULL,'srjn',NULL,NULL,'2016-01-01','2016-01-01',1,'1459136279','2016-03-30 13:12:39'),('145931930799','333333','1459319307','0501',NULL,'0501','0501',NULL,'e3',NULL,NULL,'2016-01-01','2016-01-01',1,'1459065417','2016-03-30 15:08:49'),('145931937899','333333','1459319378','0501',NULL,'0501','0501',NULL,'e4',NULL,NULL,'2016-01-01','2016-01-01',1,'1459065417','2016-03-30 13:29:38'),('145931943299','333333','1459319432','0501',NULL,'0501','0501',NULL,'e4',NULL,NULL,'2016-01-01','2016-01-01',1,'1459065417','2016-03-30 13:30:32'),('145931948699','333333','1459319486','0501',NULL,'0501','0501',NULL,'e4',NULL,NULL,'2016-01-01','2016-01-01',1,'1459065417','2016-03-30 13:31:26'),('145931955199','333333','1459319551','0501',NULL,'0501','0501',NULL,'e4',NULL,NULL,'2016-01-01','2016-01-01',1,'1459065417','2016-03-30 13:32:31'),('145931963199','333333','1459319631','0501',NULL,'0501','0501',NULL,'s',NULL,NULL,'2016-01-01','2016-01-01',1,'1459065417','2016-03-30 13:33:51'),('145931968699','333333','1459319686','0501',NULL,'0501','0501',NULL,'s',NULL,NULL,'2016-01-01','2016-01-01',1,'1459065417','2016-03-30 13:34:46'),('145931974299','333333','1459319742','0501',NULL,'0501','0501',NULL,'s',NULL,NULL,'2016-01-01','2016-01-01',1,'1459065417','2016-03-30 13:35:42'),('145931984499','333333','1459319844','0501',NULL,'0501','0501',NULL,'s',NULL,NULL,'2016-01-01','2016-01-01',1,'1459065417','2016-03-30 13:37:24'),('145931990699','333333','1459319906','0501',NULL,'0501','0501',NULL,'s',NULL,NULL,'2016-01-01','2016-01-01',1,'1459065417','2016-03-30 13:38:26'),('145931995299','333333','1459319952','0501',NULL,'0501','0501',NULL,'s',NULL,NULL,'2016-01-01','2016-01-01',1,'1459065417','2016-03-30 13:39:12'),('145932003799','333333','1459320037','0501',NULL,'0501','0501',NULL,'s',NULL,NULL,'2016-01-01','2016-01-01',1,'1459065417','2016-03-30 13:40:37'),('145932012599','333333','1459320125','0501',NULL,'0501','0501',NULL,'s',NULL,NULL,'2016-01-01','2016-01-01',1,'1459065417','2016-03-30 13:42:05'),('145932028499','333333','1459320284','0501',NULL,'0501','0501',NULL,'s',NULL,NULL,'2016-01-01','2016-01-01',1,'1459065417','2016-03-30 13:44:44'),('145932042599','333333','1459320425','0501',NULL,'0501','0501',NULL,'s',NULL,NULL,'2016-01-01','2016-01-01',1,'1459065417','2016-03-30 13:47:05'),('145932047099','333333','1459320470','0501',NULL,'0501','0501',NULL,'s',NULL,NULL,'2016-01-01','2016-01-01',1,'1459065417','2016-03-30 13:47:50'),('145932054999','333333','1459320549','0501',NULL,'0501','0501',NULL,'s',NULL,NULL,'2016-01-01','2016-01-01',1,'1459065417','2016-03-30 13:49:09'),('145932060499','333333','1459320604','0501',NULL,'0501','0501',NULL,'s',NULL,NULL,'2016-01-01','2016-01-01',1,'1459065417','2016-03-30 13:50:04'),('145932123399','333333','1459321233','0507',NULL,'0507','0507',NULL,'e4',NULL,NULL,'2016-01-01','2016-01-01',1,'1459137270','2016-03-30 14:00:33'),('145932130899','333333','1459321308','0501',NULL,'0501','0501',NULL,'s',NULL,NULL,'2016-01-01','2016-01-01',1,'1459065417','2016-03-30 14:01:48'),('145932139699','333333','1459321396','0501',NULL,'0501','0501',NULL,'s',NULL,NULL,'2016-01-01','2016-01-01',1,'1459065417','2016-03-30 14:03:16'),('145932143699','333333','1459321436','0501',NULL,'0501','0501',NULL,'s',NULL,NULL,'2016-01-01','2016-01-01',1,'1459065417','2016-03-31 11:02:12'),('145932168199','333333','1459321681','0507',NULL,'0507','0507',NULL,'s',NULL,NULL,'2016-01-01','2016-01-01',1,'1459137270','2016-03-30 14:08:01'),('145932182299','333333','1459321822','0507',NULL,'0507','0507',NULL,'s',NULL,NULL,'2016-01-01','2016-01-01',1,'1459137270','2016-03-30 14:10:22'),('145932185599','333333','1459321855','0501',NULL,'0501','0501',NULL,'s',NULL,NULL,'2016-01-01','2016-01-01',1,'1459065417','2016-03-30 14:10:55'),('145932192499','333333','1459321924','0501',NULL,'0501','0501',NULL,'s',NULL,NULL,'2016-01-01','2016-01-01',1,'1459065417','2016-03-30 14:12:04'),('145932193799','333333','1459321937','0507',NULL,'0507','0507',NULL,'s',NULL,NULL,'2016-01-01','2016-01-01',1,'1459137270','2016-03-30 14:12:17'),('145932196699','333333','1459321966','0501',NULL,'0501','0501',NULL,'s',NULL,NULL,'2016-01-01','2016-01-01',1,'1459065417','2016-03-30 14:12:46'),('145932200099','333333','1459322000','0507',NULL,'0507','0507',NULL,'s',NULL,NULL,'2016-01-01','2016-01-01',1,'1459137270','2016-03-30 14:13:20'),('145932201499','333333','1459322014','0501',NULL,'0501','0501',NULL,'s',NULL,NULL,'2016-01-01','2016-01-01',1,'1459065417','2016-03-30 14:13:34'),('145932206199','333333','1459322061','0501',NULL,'0501','0501',NULL,'s',NULL,NULL,'2016-01-01','2016-01-01',1,'1459065417','2016-03-30 14:14:21'),('145932210999','333333','1459322109','0501',NULL,'0501','0501',NULL,'s',NULL,NULL,'2016-01-01','2016-01-01',1,'1459065417','2016-03-30 14:15:09'),('145932215099','333333','1459322150','0501',NULL,'0501','0501',NULL,'s',NULL,NULL,'2016-01-01','2016-01-01',1,'1459065417','2016-03-30 14:15:50'),('145932218999','333333','1459322189','0501',NULL,'0501','0501',NULL,'s',NULL,NULL,'2016-01-01','2016-01-01',1,'1459065417','2016-03-30 14:16:29'),('145932223699','333333','1459322236','0501',NULL,'0501','0501',NULL,'s',NULL,NULL,'2016-01-01','2016-01-01',1,'1459065417','2016-03-30 14:17:16'),('145932225799','333333','1459322257','0507',NULL,'0507','0507',NULL,'s',NULL,NULL,'2016-01-01','2016-01-01',1,'1459137270','2016-03-30 14:17:37'),('145932236999','333333','1459322369','0507',NULL,'0507','0507',NULL,'s',NULL,NULL,'2016-01-01','2016-01-01',1,'1459137270','2016-03-30 14:19:29'),('145932266199','333333','1459322661','0507',NULL,'0507','0507',NULL,'s',NULL,NULL,'2016-01-01','2016-01-01',1,'1459137270','2016-03-30 14:24:21'),('145932277699','333333','1459322776','0507',NULL,'0507','0507',NULL,'s',NULL,NULL,'2016-01-01','2016-01-01',1,'1459137270','2016-03-30 14:26:16'),('145932339999','333333','1459323399','0507',NULL,'0507','0507',NULL,'s',NULL,NULL,'2016-01-01','2016-01-01',1,'1459137270','2016-03-30 14:36:39'),('145932346199','333333','1459323461','0501',NULL,'0501','0501',NULL,'srjn',NULL,NULL,'2016-01-01','2016-01-01',1,'1459065417','2016-04-27 09:32:11'),('145932348199','333333','1459323481','0507',NULL,'0507','0507',NULL,'s',NULL,NULL,'2016-01-01','2016-01-01',1,'1459137270','2016-03-30 14:38:01'),('145932348699','333333','1459323486','0501',NULL,'0501','0501',NULL,'srjn',NULL,NULL,'2016-01-01','2016-01-01',1,'1459065417','2016-03-30 14:38:06'),('145932351299','333333','1459323512','0501',NULL,'0501','0501',NULL,'srjn',NULL,NULL,'2016-01-01','2016-01-01',1,'1459065417','2016-03-30 14:38:32'),('145932353599','333333','1459323535','0501',NULL,'0501','0501',NULL,'srjn',NULL,NULL,'2016-01-01','2016-01-01',1,'1459065417','2016-03-30 14:38:55'),('145932355999','333333','1459323559','0501',NULL,'0501','0501',NULL,'srjn',NULL,NULL,'2016-01-01','2016-01-01',1,'1459065417','2016-03-30 14:39:19'),('145932356499','333333','1459323564','0507',NULL,'0507','0507',NULL,'s',NULL,NULL,'2016-01-01','2016-01-01',1,'1459137270','2016-03-30 14:39:24'),('145932358199','333333','1459323581','0501',NULL,'0501','0501',NULL,'srjn',NULL,NULL,'2016-01-01','2016-01-01',1,'1459065417','2016-03-30 14:39:41'),('145932359899','333333','1459323598','0501',NULL,'0501','0501',NULL,'srjn',NULL,NULL,'2016-01-01','2016-01-01',1,'1459065417','2016-03-30 14:39:58'),('145932361999','333333','1459323619','0501',NULL,'0501','0501',NULL,'sd3',NULL,NULL,'2016-01-01','2016-01-01',1,'1459065417','2016-04-27 09:32:31'),('145932364099','333333','1459323640','0501',NULL,'0501','0501',NULL,'sd3',NULL,NULL,'2016-01-01','2016-01-01',1,'1459065417','2016-04-27 09:33:06'),('145932365699','333333','1459323656','0501',NULL,'0501','0501',NULL,'sd3',NULL,NULL,'2016-01-01','2016-01-01',1,'1459065417','2016-04-27 09:33:27'),('145932367999','333333','1459323679','0501',NULL,'0501','0501',NULL,'sd3',NULL,NULL,'2016-01-01','2016-01-01',1,'1459065417','2016-04-27 09:31:00'),('145932373899','333333','1459323738','0501',NULL,'0501','0501',NULL,'sd3',NULL,NULL,'2016-01-01','2016-01-01',1,'1459065417','2016-04-27 09:34:00'),('145932380499','333333','1459323804','0501',NULL,'0501','0501',NULL,'sd3',NULL,NULL,'2016-01-01','2016-01-01',1,'1459065417','2016-04-27 09:34:23'),('145932380599','333333','1459323805','0507',NULL,'0507','0507',NULL,'s',NULL,NULL,'2016-01-01','2016-01-01',1,'1459137270','2016-03-30 14:43:25'),('145932382999','333333','1459323829','0501',NULL,'0501','0501',NULL,'sd3',NULL,NULL,'2016-01-01','2016-01-01',1,'1459065417','2016-04-27 09:34:56'),('145932387699','333333','1459323876','0507',NULL,'0507','0507',NULL,'s',NULL,NULL,'2016-01-01','2016-01-01',1,'1459137270','2016-03-30 14:44:36'),('145932399199','333333','1459323991','0507',NULL,'0507','0507',NULL,'s',NULL,NULL,'2016-01-01','2016-01-01',1,'1459137270','2016-03-30 14:46:31'),('145932408399','333333','1459324083','0507',NULL,'0507','0507',NULL,'s',NULL,NULL,'2016-01-01','2016-01-01',1,'1459137270','2016-03-30 14:48:03'),('145932415399','333333','1459324153','0507',NULL,'0507','0507',NULL,'s',NULL,NULL,'2016-01-01','2016-01-01',1,'1459137270','2016-03-30 14:49:13'),('145932420099','333333','1459324200','0526',NULL,'0526','0526',NULL,'e4',NULL,NULL,'2016-01-01','2016-01-01',1,'1459322702','2016-03-30 14:50:00'),('145932420499','333333','1459324204','0507',NULL,'0507','0507',NULL,'srjn',NULL,NULL,'2016-01-01','2016-01-01',1,'1459137270','2016-03-30 14:50:04'),('145932421199','333333','1459324211','0526',NULL,'0526','0526',NULL,'e3',NULL,NULL,'2016-01-01','2016-01-01',1,'1459322702','2016-03-30 14:50:11'),('145932426599','333333','1459324265','0507',NULL,'0507','0507',NULL,'sd3',NULL,NULL,'2016-01-01','2016-01-01',1,'1459137270','2016-04-14 07:45:26'),('145932437399','333333','1459324373','0526',NULL,'0526','0526',NULL,'e4',NULL,NULL,'2016-01-01','2016-01-01',1,'1459322702','2016-03-30 14:52:53'),('145932439099','333333','1459324390','0526',NULL,'0526','0526',NULL,'e4',NULL,NULL,'2016-01-01','2016-01-01',1,'1459322702','2016-03-30 14:53:10'),('145932473899','333333','1459324738','0526',NULL,'0526','0526',NULL,'e4',NULL,NULL,'2016-01-01','2016-01-01',1,'1459322702','2016-03-30 14:58:58'),('145932481199','333333','1459324811','0526',NULL,'0526','0526',NULL,'s',NULL,NULL,'2016-01-01','2016-01-01',1,'1459322702','2016-03-30 15:00:11'),('145932489299','333333','1459324892','0526',NULL,'0526','0526',NULL,'e4',NULL,NULL,'2016-01-01','2016-01-01',1,'1459322702','2016-03-30 15:01:32'),('145932491399','333333','1459324913','0526',NULL,'0526','0526',NULL,'s',NULL,NULL,'2016-01-01','2016-01-01',1,'1459322702','2016-03-30 15:01:53'),('145932500899','333333','1459325008','0526',NULL,'0526','0526',NULL,'s',NULL,NULL,'2016-01-01','2016-01-01',1,'1459322702','2016-03-30 15:03:28'),('145932507199','333333','1459325071','0526',NULL,'0526','0526',NULL,'s',NULL,NULL,'2016-01-01','2016-01-01',1,'1459322702','2016-03-30 15:04:31'),('145932510599','333333','1459325105','0526',NULL,'0526','0526',NULL,'s',NULL,NULL,'2016-01-01','2016-01-01',1,'1459322702','2016-03-30 15:05:05'),('145932522699','333333','1459325226','0526',NULL,'0526','0526',NULL,'s',NULL,NULL,'2016-01-01','2016-01-01',1,'1459322702','2016-03-30 15:07:06'),('145932528399','333333','1459325283','0530',NULL,'0530','0530',NULL,'e3',NULL,NULL,'2016-01-01','2016-01-01',1,'1459322919','2016-04-14 08:41:00'),('145932535299','333333','1459325352','0530',NULL,'0530','0530',NULL,'e4',NULL,NULL,'2016-01-01','2016-01-01',1,'1459322919','2016-03-30 15:09:12'),('145932541099','333333','1459325410','0530',NULL,'0530','0530',NULL,'e4',NULL,NULL,'2016-01-01','2016-01-01',1,'1459322919','2016-03-30 15:10:10'),('145932546499','333333','1459325464','0530',NULL,'0530','0530',NULL,'e4',NULL,NULL,'2016-01-01','2016-01-01',1,'1459322919','2016-04-14 08:41:30'),('145932550899','333333','1459325508','0530',NULL,'0530','0530',NULL,'e4',NULL,NULL,'2016-01-01','2016-01-01',1,'1459322919','2016-03-30 15:11:48'),('145932555099','333333','1459325550','0530',NULL,'0530','0530',NULL,'e4',NULL,NULL,'2016-01-01','2016-01-01',1,'1459322919','2016-03-30 15:12:30'),('145932559199','333333','1459325591','0530',NULL,'0530','0530',NULL,'s',NULL,NULL,'2016-01-01','2016-01-01',1,'1459322919','2016-03-30 15:14:35'),('145932565499','333333','1459325654','0530',NULL,'0530','0530',NULL,'s',NULL,NULL,'2016-01-01','2016-01-01',1,'1459322919','2016-03-30 15:14:14'),('145932572899','333333','1459325728','0530',NULL,'0530','0530',NULL,'s',NULL,NULL,'2016-01-01','2016-01-01',1,'1459322919','2016-03-30 15:15:28'),('145932578999','333333','1459325789','0530',NULL,'0530','0530',NULL,'s',NULL,NULL,'2016-01-01','2016-01-01',1,'1459322919','2016-03-30 15:16:29'),('145932583899','333333','1459325838','0530',NULL,'0530','0530',NULL,'s',NULL,NULL,'2016-01-01','2016-01-01',1,'1459322919','2016-03-30 15:17:18'),('145932588799','333333','1459325887','0530',NULL,'0530','0530',NULL,'s',NULL,NULL,'2016-01-01','2016-01-01',1,'1459322919','2016-03-30 15:18:07'),('145932593299','333333','1459325932','0530',NULL,'0530','0530',NULL,'s',NULL,NULL,'2016-01-01','2016-01-01',1,'1459322919','2016-03-30 15:18:52'),('145932596899','333333','1459325968','0530',NULL,'0530','0530',NULL,'s',NULL,NULL,'2016-01-01','2016-01-01',1,'1459322919','2016-03-30 15:19:28'),('145932601399','333333','1459326013','0530',NULL,'0530','0530',NULL,'s',NULL,NULL,'2016-01-01','2016-01-01',1,'1459322919','2016-03-30 15:20:13'),('145932605299','333333','1459326052','0530',NULL,'0530','0530',NULL,'srjn',NULL,NULL,'2016-01-01','2016-01-01',1,'1459322919','2016-03-30 15:20:52'),('145932607299','333333','1459326072','0530',NULL,'0530','0530',NULL,'srjn',NULL,NULL,'2016-01-01','2016-01-01',1,'1459322919','2016-03-30 15:21:12'),('145932608799','333333','1459326087','0530',NULL,'0530','0530',NULL,'srjn',NULL,NULL,'2016-01-01','2016-01-01',1,'1459322919','2016-03-30 15:21:27'),('145933322199','333333','1459333221','0528',NULL,'0528','0528',NULL,'e3',NULL,NULL,'2016-01-01','2016-01-01',1,'1459331835','2016-03-30 17:23:54'),('145933339899','333333','1459333398','0528',NULL,'0528','0528',NULL,'e4',NULL,NULL,'2016-01-01','2016-01-01',1,'1459331835','2016-03-30 17:23:18'),('145933357399','333333','1459333573','0528',NULL,'0528','0528',NULL,'e4',NULL,NULL,'2016-01-01','2016-01-01',1,'1459331835','2016-03-30 17:26:13'),('145933364299','333333','1459333642','0528',NULL,'0528','0528',NULL,'e4',NULL,NULL,'2016-01-01','2016-01-01',1,'1459331835','2016-03-30 17:27:22'),('145933389899','333333','1459333898','0528',NULL,'0528','0528',NULL,'e4',NULL,NULL,'2016-01-01','2016-01-01',1,'1459331835','2016-03-30 17:31:38'),('145933395999','333333','1459333959','0528',NULL,'0528','0528',NULL,'e4',NULL,NULL,'2016-01-01','2016-01-01',1,'1459331835','2016-03-30 17:32:39'),('145933408999','333333','1459334089','0528',NULL,'0528','0528',NULL,'s',NULL,NULL,'2016-01-01','2016-01-01',1,'1459331835','2016-03-30 17:34:49'),('145933414699','333333','1459334146','0528',NULL,'0528','0528',NULL,'s',NULL,NULL,'2016-01-01','2016-01-01',1,'1459331835','2016-03-30 17:35:46'),('145933422699','333333','1459334226','0528',NULL,'0528','0528',NULL,'s',NULL,NULL,'2016-01-01','2016-01-01',1,'1459331835','2016-03-30 17:37:06'),('145933431099','333333','1459334310','0528',NULL,'0528','0528',NULL,'s',NULL,NULL,'2016-01-01','2016-01-01',1,'1459331835','2016-03-30 17:38:30'),('145933437199','333333','1459334371','0528',NULL,'0528','0528',NULL,'s',NULL,NULL,'2016-01-01','2016-01-01',1,'1459331835','2016-03-30 17:39:31'),('145933445999','333333','1459334459','0528',NULL,'0528','0528',NULL,'s',NULL,NULL,'2016-01-01','2016-01-01',1,'1459331835','2016-03-30 17:40:59'),('145933453099','333333','1459334530','0528',NULL,'0528','0528',NULL,'s',NULL,NULL,'2016-01-01','2016-01-01',1,'1459331835','2016-03-30 17:42:10'),('145933460799','333333','1459334607','0528',NULL,'0528','0528',NULL,'s',NULL,NULL,'2016-01-01','2016-01-01',1,'1459331835','2016-03-30 17:43:27'),('145933465899','333333','1459334658','0528',NULL,'0528','0528',NULL,'s',NULL,NULL,'2016-01-01','2016-01-01',1,'1459331835','2016-03-30 17:44:18'),('145933470599','333333','1459334705','0528',NULL,'0528','0528',NULL,'s',NULL,NULL,'2016-01-01','2016-01-01',1,'1459331835','2016-03-30 17:45:05'),('145933482199','333333','1459334821','0528',NULL,'0528','0528',NULL,'s',NULL,NULL,'2016-01-01','2016-01-01',1,'1459331835','2016-03-30 17:47:01'),('145933489699','333333','1459334896','0528',NULL,'0528','0528',NULL,'s',NULL,NULL,'2016-01-01','2016-01-01',1,'1459331835','2016-03-30 17:48:16'),('145933494499','333333','1459334944','0528',NULL,'0528','0528',NULL,'s',NULL,NULL,'2016-01-01','2016-01-01',1,'1459331835','2016-03-30 17:49:04'),('145933498299','333333','1459334982','0528',NULL,'0528','0528',NULL,'s',NULL,NULL,'2016-01-01','2016-01-01',1,'1459331835','2016-03-30 17:49:42'),('145933503399','333333','1459335033','0528',NULL,'0528','0528',NULL,'s',NULL,NULL,'2016-01-01','2016-01-01',1,'1459331835','2016-03-30 17:50:33'),('145933507799','333333','1459335077','0528',NULL,'0528','0528',NULL,'s',NULL,NULL,'2016-01-01','2016-01-01',1,'1459331835','2016-03-30 17:51:17'),('145934192699','333333','1459341926','0528',NULL,'0528','052801',NULL,'s',NULL,NULL,'2016-01-01','2016-01-01',1,'1459331835','2016-03-30 19:45:26'),('145934197099','333333','1459341970','0528',NULL,'0528','052801',NULL,'s',NULL,NULL,'2016-01-01','2016-01-01',1,'1459331835','2016-03-30 19:46:10'),('145934201699','333333','1459342016','0528',NULL,'0528','052801',NULL,'s',NULL,NULL,'2016-01-01','2016-01-01',1,'1459331835','2016-03-30 19:46:56'),('145934206799','333333','1459342067','0528',NULL,'0528','052801',NULL,'s',NULL,NULL,'2016-01-01','2016-01-01',1,'1459331835','2016-03-30 19:47:47'),('145934223399','333333','1459342233','0528',NULL,'0528','0528',NULL,'srjn',NULL,NULL,'2016-01-01','2016-01-01',1,'1459331835','2016-03-30 19:50:33'),('145934226199','333333','1459342261','0528',NULL,'0528','0528',NULL,'srjn',NULL,NULL,'2016-01-01','2016-01-01',1,'1459331835','2016-03-30 19:51:01'),('145934230899','333333','1459342308','0528',NULL,'0528','0528',NULL,'srjn',NULL,NULL,'2016-01-01','2016-01-01',1,'1459331835','2016-03-30 19:51:48'),('145934235499','333333','1459342354','0528',NULL,'0528','0528',NULL,'srjn',NULL,NULL,'2016-01-01','2016-01-01',1,'1459331835','2016-03-30 19:52:34'),('145934243699','333333','1459342436','0528',NULL,'0528','0528',NULL,'srjn',NULL,NULL,'2016-01-01','2016-01-01',1,'1459331835','2016-03-30 19:53:56'),('145934281599','333333','1459342815','0528',NULL,'0528','0528',NULL,'srjn',NULL,NULL,'2016-01-01','2016-01-01',1,'1459331835','2016-03-30 20:00:15'),('145934285299','333333','1459342852','0528',NULL,'0528','0528',NULL,'srjn',NULL,NULL,'2016-01-01','2016-01-01',1,'1459331835','2016-03-30 20:00:52'),('145938485999','333333','1459384859','0533',NULL,'0533','0533',NULL,'e3',NULL,NULL,'2016-01-01','2016-01-01',1,'1459310316','2016-03-31 07:40:59'),('145938537299','333333','1459385372','0533',NULL,'0533','0533',NULL,'e4',NULL,NULL,'2016-01-01','2016-01-01',1,'1459310316','2016-03-31 07:49:32'),('145938544599','333333','1459385445','0533',NULL,'0533','0533',NULL,'e4',NULL,NULL,'2016-01-01','2016-01-01',1,'1459310316','2016-03-31 07:50:45'),('145938551299','333333','1459385512','0533',NULL,'0533','0533',NULL,'e4',NULL,NULL,'2016-01-01','2016-01-01',1,'1459310316','2016-03-31 07:51:52'),('145938555699','333333','1459385556','0533',NULL,'0533','0533',NULL,'e4',NULL,NULL,'2016-01-01','2016-01-01',1,'1459310316','2016-03-31 07:52:36'),('145938561999','333333','1459385619','0533',NULL,'0533','0533',NULL,'e4',NULL,NULL,'2016-01-01','2016-01-01',1,'1459310316','2016-03-31 07:53:39'),('145938566299','333333','1459385662','0533',NULL,'0533','0533',NULL,'s',NULL,NULL,'2016-01-01','2016-01-01',1,'1459310316','2016-03-31 07:54:22'),('145938570199','333333','1459385701','0533',NULL,'0533','0533',NULL,'s',NULL,NULL,'2016-01-01','2016-01-01',1,'1459310316','2016-03-31 07:55:01'),('145938574099','333333','1459385740','0533',NULL,'0533','0533',NULL,'s',NULL,NULL,'2016-01-01','2016-01-01',1,'1459310316','2016-03-31 07:55:40'),('145938578999','333333','1459385789','0533',NULL,'0533','0533',NULL,'s',NULL,NULL,'2016-01-01','2016-01-01',1,'1459310316','2016-03-31 07:56:29'),('145938583099','333333','1459385830','0533',NULL,'0533','0533',NULL,'s',NULL,NULL,'2016-01-01','2016-01-01',1,'1459310316','2016-03-31 07:57:10'),('145938586499','333333','1459385864','0533',NULL,'0533','0533',NULL,'s',NULL,NULL,'2016-01-01','2016-01-01',1,'1459310316','2016-03-31 07:57:44'),('145938589499','333333','1459385894','0533',NULL,'0533','0533',NULL,'s',NULL,NULL,'2016-01-01','2016-01-01',1,'1459310316','2016-03-31 07:58:14'),('145938592799','333333','1459385927','0533',NULL,'0533','0533',NULL,'srjn',NULL,NULL,'2016-01-01','2016-01-01',1,'1459310316','2016-03-31 07:58:47'),('145938595099','333333','1459385950','0533',NULL,'0533','0533',NULL,'srjn',NULL,NULL,'2016-01-01','2016-01-01',1,'1459310316','2016-03-31 07:59:10'),('145938596799','333333','1459385967','0533',NULL,'0533','0533',NULL,'srjn',NULL,NULL,'2016-01-01','2016-01-01',1,'1459310316','2016-03-31 07:59:27'),('145938912099','333333','1459389120','0532',NULL,'0532','0532',NULL,'e3',NULL,NULL,'2016-01-01','2016-01-01',1,'1459153920','2016-03-31 08:52:31'),('145938928099','333333','1459389280','0532',NULL,'0532','0532',NULL,'e4',NULL,NULL,'2016-01-01','2016-01-01',1,'1459153920','2016-03-31 08:54:40'),('145938932399','333333','1459389323','0532',NULL,'0532','0532',NULL,'e4',NULL,NULL,'2016-01-01','2016-01-01',1,'1459153920','2016-03-31 08:55:23'),('145938935899','333333','1459389358','0532',NULL,'0532','0532',NULL,'e4',NULL,NULL,'2016-01-01','2016-01-01',1,'1459153920','2016-03-31 08:55:58'),('145938939199','333333','1459389391','0532',NULL,'0532','0532',NULL,'e4',NULL,NULL,'2016-01-01','2016-01-01',1,'1459153920','2016-03-31 08:56:31'),('145938942699','333333','1459389426','0532',NULL,'0532','0532',NULL,'e4',NULL,NULL,'2016-01-01','2016-01-01',1,'1459153920','2016-03-31 08:57:06'),('145938947399','333333','1459389473','0532',NULL,'0532','0532',NULL,'s',NULL,NULL,'2016-01-01','2016-01-01',1,'1459153920','2016-03-31 08:57:53'),('145938955499','333333','1459389554','0532',NULL,'0532','0532',NULL,'s',NULL,NULL,'2016-01-01','2016-01-01',1,'1459153920','2016-03-31 08:59:14'),('145938958999','333333','1459389589','0532',NULL,'0532','0532',NULL,'s',NULL,NULL,'2016-01-01','2016-01-01',1,'1459153920','2016-03-31 08:59:49'),('145938962499','333333','1459389624','0532',NULL,'0532','0532',NULL,'s',NULL,NULL,'2016-01-01','2016-01-01',1,'1459153920','2016-03-31 09:00:24'),('145938966799','333333','1459389667','0532',NULL,'0532','0532',NULL,'s',NULL,NULL,'2016-01-01','2016-01-01',1,'1459153920','2016-03-31 09:01:07'),('145938970199','333333','1459389701','0532',NULL,'0532','0532',NULL,'srjn',NULL,NULL,'2016-01-01','2016-01-01',1,'1459153920','2016-03-31 09:01:41'),('145938976099','333333','1459389760','0532',NULL,'0532','0532',NULL,'srjn',NULL,NULL,'2016-01-01','2016-01-01',1,'1459153920','2016-03-31 09:02:40'),('145938978499','333333','1459389784','0532',NULL,'0532','0532',NULL,'srjn',NULL,NULL,'2016-01-01','2016-01-01',1,'1459153920','2016-03-31 09:03:04'),('145939334199','333333','1459393341','0517',NULL,'0517','0517',NULL,'s',NULL,NULL,'2016-01-01','2016-01-01',1,'1459137438','2016-03-31 10:02:21'),('145939350199','333333','1459393501','0517',NULL,'0517','0517',NULL,'s',NULL,NULL,'2016-01-01','2016-01-01',1,'1459137438','2016-03-31 10:05:01'),('145939625899','333333','1459396258','05',NULL,'0502','05',NULL,'e4',NULL,NULL,'2016-01-01','2016-01-01',1,'1459303853','2016-03-31 11:16:38'),('145939632799','333333','1459396327','05',NULL,'0502','05',NULL,'s',NULL,NULL,'2016-01-01','2016-01-01',1,'1459303853','2016-03-31 10:52:07'),('145939637899','333333','1459396378','05',NULL,'0502','05',NULL,'s',NULL,NULL,'2016-01-01','2016-01-01',1,'1459303853','2016-03-31 10:52:58'),('145939642799','333333','1459396427','05',NULL,'0502','05',NULL,'s',NULL,NULL,'2016-01-01','2016-01-01',1,'1459303853','2016-03-31 10:53:47'),('145939647799','333333','1459396477','05',NULL,'0502','05',NULL,'s',NULL,NULL,'2016-01-01','2016-01-01',1,'1459303853','2016-03-31 10:54:37'),('145939651999','333333','1459396519','05',NULL,'0502','05',NULL,'s',NULL,NULL,'2016-01-01','2016-01-01',1,'1459303853','2016-03-31 10:55:19'),('145939654799','333333','1459396547','05',NULL,'0502','05',NULL,'srjn',NULL,NULL,'2016-01-01','2016-01-01',1,'1459303853','2016-03-31 10:55:47'),('145939658099','333333','1459396580','05',NULL,'0502','05',NULL,'srjn',NULL,NULL,'2016-01-01','2016-01-01',1,'1459303853','2016-03-31 10:56:20'),('145939660999','333333','1459396609','05',NULL,'0502','05',NULL,'srjn',NULL,NULL,'2016-01-01','2016-01-01',1,'1459303853','2016-03-31 10:56:49'),('145939685399','333333','1459396853','05',NULL,'0503','05',NULL,'e4',NULL,NULL,'2016-01-01','2016-01-01',1,'1459303895','2016-03-31 11:00:53'),('145939692399','333333','1459396923','05',NULL,'0503','05',NULL,'e4',NULL,NULL,'2016-01-01','2016-01-01',1,'1459303895','2016-03-31 11:02:03'),('145939699799','333333','1459396997','05',NULL,'0503','05',NULL,'s',NULL,NULL,'2016-01-01','2016-01-01',1,'1459303895','2016-03-31 11:03:17'),('145939738799','333333','1459397387','05',NULL,'0501','05',NULL,'s',NULL,NULL,'2016-01-01','2016-01-01',1,'1459303811','2016-03-31 11:09:47'),('145939745799','333333','1459397457','05',NULL,'0501','05',NULL,'s',NULL,NULL,'2016-01-01','2016-01-01',1,'1459303811','2016-03-31 11:10:57'),('145939749299','333333','1459397492','05',NULL,'0501','05',NULL,'srjn',NULL,NULL,'2016-01-01','2016-01-01',1,'1459303811','2016-03-31 11:11:32'),('145939752499','333333','1459397524','05',NULL,'0501','05',NULL,'srjn',NULL,NULL,'2016-01-01','2016-01-01',1,'1459303811','2016-03-31 11:12:04'),('145939754899','333333','1459397548','05',NULL,'0501','05',NULL,'srjn',NULL,NULL,'2016-01-01','2016-01-01',1,'1459303811','2016-03-31 11:12:28'),('145939875799','333333','1459398757','05',NULL,'0503','05',NULL,'e3',NULL,NULL,'2016-01-01','2016-01-01',1,'1459065329','2016-03-31 11:32:37'),('145940007999','333333','1459400079','0501',NULL,'0501','0501',NULL,'s',NULL,NULL,'2016-01-01','2016-01-01',1,'1459065417','2016-03-31 11:54:39'),('145940012099','333333','1459400120','0501',NULL,'0501','0501',NULL,'s',NULL,NULL,'2016-01-01','2016-01-01',1,'1459065417','2016-03-31 11:55:20'),('145940015999','333333','1459400159','0501',NULL,'0501','0501',NULL,'s',NULL,NULL,'2016-01-01','2016-01-01',1,'1459065417','2016-03-31 11:55:59'),('145940532599','333333','1459405325','05',NULL,'0503','05',NULL,'s',NULL,NULL,'2016-01-01','2016-01-01',1,'1459065329','2016-03-31 13:22:05'),('145940613099','333333','1459406130','05',NULL,'0501','05',NULL,'s',NULL,NULL,'2016-01-01','2016-01-01',1,'1458608926','2016-03-31 13:35:30'),('145940900599','333333','1459409005','05',NULL,'0503','05',NULL,'s',NULL,NULL,'2016-01-01','2016-01-01',1,'1459136367','2016-03-31 14:23:25'),('145940908199','333333','1459409081','05',NULL,'0503','05',NULL,'s',NULL,NULL,'2016-01-01','2016-01-01',1,'1459303895','2016-03-31 16:59:48'),('145941008299','333333','1459410082','05',NULL,'0503','05',NULL,'e4',NULL,NULL,'2016-01-01','2016-01-01',1,'1459065329','2016-04-06 08:01:13'),('145941013399','333333','1459410133','05',NULL,'0502','05',NULL,'e4',NULL,NULL,'2016-01-01','2016-01-01',1,'1459065329','2016-04-06 08:04:14'),('145941018099','333333','1459410180','05',NULL,'0503','05',NULL,'s',NULL,NULL,'2016-01-01','2016-01-01',1,'1459065329','2016-04-06 07:59:44'),('145941026899','333333','1459410268','05',NULL,'0501','05',NULL,'s',NULL,NULL,'2016-01-01','2016-01-01',1,'1459297654','2016-03-31 14:44:28'),('145941035799','333333','1459410357','05',NULL,'0503','05',NULL,'s',NULL,NULL,'2016-01-01','2016-01-01',1,'1459297654','2016-03-31 14:45:57'),('145941044399','333333','1459410443','05',NULL,'0501','05',NULL,'s',NULL,NULL,'2016-01-01','2016-01-01',1,'1459297654','2016-03-31 14:47:23'),('145941054099','333333','1459410540','05',NULL,'0501','05',NULL,'s',NULL,NULL,'2016-01-01','2016-01-01',1,'1459297654','2016-03-31 14:49:00'),('145941060799','333333','1459410607','05',NULL,'0501','05',NULL,'s',NULL,NULL,'2016-01-01','2016-01-01',1,'1459297654','2016-03-31 14:50:07'),('145941066099','333333','1459410660','05',NULL,'0501','05',NULL,'s',NULL,NULL,'2016-01-01','2016-01-01',1,'1459297654','2016-03-31 14:51:00'),('145941073199','333333','1459410731','05',NULL,'0501','05',NULL,'s',NULL,NULL,'2016-01-01','2016-01-01',1,'1459297654','2016-03-31 14:52:11'),('145941077999','333333','1459410779','05',NULL,'0502','05',NULL,'s',NULL,NULL,'2016-01-01','2016-01-01',1,'1459297654','2016-03-31 14:52:59'),('145941097499','333333','1459410974','05',NULL,'0501','05',NULL,'s',NULL,NULL,'2016-01-01','2016-01-01',1,'1459297654','2016-03-31 14:56:14'),('145941106099','333333','1459411060','05',NULL,'0501','05',NULL,'srjn',NULL,NULL,'2016-01-01','2016-01-01',1,'1459297654','2016-03-31 14:57:40'),('145941111499','333333','1459411114','05',NULL,'0501','05',NULL,'srjn',NULL,NULL,'2016-01-01','2016-01-01',1,'1459297654','2016-03-31 14:58:34'),('145941116699','333333','1459411166','05',NULL,'0503','05',NULL,'srjn',NULL,NULL,'2016-01-01','2016-01-01',1,'1459297654','2016-03-31 14:59:26'),('145941129199','333333','1459411291','05',NULL,'0502','05',NULL,'srjn',NULL,NULL,'2016-01-01','2016-01-01',1,'1459297654','2016-03-31 15:01:31'),('145941132199','333333','1459411321','05',NULL,'0502','05',NULL,'srjn',NULL,NULL,'2016-01-01','2016-01-01',1,'1459136279','2016-03-31 15:02:01'),('145941133199','333333','1459411331','05',NULL,'0503','05',NULL,'srjn',NULL,NULL,'2016-01-01','2016-01-01',1,'1459297654','2016-03-31 15:02:11'),('145941147899','333333','1459411478','05',NULL,'0502','05',NULL,'s',NULL,NULL,'2016-01-01','2016-01-01',1,'1459136279','2016-03-31 15:04:38'),('145941214199','333333','1459412141','05',NULL,'0501','05',NULL,'e4',NULL,NULL,'2016-01-01','2016-01-01',1,'1459303811','2016-03-31 15:15:41'),('145941222299','333333','1459412222','05',NULL,'0501','05',NULL,'s',NULL,NULL,'2016-01-01','2016-01-01',1,'1459303811','2016-03-31 15:17:02'),('145941229399','333333','1459412293','05',NULL,'0501','05',NULL,'s',NULL,NULL,'2016-01-01','2016-01-01',1,'1459303811','2016-03-31 15:18:13'),('145941240699','333333','1459412406','05',NULL,'0501','05',NULL,'s',NULL,NULL,'2016-01-01','2016-01-01',1,'1459303811','2016-03-31 15:20:06'),('145941244999','333333','1459412449','05',NULL,'0501','05',NULL,'e3',NULL,NULL,'2016-01-01','2016-01-01',1,'1459297654','2016-03-31 15:20:49'),('145941250599','333333','1459412505','05',NULL,'0501','05',NULL,'s',NULL,NULL,'2016-01-01','2016-01-01',1,'1459303811','2016-03-31 15:21:45'),('145941252999','333333','1459412529','05',NULL,'0502','05',NULL,'e4',NULL,NULL,'2016-01-01','2016-01-01',1,'1459297654','2016-03-31 15:22:09'),('145941277699','333333','1459412776','05',NULL,'0503','05',NULL,'e3',NULL,NULL,'2016-01-01','2016-01-01',1,'1459297654','2016-03-31 15:26:16'),('145941341499','333333','1459413414','05',NULL,'0502','05',NULL,'e3',NULL,NULL,'2016-01-01','2016-01-01',1,'1459303853','2016-03-31 15:36:54'),('145941348699','333333','1459413486','05',NULL,'0501','05',NULL,'e4',NULL,NULL,'2016-01-01','2016-01-01',1,'1459297654','2016-03-31 15:38:06'),('145941348799','333333','1459413487','05',NULL,'0502','05',NULL,'e4',NULL,NULL,'2016-01-01','2016-01-01',1,'1459303853','2016-03-31 15:38:07'),('145941355999','333333','1459413559','05',NULL,'0501','05',NULL,'e4',NULL,NULL,'2016-01-01','2016-01-01',1,'1459297654','2016-03-31 15:39:19'),('145941365099','333333','1459413650','05',NULL,'0502','05',NULL,'s',NULL,NULL,'2016-01-01','2016-01-01',1,'1459303853','2016-03-31 15:40:50'),('145941367299','333333','1459413672','05',NULL,'0502','05',NULL,'s',NULL,NULL,'2016-01-01','2016-01-01',1,'1459297654','2016-03-31 15:41:12'),('145941370199','333333','1459413701','05',NULL,'0502','05',NULL,'s',NULL,NULL,'2016-01-01','2016-01-01',1,'1459303853','2016-03-31 15:41:41'),('145941376299','333333','1459413762','05',NULL,'0502','05',NULL,'s',NULL,NULL,'2016-07-01','2016-07-01',1,'1458608926','2016-04-18 00:19:24'),('145941383799','333333','1459413837','05',NULL,'0503','05',NULL,'e4',NULL,NULL,'2016-01-01','2016-01-01',1,'1459065329','2016-04-06 08:00:10'),('145941385399','333333','1459413853','05',NULL,'0502','05',NULL,'s',NULL,NULL,'2016-01-01','2016-01-01',1,'1459297654','2016-03-31 15:44:13'),('145941390499','333333','1459413904','05',NULL,'0502','05',NULL,'s',NULL,NULL,'2016-01-01','2016-01-01',1,'1459297654','2016-03-31 15:45:04'),('145941391099','333333','1459413910','05',NULL,'0501','05',NULL,'e4',NULL,NULL,'2016-01-01','2016-01-01',1,'1459065329','2016-04-06 08:42:00'),('145941398299','333333','1459413982','05',NULL,'0502','05',NULL,'s',NULL,NULL,'2016-01-01','2016-01-01',1,'1459297654','2016-03-31 15:46:22'),('145941399499','333333','1459413994','05',NULL,'0502','05',NULL,'s',NULL,NULL,'2016-01-01','2016-01-01',1,'1459297654','2016-03-31 15:46:34'),('145941403499','333333','1459414034','05',NULL,'0503','05',NULL,'e4',NULL,NULL,'2016-01-01','2016-01-01',1,'1459303895','2016-03-31 15:53:17'),('145941405999','333333','1459414059','05',NULL,'0503','05',NULL,'s',NULL,NULL,'2016-01-01','2016-01-01',1,'1459297654','2016-03-31 15:47:39'),('145941407199','333333','1459414071','05',NULL,'0503','05',NULL,'s',NULL,NULL,'2016-01-01','2016-01-01',1,'1459297654','2016-03-31 15:47:51'),('145941409199','333333','1459414091','05',NULL,'0503','05',NULL,'s',NULL,NULL,'2016-01-01','2016-01-01',1,'1459303895','2016-03-31 15:48:11'),('145941411799','333333','1459414117','05',NULL,'0503','05',NULL,'s',NULL,NULL,'2016-01-01','2016-01-01',1,'1459297654','2016-03-31 15:48:37'),('145941417099','333333','1459414170','05',NULL,'0502','05',NULL,'s',NULL,NULL,'2016-01-01','2016-01-01',1,'1459297654','2016-03-31 15:49:30'),('145941419399','333333','1459414193','05',NULL,'0501','05',NULL,'s',NULL,NULL,'2016-01-01','2016-01-01',1,'1459297654','2016-03-31 15:49:53'),('145941419999','333333','1459414199','05',NULL,'0503','05',NULL,'s',NULL,NULL,'2016-01-01','2016-01-01',1,'1459303895','2016-03-31 15:49:59'),('145941421599','333333','1459414215','05',NULL,'0501','05',NULL,'s',NULL,NULL,'2016-01-01','2016-01-01',1,'1459297654','2016-03-31 15:50:15'),('145941428099','333333','1459414280','05',NULL,'0502','05',NULL,'s',NULL,NULL,'2016-01-01','2016-01-01',1,'1459297654','2016-03-31 15:51:20'),('145941429399','333333','1459414293','05',NULL,'0502','05',NULL,'s',NULL,NULL,'2016-01-01','2016-01-01',1,'1459297654','2016-03-31 15:51:33'),('145941432599','333333','1459414325','05',NULL,'0503','05',NULL,'srjn',NULL,NULL,'2016-01-01','2016-01-01',1,'1459303895','2016-03-31 15:52:05'),('145941433499','333333','1459414334','05',NULL,'0501','05',NULL,'s',NULL,NULL,'2016-01-01','2016-01-01',1,'1459297654','2016-03-31 15:52:14'),('145941435099','333333','1459414350','05',NULL,'0503','05',NULL,'s',NULL,NULL,'2016-01-01','2016-01-01',1,'1459297654','2016-03-31 15:52:30'),('145941438399','333333','1459414383','05',NULL,'0502','05',NULL,'s',NULL,NULL,'2016-01-01','2016-01-01',1,'1459297654','2016-03-31 15:53:03'),('145941443399','333333','1459414433','05',NULL,'0502','05',NULL,'s',NULL,NULL,'2016-01-01','2016-01-01',1,'1459297654','2016-03-31 15:53:53'),('145941443599','333333','1459414435','05',NULL,'0502','05',NULL,'s',NULL,NULL,'2016-01-01','2016-01-01',1,'1459297654','2016-03-31 15:53:55'),('145941452899','333333','1459414528','05',NULL,'0503','05',NULL,'s',NULL,NULL,'2016-01-01','2016-01-01',1,'1459297654','2016-03-31 15:55:28'),('145941455799','333333','1459414557','05',NULL,'0503','05',NULL,'s',NULL,NULL,'2016-01-01','2016-01-01',1,'1459297654','2016-03-31 15:55:57'),('145941458599','333333','1459414585','05',NULL,'0502','05',NULL,'srjn',NULL,NULL,'2016-01-01','2016-01-01',1,'1459297654','2016-03-31 15:56:25'),('145941465099','333333','1459414650','05',NULL,'0503','05',NULL,'s',NULL,NULL,'2016-01-01','2016-01-01',1,'1459297654','2016-03-31 15:57:30'),('145941486499','333333','1459414864','05',NULL,'0502','05',NULL,'s',NULL,NULL,'2016-01-01','2016-01-01',1,'1459297654','2016-03-31 16:01:04'),('145941488099','333333','1459414880','05',NULL,'0503','05',NULL,'s',NULL,NULL,'2016-01-01','2016-01-01',1,'1459303895','2016-03-31 16:01:20'),('145941490899','333333','1459414908','05',NULL,'0502','05',NULL,'s',NULL,NULL,'2016-01-01','2016-01-01',1,'1459297654','2016-03-31 16:01:48'),('145941499899','333333','1459414998','05',NULL,'0502','05',NULL,'srjn',NULL,NULL,'2016-01-01','2016-01-01',1,'1459303853','2016-03-31 16:03:18'),('145941500399','333333','1459415003','05',NULL,'0501','05',NULL,'srjn',NULL,NULL,'2016-01-01','2016-01-01',1,'1459297654','2016-03-31 16:03:23'),('145941509899','333333','1459415098','05',NULL,'0502','05',NULL,'srjn',NULL,NULL,'2016-01-01','2016-01-01',1,'1459297654','2016-03-31 16:04:58'),('145941512399','333333','1459415123','05',NULL,'0501','05',NULL,'srjn',NULL,NULL,'2016-01-01','2016-01-01',1,'1459297654','2016-03-31 16:05:23'),('145941519399','333333','1459415193','05',NULL,'0501','05',NULL,'srjn',NULL,NULL,'2016-01-01','2016-01-01',1,'1459297654','2016-03-31 16:06:33'),('145941529299','333333','1459415292','05',NULL,'0502','05',NULL,'srjn',NULL,NULL,'2016-01-01','2016-01-01',1,'1459297654','2016-03-31 16:08:12'),('145941554299','333333','1459415542','05',NULL,'0503','05',NULL,'s',NULL,NULL,'2016-01-01','2016-01-01',1,'1459297654','2016-03-31 16:12:22'),('145941589899','333333','1459415898','05',NULL,'0502','05',NULL,'srjn',NULL,NULL,'2016-01-01','2016-01-01',1,'1459297654','2016-03-31 16:18:18'),('145941609599','333333','1459416095','05',NULL,'0501','05',NULL,'e4',NULL,NULL,'2016-01-01','2016-01-01',1,'1459065329','2016-04-06 08:40:12'),('145941697299','333333','1459416972','05',NULL,'0502','05',NULL,'e3',NULL,NULL,'2016-01-01','2016-01-01',1,'1459297654','2016-03-31 16:36:12'),('145941740299','333333','1459417402','05',NULL,'0503','05',NULL,'s',NULL,NULL,'2016-01-01','2016-01-01',1,'1459297654','2016-03-31 16:43:22'),('145947377099','333333','1459473770','05',NULL,'0502','05',NULL,'s',NULL,NULL,'2016-01-01','2016-01-01',1,'1459297654','2016-04-01 08:22:50'),('145948311899','333333','1459483118','05',NULL,'0502','05',NULL,'srjn',NULL,NULL,'2016-01-01','2016-01-01',1,'1459297654','2016-04-01 10:58:38'),('145948343599','333333','1459483435','05',NULL,'0503','05',NULL,'e3',NULL,NULL,'2016-01-01','2016-01-01',1,'1459297654','2016-04-01 11:03:55'),('145948348199','333333','1459483481','05',NULL,'0503','05',NULL,'e4',NULL,NULL,'2016-01-01','2016-01-01',1,'1459065329','2016-04-06 07:58:42'),('145948361099','333333','1459483610','05',NULL,'0501','05',NULL,'s',NULL,NULL,'2016-01-01','2016-01-01',1,'1459297654','2016-04-01 11:06:50'),('145948365999','333333','1459483659','05',NULL,'0502','05',NULL,'s',NULL,NULL,'2016-01-01','2016-01-01',1,'1459297654','2016-04-01 11:07:39'),('145948371099','333333','1459483710','05',NULL,'0503','05',NULL,'s',NULL,NULL,'2016-01-01','2016-01-01',1,'1459297654','2016-04-01 11:08:30'),('145948376199','333333','1459483761','05',NULL,'0502','05',NULL,'s',NULL,NULL,'2016-01-01','2016-01-01',1,'1459297654','2016-04-01 11:09:21'),('145948380599','333333','1459483805','05',NULL,'0502','05',NULL,'s',NULL,NULL,'2016-01-01','2016-01-01',1,'1459297654','2016-04-01 11:10:05'),('145948384399','333333','1459483843','05',NULL,'0502','05',NULL,'s',NULL,NULL,'2016-01-01','2016-01-01',1,'1459297654','2016-04-01 11:10:43'),('145948389499','333333','1459483894','05',NULL,'0503','05',NULL,'s',NULL,NULL,'2016-01-01','2016-01-01',1,'1459297654','2016-04-01 11:11:34'),('145948393699','333333','1459483936','05',NULL,'0501','05',NULL,'s',NULL,NULL,'2016-01-01','2016-01-01',1,'1459297654','2016-04-01 11:12:16'),('145948429599','333333','1459484295','05',NULL,'0502','05',NULL,'s',NULL,NULL,'2016-01-01','2016-01-01',1,'1459297654','2016-04-01 11:18:15'),('145948434899','333333','1459484348','05',NULL,'0503','05',NULL,'s',NULL,NULL,'2016-01-01','2016-01-01',1,'1459297654','2016-04-01 11:19:08'),('145948449599','333333','1459484495','05',NULL,'0502','05',NULL,'s',NULL,NULL,'2016-01-01','2016-01-01',1,'1459297654','2016-04-01 11:21:35'),('145948455499','333333','1459484554','05',NULL,'0503','05',NULL,'s',NULL,NULL,'2016-01-01','2016-01-01',1,'1459297654','2016-04-01 11:22:34'),('145948472099','333333','1459484720','05',NULL,'0503','05',NULL,'s',NULL,NULL,'2016-01-01','2016-01-01',1,'1459297654','2016-04-01 11:25:20'),('145948477199','333333','1459484771','05',NULL,'0502','05',NULL,'s',NULL,NULL,'2016-01-01','2016-01-01',1,'1459297654','2016-04-01 11:26:11'),('145948483299','333333','1459484832','05',NULL,'0503','05',NULL,'s',NULL,NULL,'2016-01-01','2016-01-01',1,'1459297654','2016-04-01 11:27:12'),('145948516899','333333','1459485168','05',NULL,'0503','05',NULL,'s',NULL,NULL,'2016-01-01','2016-01-01',1,'1459297654','2016-04-01 11:32:48'),('145948525199','333333','1459485251','05',NULL,'0503','05',NULL,'s',NULL,NULL,'2016-01-01','2016-01-01',1,'1459297654','2016-04-01 11:34:11'),('145948529499','333333','1459485294','05',NULL,'0501','05',NULL,'s',NULL,NULL,'2016-01-01','2016-01-01',1,'1459297654','2016-04-01 11:34:54'),('145948533899','333333','1459485338','05',NULL,'0502','05',NULL,'s',NULL,NULL,'2016-01-01','2016-01-01',1,'1459297654','2016-04-01 11:35:38'),('145948544899','333333','1459485448','05',NULL,'0502','05',NULL,'srjn',NULL,NULL,'2016-01-01','2016-01-01',1,'1459297654','2016-04-01 11:37:28'),('145948547299','333333','1459485472','05',NULL,'0501','05',NULL,'srjn',NULL,NULL,'2016-01-01','2016-01-01',1,'1459297654','2016-04-01 11:37:52'),('145948549799','333333','1459485497','05',NULL,'0502','05',NULL,'srjn',NULL,NULL,'2016-01-01','2016-01-01',1,'1459297654','2016-04-01 11:38:17'),('145948551799','333333','1459485517','05',NULL,'0502','05',NULL,'srjn',NULL,NULL,'2016-01-01','2016-01-01',1,'1459297654','2016-04-01 11:38:37'),('145948554199','333333','1459485541','05',NULL,'0503','05',NULL,'srjn',NULL,NULL,'2016-01-01','2016-01-01',1,'1459297654','2016-04-01 11:39:01'),('145948557499','333333','1459485574','05',NULL,'0502','05',NULL,'srjn',NULL,NULL,'2016-01-01','2016-01-01',1,'1459297654','2016-04-01 11:39:34'),('145948562099','333333','1459485620','05',NULL,'0501','05',NULL,'srjn',NULL,NULL,'2016-01-01','2016-01-01',1,'1459297654','2016-04-01 11:40:20'),('145948566999','333333','1459485669','05',NULL,'0501','05',NULL,'srjn',NULL,NULL,'2016-01-01','2016-01-01',1,'1459297654','2016-04-01 11:41:09'),('145948569499','333333','1459485694','05',NULL,'0503','05',NULL,'srjn',NULL,NULL,'2016-01-01','2016-01-01',1,'1459297654','2016-04-01 11:41:34'),('145948572799','333333','1459485727','05',NULL,'0503','05',NULL,'srjn',NULL,NULL,'2016-01-01','2016-01-01',1,'1459297654','2016-04-01 11:42:07'),('145948575599','333333','1459485755','05',NULL,'0501','05',NULL,'srjn',NULL,NULL,'2016-01-01','2016-01-01',1,'1459297654','2016-04-01 11:42:35'),('145948585799','333333','1459485857','05',NULL,'0502','05',NULL,'srjn',NULL,NULL,'2016-01-01','2016-01-01',1,'1459297654','2016-04-01 11:44:17'),('145948588299','333333','1459485882','05',NULL,'0502','05',NULL,'srjn',NULL,NULL,'2016-01-01','2016-01-01',1,'1459297654','2016-04-01 11:44:42'),('145948593399','333333','1459485933','05',NULL,'0503','05',NULL,'srjn',NULL,NULL,'2016-01-01','2016-01-01',1,'1459297654','2016-04-01 11:45:33'),('145948849699','333333','1459488496','05',NULL,'0502','05',NULL,'s',NULL,NULL,'2016-01-01','2016-01-01',1,'1459297654','2016-04-01 12:28:16'),('145948885299','333333','1459488852','05',NULL,'0501','05',NULL,'s',NULL,NULL,'2016-01-01','2016-01-01',1,'1459297654','2016-04-01 12:34:12'),('145949033399','333333','1459490333','05',NULL,'0502','05',NULL,'s',NULL,NULL,'2016-01-01','2016-01-01',1,'1459297654','2016-04-01 12:58:53'),('145949044699','333333','1459490446','05',NULL,'0501','05',NULL,'s',NULL,NULL,'2016-01-01','2016-01-01',1,'1459297654','2016-04-01 13:00:46'),('145949061199','333333','1459490611','05',NULL,'0503','05',NULL,'s',NULL,NULL,'2016-01-01','2016-01-01',1,'1459297654','2016-04-01 13:03:31'),('145949070299','333333','1459490702','05',NULL,'0502','05',NULL,'s',NULL,NULL,'2016-01-01','2016-01-01',1,'1459297654','2016-04-01 13:05:02'),('145949073099','333333','1459490730','05',NULL,'0502','05',NULL,'srjn',NULL,NULL,'2016-01-01','2016-01-01',1,'1459297654','2016-04-01 13:05:30'),('145949078999','333333','1459490789','05',NULL,'0502','05',NULL,'srjn',NULL,NULL,'2016-01-01','2016-01-01',1,'1459297654','2016-04-01 13:06:29'),('145949082199','333333','1459490821','05',NULL,'0501','05',NULL,'srjn',NULL,NULL,'2016-01-01','2016-01-01',1,'1459297654','2016-04-01 13:07:01'),('145949084799','333333','1459490847','05',NULL,'0503','05',NULL,'srjn',NULL,NULL,'2016-01-01','2016-01-01',1,'1459297654','2016-04-01 13:07:27'),('145949140599','333333','1459491405','05',NULL,'0501','05',NULL,'s',NULL,NULL,'2016-01-01','2016-01-01',1,'1459297654','2016-04-01 13:16:45'),('145949180099','333333','1459491800','05',NULL,'0503','05',NULL,'srjn',NULL,NULL,'2016-01-01','2016-01-01',1,'1459297654','2016-04-01 13:23:20'),('145949233899','333333','1459492338','05',NULL,'0503','05',NULL,'e4',NULL,NULL,'2016-01-01','2016-01-01',1,'1459065329','2016-04-06 08:00:36'),('145949238399','333333','1459492383','05',NULL,'0503','05',NULL,'s',NULL,NULL,'2016-01-01','2016-01-01',1,'1459297654','2016-04-01 13:33:03'),('145949243599','333333','1459492435','05',NULL,'0501','05',NULL,'s',NULL,NULL,'2016-01-01','2016-01-01',1,'1459297654','2016-04-01 13:33:55'),('145949246999','333333','1459492469','05',NULL,'0502','05',NULL,'s',NULL,NULL,'2016-01-01','2016-01-01',1,'1459297654','2016-04-01 13:34:29'),('145949251599','333333','1459492515','05',NULL,'0501','05',NULL,'s',NULL,NULL,'2016-01-01','2016-01-01',1,'1459297654','2016-04-01 13:35:15'),('145949261599','333333','1459492615','05',NULL,'0502','05',NULL,'s',NULL,NULL,'2016-01-01','2016-01-01',1,'1459297654','2016-04-01 13:36:55'),('145949267899','333333','1459492678','05',NULL,'0501','05',NULL,'s',NULL,NULL,'2016-01-01','2016-01-01',1,'1459297654','2016-04-01 13:37:58'),('145949273199','333333','1459492731','05',NULL,'0501','05',NULL,'s',NULL,NULL,'2016-01-01','2016-01-01',1,'1459297654','2016-04-01 13:38:51'),('145949278799','333333','1459492787','05',NULL,'0502','05',NULL,'s',NULL,NULL,'2016-01-01','2016-01-01',1,'1459297654','2016-04-01 13:39:47'),('145949282799','333333','1459492827','05',NULL,'0503','05',NULL,'s',NULL,NULL,'2016-01-01','2016-01-01',1,'1459297654','2016-04-01 13:40:27'),('145949286299','333333','1459492862','05',NULL,'0502','05',NULL,'s',NULL,NULL,'2016-01-01','2016-01-01',1,'1459297654','2016-04-01 13:41:02'),('145949289699','333333','1459492896','05',NULL,'0502','05',NULL,'s',NULL,NULL,'2016-01-01','2016-01-01',1,'1459297654','2016-04-01 13:41:36'),('145949292699','333333','1459492926','05',NULL,'0503','05',NULL,'srjn',NULL,NULL,'2016-01-01','2016-01-01',1,'1459297654','2016-04-01 13:42:06'),('145973144899','333333','1459731448','0508',NULL,'0508','0508',NULL,'e3',NULL,NULL,'2016-01-01','2016-01-01',1,'1459394913','2016-04-27 11:24:21'),('145973172199','333333','1459731721','0508',NULL,'0508','0508',NULL,'s',NULL,NULL,'2016-01-01','2016-01-01',1,'1459394913','2016-04-04 08:02:01'),('145973179199','333333','1459731791','0508',NULL,'0508','0508',NULL,'e4',NULL,NULL,'2016-01-01','2016-01-01',1,'1459394913','2016-04-04 08:03:11'),('145973184799','333333','1459731847','0508',NULL,'0508','0508',NULL,'e4',NULL,NULL,'2016-01-01','2016-01-01',1,'1459394913','2016-04-04 08:04:07'),('145973189199','333333','1459731891','0508',NULL,'0508','0508',NULL,'e4',NULL,NULL,'2016-01-01','2016-01-01',1,'1459394913','2016-04-04 08:04:51'),('145973193999','333333','1459731939','0508',NULL,'0508','0508',NULL,'e4',NULL,NULL,'2016-01-01','2016-01-01',1,'1459394913','2016-04-04 08:05:39'),('145973200499','333333','1459732004','0506',NULL,'0506','0506',NULL,'e3',NULL,NULL,'2016-01-01','2016-01-01',1,'1459136622','2016-04-04 08:06:44'),('145973204899','333333','1459732048','0508',NULL,'0508','0508',NULL,'s',NULL,NULL,'2016-01-01','2016-01-01',1,'1459394913','2016-04-27 11:44:58'),('145973217099','333333','1459732170','0508',NULL,'0508','0508',NULL,'s',NULL,NULL,'2016-01-01','2016-01-01',1,'1459394913','2016-04-04 08:09:30'),('145973225899','333333','1459732258','0508',NULL,'0508','0508',NULL,'s',NULL,NULL,'2016-01-01','2016-01-01',1,'1459394913','2016-04-04 08:10:58'),('145973229599','333333','1459732295','0519',NULL,'0519','0519',NULL,'s',NULL,NULL,'2016-01-01','2016-01-01',1,'1459138022','2016-04-04 08:11:35'),('145973236299','333333','1459732362','0508',NULL,'0508','0508',NULL,'s',NULL,NULL,'2016-01-01','2016-01-01',1,'1459394913','2016-04-04 08:12:42'),('145973241599','333333','1459732415','0508',NULL,'0508','0508',NULL,'s',NULL,NULL,'2016-01-01','2016-01-01',1,'1459394913','2016-04-04 08:13:35'),('145973249399','333333','1459732493','0508',NULL,'0508','0508',NULL,'s',NULL,NULL,'2016-01-01','2016-01-01',1,'1459394913','2016-04-04 08:14:53'),('145973251799','333333','1459732517','0506',NULL,'0506','0506',NULL,'e4',NULL,NULL,'2016-01-01','2016-01-01',1,'1459136622','2016-04-04 08:15:17'),('145973252799','333333','1459732527','0519',NULL,'0519','0519',NULL,'s',NULL,NULL,'2016-01-01','2016-01-01',1,'1459138022','2016-04-04 08:15:27'),('145973256799','333333','1459732567','0506',NULL,'0506','0506',NULL,'e4',NULL,NULL,'2016-01-01','2016-01-01',1,'1459136622','2016-04-04 08:16:07'),('145973258099','333333','1459732580','0508',NULL,'0508','0508',NULL,'s',NULL,NULL,'2016-01-01','2016-01-01',1,'1459394913','2016-04-04 08:16:20'),('145973259999','333333','1459732599','0519',NULL,'0519','0519',NULL,'s',NULL,NULL,'2016-01-01','2016-01-01',1,'1459138022','2016-04-04 08:16:39'),('145973263999','333333','1459732639','0519',NULL,'0519','0519',NULL,'s',NULL,NULL,'2016-01-01','2016-01-01',1,'1459138022','2016-04-04 08:17:19'),('145973265799','333333','1459732657','0508',NULL,'0508','0508',NULL,'s',NULL,NULL,'2016-01-01','2016-01-01',1,'1459394913','2016-04-04 08:17:37'),('145973267099','333333','1459732670','0506',NULL,'0506','0506',NULL,'e4',NULL,NULL,'2016-01-01','2016-01-01',1,'1459136622','2016-04-04 08:17:50'),('145973268799','333333','1459732687','0519',NULL,'0519','0519',NULL,'s',NULL,NULL,'2016-01-01','2016-01-01',1,'1459138022','2016-04-04 08:18:07'),('145973273299','333333','1459732732','0506',NULL,'0506','0506',NULL,'e4',NULL,NULL,'2016-01-01','2016-01-01',1,'1459136622','2016-04-04 08:18:52'),('145973273799','333333','1459732737','0508',NULL,'0508','0508',NULL,'s',NULL,NULL,'2016-01-01','2016-01-01',1,'1459394913','2016-04-04 08:18:57'),('145973274199','333333','1459732741','0519',NULL,'0519','0519',NULL,'s',NULL,NULL,'2016-01-01','2016-01-01',1,'1459138022','2016-04-04 08:19:01'),('145973278599','333333','1459732785','0519',NULL,'0519','0519',NULL,'s',NULL,NULL,'2016-01-01','2016-01-01',1,'1459138022','2016-04-04 08:19:45'),('145973279199','333333','1459732791','0506',NULL,'0506','0506',NULL,'e4',NULL,NULL,'2016-01-01','2016-01-01',1,'1459136622','2016-04-04 08:19:51'),('145973282999','333333','1459732829','0519',NULL,'0519','0519',NULL,'s',NULL,NULL,'2016-01-01','2016-01-01',1,'1459138022','2016-04-04 08:20:29'),('145973283399','333333','1459732833','0508',NULL,'0508','0508',NULL,'e4',NULL,NULL,'2016-01-01','2016-01-01',1,'1459394913','2016-04-04 08:20:33'),('145973286899','333333','1459732868','0506',NULL,'0506','0506',NULL,'s',NULL,NULL,'2016-01-01','2016-01-01',1,'1459136622','2016-04-04 08:21:08'),('145973287799','333333','1459732877','0519',NULL,'0519','0519',NULL,'s',NULL,NULL,'2016-01-01','2016-01-01',1,'1459138022','2016-04-04 08:21:17'),('145973291799','333333','1459732917','0508',NULL,'0508','0508',NULL,'s',NULL,NULL,'2016-01-01','2016-01-01',1,'1459394913','2016-04-04 08:21:57'),('145973292099','333333','1459732920','0519',NULL,'0519','0519',NULL,'s',NULL,NULL,'2016-01-01','2016-01-01',1,'1459138022','2016-04-04 08:22:00'),('145973292199','333333','1459732921','0506',NULL,'0506','0506',NULL,'s',NULL,NULL,'2016-01-01','2016-01-01',1,'1459136622','2016-04-04 08:22:01'),('145973295799','333333','1459732957','0519',NULL,'0519','0519',NULL,'s',NULL,NULL,'2016-01-01','2016-01-01',1,'1459138022','2016-04-04 08:22:37'),('145973298499','333333','1459732984','0506',NULL,'0506','0506',NULL,'s',NULL,NULL,'2016-01-01','2016-01-01',1,'1459136622','2016-04-04 08:23:04'),('145973300899','333333','1459733008','0519',NULL,'0519','0519',NULL,'s',NULL,NULL,'2016-01-01','2016-01-01',1,'1459138022','2016-04-04 08:23:28'),('145973301499','333333','1459733014','0508',NULL,'0508','0508',NULL,'s',NULL,NULL,'2016-01-01','2016-01-01',1,'1459394913','2016-04-04 08:23:34'),('145973303999','333333','1459733039','0506',NULL,'0506','0506',NULL,'s',NULL,NULL,'2016-01-01','2016-01-01',1,'1459136622','2016-04-04 08:23:59'),('145973305199','333333','1459733051','0519',NULL,'0519','0519',NULL,'s',NULL,NULL,'2016-01-01','2016-01-01',1,'1459138022','2016-04-04 08:24:11'),('145973308099','333333','1459733080','0508',NULL,'0508','0508',NULL,'s',NULL,NULL,'2016-01-01','2016-01-01',1,'1459394913','2016-04-04 08:24:40'),('145973308999','333333','1459733089','0506',NULL,'0506','0506',NULL,'s',NULL,NULL,'2016-01-01','2016-01-01',1,'1459136622','2016-04-04 08:24:49'),('145973311199','333333','1459733111','0519',NULL,'0519','0519',NULL,'e4',NULL,NULL,'2016-01-01','2016-01-01',1,'1459138022','2016-04-04 08:25:11'),('145973316199','333333','1459733161','0519',NULL,'0519','0519',NULL,'e4',NULL,NULL,'2016-01-01','2016-01-01',1,'1459138022','2016-04-04 08:26:01'),('145973317099','333333','1459733170','0508',NULL,'0508','0508',NULL,'s',NULL,NULL,'2016-01-01','2016-01-01',1,'1459394913','2016-04-04 08:26:10'),('145973317699','333333','1459733176','0506',NULL,'0506','0506',NULL,'s',NULL,NULL,'2016-01-01','2016-01-01',1,'1459136622','2016-04-04 08:26:16'),('145973320299','333333','1459733202','0519',NULL,'0519','0519',NULL,'e4',NULL,NULL,'2016-01-01','2016-01-01',1,'1459138022','2016-04-04 08:26:42'),('145973322699','333333','1459733226','0506',NULL,'0506','0506',NULL,'s',NULL,NULL,'2016-01-01','2016-01-01',1,'1459136622','2016-04-04 08:27:06'),('145973324099','333333','1459733240','0519',NULL,'0519','0519',NULL,'e4',NULL,NULL,'2016-01-01','2016-01-01',1,'1459138022','2016-04-04 08:27:20'),('145973330999','333333','1459733309','0506',NULL,'0506','0506',NULL,'s',NULL,NULL,'2016-01-01','2016-01-01',1,'1459136622','2016-04-04 08:28:29'),('145973335499','333333','1459733354','0519',NULL,'0519','0519',NULL,'e4',NULL,NULL,'2016-01-01','2016-01-01',1,'1459138022','2016-04-04 08:29:14'),('145973337799','333333','1459733377','0506',NULL,'0506','0506',NULL,'s',NULL,NULL,'2016-01-01','2016-01-01',1,'1459136622','2016-04-04 08:29:37'),('145973340299','333333','1459733402','0519',NULL,'0519','0519',NULL,'e3',NULL,NULL,'2016-01-01','2016-01-01',1,'1459138022','2016-04-04 08:30:02'),('145973344899','333333','1459733448','0506',NULL,'0506','0506',NULL,'s',NULL,NULL,'2016-01-01','2016-01-01',1,'1459136622','2016-04-04 08:30:48'),('145973354599','333333','1459733545','0506',NULL,'0506','0506',NULL,'s',NULL,NULL,'2016-01-01','2016-01-01',1,'1459136622','2016-04-04 08:32:25'),('145973360299','333333','1459733602','0506',NULL,'0506','0506',NULL,'s',NULL,NULL,'2016-01-01','2016-01-01',1,'1459136622','2016-04-04 08:33:22'),('145973365199','333333','1459733651','0506',NULL,'0506','0506',NULL,'s',NULL,NULL,'2016-01-01','2016-01-01',1,'1459136622','2016-04-04 08:34:11'),('145973370099','333333','1459733700','0506',NULL,'0506','0506',NULL,'s',NULL,NULL,'2016-01-01','2016-01-01',1,'1459136622','2016-04-04 08:35:00'),('145973374299','333333','1459733742','0506',NULL,'0506','0506',NULL,'s',NULL,NULL,'2016-01-01','2016-01-01',1,'1459136622','2016-04-04 08:35:42'),('145973378999','333333','1459733789','0506',NULL,'0506','0506',NULL,'s',NULL,NULL,'2016-01-01','2016-01-01',1,'1459136622','2016-04-04 08:36:29'),('145973384499','333333','1459733844','0506',NULL,'0506','0506',NULL,'s',NULL,NULL,'2016-01-01','2016-01-01',1,'1459136622','2016-04-04 08:37:24'),('145973389099','333333','1459733890','0506',NULL,'0506','0506',NULL,'s',NULL,NULL,'2016-01-01','2016-01-01',1,'1459136622','2016-04-04 08:38:10'),('145973396499','333333','1459733964','0506',NULL,'0506','0506',NULL,'srjn',NULL,NULL,'2016-01-01','2016-01-01',1,'1459136622','2016-04-04 08:39:24'),('145973397999','333333','1459733979','0515',NULL,'0515','0515',NULL,'e3',NULL,NULL,'2016-01-01','2016-01-01',1,'1459413235','2016-04-04 08:39:39'),('145973400199','333333','1459734001','0506',NULL,'0506','0506',NULL,'srjn',NULL,NULL,'2016-01-01','2016-01-01',1,'1459136622','2016-04-04 08:40:01'),('145973403499','333333','1459734034','0506',NULL,'0506','0506',NULL,'srjn',NULL,NULL,'2016-01-01','2016-01-01',1,'1459136622','2016-04-04 08:40:34'),('145973416999','333333','1459734169','0515',NULL,'0515','0515',NULL,'e4',NULL,NULL,'2016-01-01','2016-01-01',1,'1459413235','2016-04-04 08:42:49'),('145973432699','333333','1459734326','0515',NULL,'0515','0515',NULL,'e4',NULL,NULL,'2016-01-01','2016-01-01',1,'1459413235','2016-04-04 08:45:26'),('145973443299','333333','1459734432','0522',NULL,'0522','0522',NULL,'e3',NULL,NULL,'2016-01-01','2016-01-01',1,'1459486503','2016-04-04 08:47:12'),('145973445999','333333','1459734459','0515',NULL,'0515','0515',NULL,'e4',NULL,NULL,'2016-01-01','2016-01-01',1,'1459413235','2016-04-04 08:47:39'),('145973449299','333333','1459734492','0522',NULL,'0522','0522',NULL,'e4',NULL,NULL,'2016-01-01','2016-01-01',1,'1459486503','2016-04-04 08:48:12'),('145973451699','333333','1459734516','0515',NULL,'0515','0515',NULL,'e4',NULL,NULL,'2016-01-01','2016-01-01',1,'1459413235','2016-04-04 08:48:36'),('145973457099','333333','1459734570','0522',NULL,'0522','0522',NULL,'e4',NULL,NULL,'2016-01-01','2016-01-01',1,'1459486503','2016-04-04 08:49:30'),('145973462799','333333','1459734627','0522',NULL,'0522','0522',NULL,'e4',NULL,NULL,'2016-01-01','2016-01-01',1,'1459486503','2016-04-04 08:50:27'),('145973464599','333333','1459734645','0515',NULL,'0515','0515',NULL,'e4',NULL,NULL,'2016-01-01','2016-01-01',1,'1459413235','2016-04-04 08:50:45'),('145973470399','333333','1459734703','0522',NULL,'0522','0522',NULL,'e4',NULL,NULL,'2016-01-01','2016-01-01',1,'1459486503','2016-04-04 08:51:43'),('145973471199','333333','1459734711','0515',NULL,'0515','051501',NULL,'s',NULL,NULL,'2016-01-01','2016-01-01',1,'1459413235','2016-04-04 08:51:51'),('145973477199','333333','1459734771','0515',NULL,'0515','051502',NULL,'s',NULL,NULL,'2016-01-01','2016-01-01',1,'1459413235','2016-04-04 08:52:51'),('145973484999','333333','1459734849','0515',NULL,'0515','0515',NULL,'s',NULL,NULL,'2016-01-01','2016-01-01',1,'1459413235','2016-04-04 08:54:09'),('145973486799','333333','1459734867','0522',NULL,'0522','0522',NULL,'e4',NULL,NULL,'2016-01-01','2016-01-01',1,'1459486503','2016-04-04 08:54:27'),('145973498599','333333','1459734985','0515',NULL,'0515','0515',NULL,'s',NULL,NULL,'2016-01-01','2016-01-01',1,'1459413235','2016-04-04 08:56:25'),('145973504099','333333','1459735040','0515',NULL,'0515','0515',NULL,'s',NULL,NULL,'2016-01-01','2016-01-01',1,'1459413235','2016-04-04 08:57:20'),('145973510699','333333','1459735106','0515',NULL,'0515','051502',NULL,'s',NULL,NULL,'2016-01-01','2016-01-01',1,'1459413235','2016-04-04 08:58:26'),('145973517999','333333','1459735179','0515',NULL,'0515','0515',NULL,'s',NULL,NULL,'2016-01-01','2016-01-01',1,'1459413235','2016-04-04 08:59:39'),('145973520899','333333','1459735208','0522',NULL,'0522','0522',NULL,'s',NULL,NULL,'2016-01-01','2016-01-01',1,'1459486503','2016-04-04 09:00:08'),('145973525399','333333','1459735253','0515',NULL,'0515','0515',NULL,'s',NULL,NULL,'2016-01-01','2016-01-01',1,'1459413235','2016-04-04 09:00:53'),('145973530599','333333','1459735305','0522',NULL,'0522','0522',NULL,'s',NULL,NULL,'2016-01-01','2016-01-01',1,'1459486503','2016-04-04 09:01:45'),('145973537099','333333','1459735370','0522',NULL,'0522','0522',NULL,'s',NULL,NULL,'2016-01-01','2016-01-01',1,'1459486503','2016-04-04 09:02:50'),('145973544699','333333','1459735446','0522',NULL,'0522','0522',NULL,'s',NULL,NULL,'2016-01-01','2016-01-01',1,'1459486503','2016-04-04 09:04:06'),('145973549199','333333','1459735491','0515',NULL,'0515','051501',NULL,'s',NULL,NULL,'2016-01-01','2016-01-01',1,'1459413235','2016-04-04 09:04:51'),('145973559099','333333','1459735590','0515',NULL,'0515','051502',NULL,'s',NULL,NULL,'2016-01-01','2016-01-01',1,'1459413235','2016-04-04 09:06:30'),('145973561999','333333','1459735619','0522',NULL,'0522','0522',NULL,'s',NULL,NULL,'2016-01-01','2016-01-01',1,'1459486503','2016-04-04 09:06:59'),('145973564499','333333','1459735644','0515',NULL,'0515','0515',NULL,'s',NULL,NULL,'2016-01-01','2016-01-01',1,'1459413235','2016-04-04 09:07:24'),('145973570299','333333','1459735702','0522',NULL,'0522','0522',NULL,'s',NULL,NULL,'2016-01-01','2016-01-01',1,'1459486503','2016-04-04 09:08:22'),('145973573299','333333','1459735732','0515',NULL,'0515','0515',NULL,'s',NULL,NULL,'2016-01-01','2016-01-01',1,'1459413235','2016-04-04 09:08:52'),('145973576699','333333','1459735766','0522',NULL,'0522','0522',NULL,'s',NULL,NULL,'2016-01-01','2016-01-01',1,'1459486503','2016-04-04 09:09:26'),('145973579699','333333','1459735796','0515',NULL,'0515','051501',NULL,'s',NULL,NULL,'2016-01-01','2016-01-01',1,'1459413235','2016-04-04 09:09:56'),('145973585099','333333','1459735850','0522',NULL,'0522','0522',NULL,'s',NULL,NULL,'2016-01-01','2016-01-01',1,'1459486503','2016-04-04 09:10:50'),('145973590199','333333','1459735901','0515',NULL,'0515','0515',NULL,'s',NULL,NULL,'2016-01-01','2016-01-01',1,'1459413235','2016-04-04 09:11:41'),('145973597999','333333','1459735979','0515',NULL,'0515','0515',NULL,'s',NULL,NULL,'2016-01-01','2016-01-01',1,'1459413235','2016-04-04 09:12:59'),('145973609399','333333','1459736093','0515',NULL,'0515','0515',NULL,'s',NULL,NULL,'2016-01-01','2016-01-01',1,'1459413235','2016-04-04 09:14:53'),('145973634999','333333','1459736349','0515',NULL,'0515','0515',NULL,'srjn',NULL,NULL,'2016-01-01','2016-01-01',1,'1459413235','2016-04-04 09:19:09'),('145973638099','333333','1459736380','0515',NULL,'0515','0515',NULL,'srjn',NULL,NULL,'2016-01-01','2016-01-01',1,'1459413235','2016-04-04 09:19:40'),('145973640399','333333','1459736403','0515',NULL,'0515','0515',NULL,'srjn',NULL,NULL,'2016-01-01','2016-01-01',1,'1459413235','2016-04-04 09:20:03'),('145973642799','333333','1459736427','0515',NULL,'0515','051501',NULL,'srjn',NULL,NULL,'2016-01-01','2016-01-01',1,'1459413235','2016-04-04 09:20:27'),('145973646099','333333','1459736460','0515',NULL,'0515','051501',NULL,'srjn',NULL,NULL,'2016-01-01','2016-01-01',1,'1459413235','2016-04-04 09:21:00'),('145973648599','333333','1459736485','0515',NULL,'0515','051501',NULL,'srjn',NULL,NULL,'2016-01-01','2016-01-01',1,'1459413235','2016-04-04 09:21:25'),('145973651599','333333','1459736515','0515',NULL,'0515','0515',NULL,'srjn',NULL,NULL,'2016-01-01','2016-01-01',1,'1459413235','2016-04-04 09:21:55'),('145973656399','333333','1459736563','0515',NULL,'0515','0515',NULL,'srjn',NULL,NULL,'2016-01-01','2016-01-01',1,'1459413235','2016-04-04 09:22:43'),('145973660099','333333','1459736600','0515',NULL,'0515','0515',NULL,'srjn',NULL,NULL,'2016-01-01','2016-01-01',1,'1459413235','2016-04-04 09:23:20'),('145973662799','333333','1459736627','0515',NULL,'0515','0515',NULL,'srjn',NULL,NULL,'2016-01-01','2016-01-01',1,'1459413235','2016-04-04 09:23:47'),('145973665199','333333','1459736651','0515',NULL,'0515','0515',NULL,'srjn',NULL,NULL,'2016-01-01','2016-01-01',1,'1459413235','2016-04-04 09:24:11'),('145974186999','333333','1459741869','0516',NULL,'0516','0516',NULL,'e3',NULL,NULL,'2016-01-01','2016-01-01',1,'1459137354','2016-04-12 15:19:53'),('145974201899','333333','1459742018','0516',NULL,'0516','0516',NULL,'e4',NULL,NULL,'2016-01-01','2016-01-01',1,'1459137354','2016-04-04 10:53:38'),('145974211299','333333','1459742112','0516',NULL,'0516','0516',NULL,'e4',NULL,NULL,'2016-01-01','2016-01-01',1,'1459137354','2016-04-04 10:55:12'),('145974226299','333333','1459742262','0516',NULL,'0516','0516',NULL,'e4',NULL,NULL,'2016-01-01','2016-01-01',1,'1459137354','2016-04-04 10:57:42'),('145974235799','333333','1459742357','0516',NULL,'0516','0516',NULL,'e4',NULL,NULL,'2016-01-01','2016-01-01',1,'1459137354','2016-04-04 10:59:17'),('145974244799','333333','1459742447','0516',NULL,'0516','0516',NULL,'e4',NULL,NULL,'2016-01-01','2016-01-01',1,'1459137354','2016-04-04 11:00:47'),('145974255299','333333','1459742552','0516',NULL,'0516','0516',NULL,'s',NULL,NULL,'2016-01-01','2016-01-01',1,'1459137354','2016-04-04 11:02:32'),('145974264799','333333','1459742647','0516',NULL,'0516','0516',NULL,'s',NULL,NULL,'2016-01-01','2016-01-01',1,'1459137354','2016-04-04 11:04:07'),('145974276299','333333','1459742762','0516',NULL,'0516','0516',NULL,'s',NULL,NULL,'2016-01-01','2016-01-01',1,'1459137354','2016-04-04 11:06:02'),('145974282999','333333','1459742829','0516',NULL,'0516','0516',NULL,'s',NULL,NULL,'2016-01-01','2016-01-01',1,'1459137354','2016-04-04 11:07:09'),('145974288899','333333','1459742888','0516',NULL,'0516','0516',NULL,'s',NULL,NULL,'2016-01-01','2016-01-01',1,'1459137354','2016-04-04 11:08:08'),('145974294999','333333','1459742949','0516',NULL,'0516','0516',NULL,'s',NULL,NULL,'2016-01-01','2016-01-01',1,'1459137354','2016-04-04 11:09:09'),('145974302299','333333','1459743022','0516',NULL,'0516','0516',NULL,'s',NULL,NULL,'2016-01-01','2016-01-01',1,'1459137354','2016-04-04 11:10:22'),('145974307899','333333','1459743078','0516',NULL,'0516','0516',NULL,'srjn',NULL,NULL,'2016-01-01','2016-01-01',1,'1459137354','2016-04-04 11:11:18'),('145974312699','333333','1459743126','0516',NULL,'0516','0516',NULL,'srjn',NULL,NULL,'2016-01-01','2016-01-01',1,'1459137354','2016-04-04 11:12:06'),('145974316699','333333','1459743166','0516',NULL,'0516','0516',NULL,'srjn',NULL,NULL,'2016-01-01','2016-01-01',1,'1459137354','2016-04-04 11:12:46'),('145974319499','333333','1459743194','0516',NULL,'0516','0516',NULL,'srjn',NULL,NULL,'2016-01-01','2016-01-01',1,'1459137354','2016-04-04 11:13:14'),('145974951899','333333','1459749518','0527',NULL,'0527','0527',NULL,'e3',NULL,NULL,'2016-01-01','2016-01-01',1,'1459389051','2016-04-04 12:58:38'),('145974964899','333333','1459749648','0527',NULL,'0527','0527',NULL,'e4',NULL,NULL,'2016-01-01','2016-01-01',1,'1459389051','2016-04-04 13:00:48'),('145974970799','333333','1459749707','0527',NULL,'0527','0527',NULL,'e4',NULL,NULL,'2016-01-01','2016-01-01',1,'1459389051','2016-04-04 13:01:47'),('145974976599','333333','1459749765','0527',NULL,'0527','0527',NULL,'e4',NULL,NULL,'2016-01-01','2016-01-01',1,'1459389051','2016-04-04 13:02:45'),('145974982799','333333','1459749827','0527',NULL,'0527','0527',NULL,'e4',NULL,NULL,'2016-01-01','2016-01-01',1,'1459389051','2016-04-04 13:03:47'),('145974990399','333333','1459749903','0527',NULL,'0527','0527',NULL,'e4',NULL,NULL,'2016-01-01','2016-01-01',1,'1459389051','2016-04-04 13:05:03'),('145974996399','333333','1459749963','0527',NULL,'0527','0527',NULL,'s',NULL,NULL,'2016-01-01','2016-01-01',1,'1459389051','2016-04-04 13:06:03'),('145975000199','333333','1459750001','0527',NULL,'0527','0527',NULL,'s',NULL,NULL,'2016-01-01','2016-01-01',1,'1459389051','2016-04-04 14:40:44'),('145975005399','333333','1459750053','0527',NULL,'0527','0527',NULL,'s',NULL,NULL,'2016-01-01','2016-01-01',1,'1459389051','2016-04-04 13:07:33'),('145975010599','333333','1459750105','0527',NULL,'0527','0527',NULL,'s',NULL,NULL,'2016-01-01','2016-01-01',1,'1459389051','2016-04-04 13:08:25'),('145975015899','333333','1459750158','0527',NULL,'0527','0527',NULL,'s',NULL,NULL,'2016-01-01','2016-01-01',1,'1459389051','2016-04-04 13:09:18'),('145975020899','333333','1459750208','0527',NULL,'0527','0527',NULL,'s',NULL,NULL,'2016-01-01','2016-01-01',1,'1459389051','2016-04-04 13:10:08'),('145975024599','333333','1459750245','0527',NULL,'0527','0527',NULL,'s',NULL,NULL,'2016-01-01','2016-01-01',1,'1459389051','2016-04-04 13:10:45'),('145975029399','333333','1459750293','0527',NULL,'0527','0527',NULL,'s',NULL,NULL,'2016-01-01','2016-01-01',1,'1459389051','2016-04-04 13:11:33'),('145975034199','333333','1459750341','0527',NULL,'0527','0527',NULL,'s',NULL,NULL,'2016-01-01','2016-01-01',1,'1459389051','2016-04-04 13:12:21'),('145975037499','333333','1459750374','0527',NULL,'0527','0527',NULL,'s',NULL,NULL,'2016-01-01','2016-01-01',1,'1459389051','2016-04-04 13:12:54'),('145975041399','333333','1459750413','0527',NULL,'0527','0527',NULL,'s',NULL,NULL,'2016-01-01','2016-01-01',1,'1459389051','2016-04-04 13:13:33'),('145975045799','333333','1459750457','0527',NULL,'0527','0527',NULL,'s',NULL,NULL,'2016-01-01','2016-01-01',1,'1459389051','2016-04-04 13:14:17'),('145975050599','333333','1459750505','0527',NULL,'0527','0527',NULL,'s',NULL,NULL,'2016-01-01','2016-01-01',1,'1459389051','2016-04-04 13:15:05'),('145975054099','333333','1459750540','0527',NULL,'0527','0527',NULL,'srjn',NULL,NULL,'2016-01-01','2016-01-01',1,'1459389051','2016-04-04 13:15:40'),('145975059299','333333','1459750592','0527',NULL,'0527','0527',NULL,'s',NULL,NULL,'2016-01-01','2016-01-01',1,'1459389051','2016-04-04 13:16:32'),('145975064199','333333','1459750641','0527',NULL,'0527','0527',NULL,'s',NULL,NULL,'2016-01-01','2016-01-01',1,'1459389051','2016-04-04 13:17:21'),('145975076799','333333','1459750767','0509',NULL,'0509','0509',NULL,'e3',NULL,NULL,'2016-01-01','2016-01-01',1,'1459748694','2016-04-04 13:19:27'),('145975088699','333333','1459750886','0509',NULL,'0509','0509',NULL,'e4',NULL,NULL,'2016-01-01','2016-01-01',1,'1459748694','2016-04-04 13:21:26'),('145975108999','333333','1459751089','0509',NULL,'0509','0509',NULL,'e4',NULL,NULL,'2016-01-01','2016-01-01',1,'1459748694','2016-04-04 13:27:34'),('145975114499','333333','1459751144','0509',NULL,'0509','0509',NULL,'e4',NULL,NULL,'2016-01-01','2016-01-01',1,'1459748694','2016-04-04 13:25:44'),('145975120499','333333','1459751204','0509',NULL,'0509','0509',NULL,'e4',NULL,NULL,'2016-01-01','2016-01-01',1,'1459748694','2016-04-04 13:26:44'),('145975148699','333333','1459751486','0509',NULL,'0509','0509',NULL,'s',NULL,NULL,'2016-01-01','2016-01-01',1,'1459748694','2016-04-04 13:31:26'),('145975152099','333333','1459751520','0509',NULL,'0509','0509',NULL,'s',NULL,NULL,'2016-01-01','2016-01-01',1,'1459748694','2016-04-04 13:32:00'),('145975154499','333333','1459751544','0509',NULL,'0509','0509',NULL,'s',NULL,NULL,'2016-01-01','2016-01-01',1,'1459748694','2016-04-04 13:32:24'),('145975173399','333333','1459751733','0509',NULL,'0509','0509',NULL,'s',NULL,NULL,'2016-01-01','2016-01-01',1,'1459748694','2016-04-04 13:35:33'),('145975177099','333333','1459751770','0509',NULL,'0509','0509',NULL,'s',NULL,NULL,'2016-01-01','2016-01-01',1,'1459748694','2016-04-04 13:36:10'),('145975180799','333333','1459751807','0509',NULL,'0509','0509',NULL,'s',NULL,NULL,'2016-01-01','2016-01-01',1,'1459748694','2016-04-04 13:36:47'),('145975192699','333333','1459751926','0509',NULL,'0509','0509',NULL,'s',NULL,NULL,'2016-01-01','2016-01-01',1,'1459748694','2016-04-04 13:38:46'),('145975196899','333333','1459751968','0509',NULL,'0509','0509',NULL,'s',NULL,NULL,'2016-01-01','2016-01-01',1,'1459748694','2016-04-04 13:39:28'),('145975201999','333333','1459752019','0509',NULL,'0509','0509',NULL,'s',NULL,NULL,'2016-01-01','2016-01-01',1,'1459748694','2016-04-04 13:40:19'),('145975209599','333333','1459752095','0509',NULL,'0509','0509',NULL,'s',NULL,NULL,'2016-01-01','2016-01-01',1,'1459748694','2016-04-04 13:41:35'),('145975213899','333333','1459752138','0509',NULL,'0509','0509',NULL,'s',NULL,NULL,'2016-01-01','2016-01-01',1,'1459748694','2016-04-04 13:42:18'),('145975219399','333333','1459752193','0509',NULL,'0509','0509',NULL,'s',NULL,NULL,'2016-01-01','2016-01-01',1,'1459748694','2016-04-04 13:43:13'),('145975222199','333333','1459752221','0509',NULL,'0509','0509',NULL,'s',NULL,NULL,'2016-01-01','2016-01-01',1,'1459748694','2016-04-04 13:43:41'),('145975228099','333333','1459752280','0509',NULL,'0509','0509',NULL,'s',NULL,NULL,'2016-01-01','2016-01-01',1,'1459748694','2016-04-04 13:44:40'),('145975230499','333333','1459752304','0509',NULL,'0509','0509',NULL,'s',NULL,NULL,'2016-01-01','2016-01-01',1,'1459748694','2016-04-04 13:45:04'),('145975234599','333333','1459752345','0509',NULL,'0509','0509',NULL,'s',NULL,NULL,'2016-01-01','2016-01-01',1,'1459748694','2016-04-04 13:45:45'),('145975238999','333333','1459752389','0509',NULL,'0509','0509',NULL,'s',NULL,NULL,'2016-01-01','2016-01-01',1,'1459748694','2016-04-04 13:47:52'),('145975241299','333333','1459752412','0509',NULL,'0509','0509',NULL,'s',NULL,NULL,'2016-01-01','2016-01-01',1,'1459748694','2016-04-04 13:47:14'),('145975251199','333333','1459752511','0509',NULL,'0509','0509',NULL,'s',NULL,NULL,'2016-01-01','2016-01-01',1,'1459748694','2016-04-04 13:48:31'),('145975254199','333333','1459752541','0509',NULL,'0509','0509',NULL,'s',NULL,NULL,'2016-01-01','2016-01-01',1,'1459748694','2016-04-04 13:49:01'),('145975256999','333333','1459752569','0509',NULL,'0509','0509',NULL,'s',NULL,NULL,'2016-01-01','2016-01-01',1,'1459748694','2016-04-04 13:49:29'),('145975260099','333333','1459752600','0509',NULL,'0509','0509',NULL,'s',NULL,NULL,'2016-01-01','2016-01-01',1,'1459748694','2016-04-04 13:50:00'),('145975266399','333333','1459752663','0509',NULL,'0509','0509',NULL,'srjn',NULL,NULL,'2016-01-01','2016-01-01',1,'1459748694','2016-04-13 12:21:31'),('145975270599','333333','1459752705','0509',NULL,'0509','0509',NULL,'sd3',NULL,NULL,'2016-01-01','2016-01-01',1,'1459748694','2016-04-14 10:06:11'),('145975272799','333333','1459752727','0509',NULL,'0509','0509',NULL,'sd3',NULL,NULL,'2016-01-01','2016-01-01',1,'1459748694','2016-04-13 12:15:34'),('145975284699','333333','1459752846','0509',NULL,'0509','0509',NULL,'s',NULL,NULL,'2016-01-01','2016-01-01',1,'1459748694','2016-04-04 13:54:06'),('145975546899','333333','1459755468','0509',NULL,'0509','0509',NULL,'s',NULL,NULL,'2016-01-01','2016-01-01',1,'1459748694','2016-04-04 15:21:43'),('145975552799','333333','1459755527','0509',NULL,'0509','0509',NULL,'s',NULL,NULL,'2016-01-01','2016-01-01',1,'1459748694','2016-04-04 15:15:13'),('145975556499','333333','1459755564','0509',NULL,'0509','0509',NULL,'s',NULL,NULL,'2016-01-01','2016-01-01',1,'1459748694','2016-04-04 15:19:13'),('145975560299','333333','1459755602','0509',NULL,'0509','0509',NULL,'s',NULL,NULL,'2016-01-01','2016-01-01',1,'1459748694','2016-04-04 14:40:02'),('145975600699','333333','1459756006','0509',NULL,'0509','0509',NULL,'s',NULL,NULL,'2016-01-01','2016-01-01',1,'1459748694','2016-04-04 15:16:57'),('145975603299','333333','1459756032','0509',NULL,'0509','0509',NULL,'s',NULL,NULL,'2016-01-01','2016-01-01',1,'1459748694','2016-04-04 15:15:47'),('145975608799','333333','1459756087','0509',NULL,'0509','0509',NULL,'s',NULL,NULL,'2016-01-01','2016-01-01',1,'1459748694','2016-04-04 15:21:15'),('145975611399','333333','1459756113','0509',NULL,'0509','0509',NULL,'s',NULL,NULL,'2016-01-01','2016-01-01',1,'1459748694','2016-04-04 15:24:01'),('145975613999','333333','1459756139','0509',NULL,'0509','0509',NULL,'s',NULL,NULL,'2016-01-01','2016-01-01',1,'1459748694','2016-04-04 15:23:10'),('145975616499','333333','1459756164','0509',NULL,'0509','0509',NULL,'s',NULL,NULL,'2016-01-01','2016-01-01',1,'1459748694','2016-04-04 15:25:06'),('145975619599','333333','1459756195','0509',NULL,'0509','0509',NULL,'s',NULL,NULL,'2016-01-01','2016-01-01',1,'1459748694','2016-04-04 14:49:55'),('145975622499','333333','1459756224','0509',NULL,'0509','0509',NULL,'s',NULL,NULL,'2016-01-01','2016-01-01',1,'1459748694','2016-04-04 15:20:45'),('145975624799','333333','1459756247','0509',NULL,'0509','0509',NULL,'s',NULL,NULL,'2016-01-01','2016-01-01',1,'1459748694','2016-04-04 15:28:17'),('145975627299','333333','1459756272','0509',NULL,'0509','0509',NULL,'s',NULL,NULL,'2016-01-01','2016-01-01',1,'1459748694','2016-04-04 15:27:06'),('145975629599','333333','1459756295','0509',NULL,'0509','0509',NULL,'s',NULL,NULL,'2016-01-01','2016-01-01',1,'1459748694','2016-04-04 15:17:36'),('145975632199','333333','1459756321','0509',NULL,'0509','0509',NULL,'s',NULL,NULL,'2016-01-01','2016-01-01',1,'1459748694','2016-04-04 15:14:42'),('145975634299','333333','1459756342','0509',NULL,'0509','0509',NULL,'s',NULL,NULL,'2016-01-01','2016-01-01',1,'1459748694','2016-04-04 15:18:03'),('145975636799','333333','1459756367','0509',NULL,'0509','0509',NULL,'s',NULL,NULL,'2016-01-01','2016-01-01',1,'1459748694','2016-04-04 15:20:01'),('145975639699','333333','1459756396','0509',NULL,'0509','0509',NULL,'s',NULL,NULL,'2016-01-01','2016-01-01',1,'1459748694','2016-04-04 14:53:16'),('145975641999','333333','1459756419','0509',NULL,'0509','0509',NULL,'s',NULL,NULL,'2016-01-01','2016-01-01',1,'1459748694','2016-04-04 15:22:12'),('145975644199','333333','1459756441','0509',NULL,'0509','0509',NULL,'s',NULL,NULL,'2016-01-01','2016-01-01',1,'1459748694','2016-04-04 14:54:01'),('145975646599','333333','1459756465','0509',NULL,'0509','0509',NULL,'s',NULL,NULL,'2016-01-01','2016-01-01',1,'1459748694','2016-04-04 14:54:25'),('145975649499','333333','1459756494','0509',NULL,'0509','0509',NULL,'s',NULL,NULL,'2016-01-01','2016-01-01',1,'1459748694','2016-04-04 15:26:22'),('145975653099','333333','1459756530','0509',NULL,'0509','0509',NULL,'sd3',NULL,NULL,'2016-01-01','2016-01-01',1,'1459748694','2016-04-13 12:16:45'),('145975655499','333333','1459756554','0509',NULL,'0509','0509',NULL,'sd3',NULL,NULL,'2016-01-01','2016-01-01',1,'1459748694','2016-04-13 12:18:13'),('145975657099','333333','1459756570','0509',NULL,'0509','0509',NULL,'sd3',NULL,NULL,'2016-01-01','2016-01-01',1,'1459748694','2016-04-13 12:18:46'),('145975658999','333333','1459756589','0509',NULL,'0509','0509',NULL,'sd3',NULL,NULL,'2016-01-01','2016-01-01',1,'1459748694','2016-04-13 12:17:25'),('145975662499','333333','1459756624','0509',NULL,'0509','0509',NULL,'sd3',NULL,NULL,'2016-01-01','2016-01-01',1,'1459748694','2016-04-13 12:20:00'),('145975996399','333333','1459759963','0509',NULL,'0509','0509',NULL,'s',NULL,NULL,'2016-01-01','2016-01-01',1,'1459748694','2016-04-04 15:52:43'),('145983314999','333333','1459833149','05',NULL,'0502','05',NULL,'s',NULL,NULL,'2016-01-01','2016-01-01',1,'1459297654','2016-04-05 12:12:29'),('145991054699','333333','1459910546','05',NULL,'0502','05',NULL,'e4',NULL,NULL,'2016-01-01','2016-01-01',1,'1459297654','2016-04-06 09:42:26'),('145991688699','333333','1459916886','05',NULL,'0503','05',NULL,'srjn',NULL,NULL,'2016-01-01','2016-01-01',1,'1459297654','2016-04-06 11:28:06'),('145992465499','333333','1459924654','0529',NULL,'0529','052901',NULL,'srjn',NULL,NULL,'2016-01-01','2016-01-01',1,'1459151511','2016-04-06 13:37:34'),('146033881599','333333','1460338815','0520',NULL,'0520','0520',NULL,'srjn',NULL,NULL,'2016-01-01','2016-01-01',1,'1459138103','2016-04-11 08:40:15'),('146043755330','333333','1459410025','05',NULL,'0502','05',NULL,'e4',NULL,NULL,'2016-03-31','2016-03-31',0,'1458608926','2016-04-12 12:05:53'),('146044630999','333333','1460446309','05',NULL,'0501','05',NULL,'e2',NULL,NULL,'2016-01-01','2016-01-01',1,'1458608926','2016-04-12 14:31:49'),('146045193399','333333','1460451933','05',NULL,'0503','05',NULL,'srjn',NULL,NULL,'2016-01-01','2016-01-01',1,'1458608926','2016-04-12 16:05:33'),('146045196099','333333','1460451960','05',NULL,'0502','05',NULL,'srjn',NULL,NULL,'2016-01-01','2016-01-01',1,'1458608926','2016-04-12 16:06:00'),('146045199099','333333','1460451990','05',NULL,'0503','05',NULL,'srjn',NULL,NULL,'2016-01-01','2016-01-01',1,'1458608926','2016-04-12 16:06:30'),('146050857299','333333','1460508572','05',NULL,'0501','05',NULL,'s',NULL,NULL,'2016-01-01','2016-01-01',1,'1458608926','2016-04-13 07:49:32'),('146051502699','333333','1460515026','05',NULL,'0502','05',NULL,'srjn',NULL,NULL,'2016-01-01','2016-01-01',1,'1458608926','2016-04-13 09:37:06'),('146056025199','333333','1460560251','0526',NULL,'0526','0526',NULL,'sd3',NULL,NULL,'2016-01-01','2016-01-01',1,'1459322702','2016-04-13 22:10:51'),('146059694399','333333','1460596943','05',NULL,'0502','05',NULL,'sd3',NULL,NULL,'2016-01-01','2016-01-01',1,'1459136279','2016-04-14 08:22:23'),('146059701199','333333','1460597011','0501',NULL,'0501','0501',NULL,'s',NULL,NULL,'2016-01-01','2016-01-01',1,'1459065417','2016-04-14 08:23:31'),('146059729999','333333','1460597299','05',NULL,'0501','05',NULL,'s',NULL,NULL,'2016-01-01','2016-01-01',1,'1459065417','2016-04-14 08:28:19'),('146060700999','333333','1460607009','05',NULL,'0501','05',NULL,'srjn',NULL,NULL,'2016-01-01','2016-01-01',1,'1458608926','2016-04-14 11:10:09'),('146060714099','333333','1460607140','05',NULL,'0503','05',NULL,'s',NULL,NULL,'2016-01-01','2016-01-01',1,'1458608926','2016-04-14 11:12:20'),('146061679930','333333','1459485415','05',NULL,'0503','05',NULL,'s',NULL,NULL,'2016-03-31','2016-03-31',1,'1458608926','2016-04-14 13:53:19'),('146061733430','333333','1459485122','0505',NULL,'0505','0505',NULL,'s',NULL,NULL,'2016-01-01','2016-01-01',0,'1458608926','2016-04-14 14:11:50'),('146061791032','333333','1459485122','05','146061733430','0501','05',NULL,'s',NULL,NULL,'2016-03-01','2016-03-01',0,'1458608926','2016-04-14 14:11:50'),('146062176699','333333','1460621766','05',NULL,'0503','05',NULL,'s',NULL,NULL,'2016-01-01','2016-01-01',1,'1458608926','2016-04-14 15:16:06'),('146062181699','333333','1460621816','05',NULL,'0503','05',NULL,'sd3',NULL,NULL,'2016-01-01','2016-01-01',1,'1458608926','2016-04-14 15:16:56'),('146062194699','333333','1460621946','05',NULL,'0501','05',NULL,'srjn',NULL,NULL,'2016-01-01','2016-01-01',1,'1458608926','2016-04-14 15:19:06'),('146062360599','333333','1460623605','05',NULL,'0502','05',NULL,'sd3',NULL,NULL,'2016-01-01','2016-01-01',1,'1458608926','2016-04-14 15:46:45'),('146062382099','333333','1460623820','05',NULL,'0502','05',NULL,'srjn',NULL,NULL,'2016-01-01','2016-01-01',1,'1458608926','2016-04-14 15:50:20'),('146102625899','333333','1461026258','0503',NULL,'0503','0503',NULL,'e4',NULL,NULL,'2016-01-01','2016-01-01',1,'1459136367','2016-04-19 07:37:38'),('146102656999','333333','1461026569','0503',NULL,'0503','0503',NULL,'e3',NULL,NULL,'2016-01-01','2016-01-01',1,'1459136367','2016-04-19 07:42:49'),('146102668299','333333','1461026682','0503',NULL,'0503','0503',NULL,'e4',NULL,NULL,'2016-01-01','2016-01-01',1,'1459136367','2016-04-19 07:44:42'),('146102681299','333333','1461026812','0503',NULL,'0503','0503',NULL,'e4',NULL,NULL,'2016-01-01','2016-01-01',1,'1459136367','2016-04-19 07:46:52'),('146102689099','333333','1461026890','0503',NULL,'0503','0503',NULL,'e4',NULL,NULL,'2016-01-01','2016-01-01',1,'1459136367','2016-04-19 09:43:57'),('146102695699','333333','1461026956','0503',NULL,'0503','0503',NULL,'e4',NULL,NULL,'2016-01-01','2016-01-01',1,'1459136367','2016-04-19 07:49:16'),('146102702899','333333','1461027028','0503',NULL,'0503','0503',NULL,'s',NULL,NULL,'2016-01-01','2016-01-01',1,'1459136367','2016-04-19 07:50:28'),('146102717899','333333','1461027178','0503',NULL,'0503','0503',NULL,'s',NULL,NULL,'2016-01-01','2016-01-01',1,'1459136367','2016-04-19 07:52:58'),('146102727099','333333','1461027270','0503',NULL,'0503','0503',NULL,'s',NULL,NULL,'2016-01-01','2016-01-01',1,'1459136367','2016-04-19 07:54:30'),('146102732499','333333','1461027324','0503',NULL,'0503','0503',NULL,'s',NULL,NULL,'2016-01-01','2016-01-01',1,'1459136367','2016-04-19 07:55:24'),('146102747599','333333','1461027475','0503',NULL,'0503','0503',NULL,'s',NULL,NULL,'2016-01-01','2016-01-01',1,'1459136367','2016-04-19 07:57:55'),('146102753399','333333','1461027533','0503',NULL,'0503','0503',NULL,'s',NULL,NULL,'2016-01-01','2016-01-01',1,'1459136367','2016-04-19 07:58:53'),('146102758499','333333','1461027584','0503',NULL,'0503','0503',NULL,'s',NULL,NULL,'2016-01-01','2016-01-01',1,'1459136367','2016-04-20 12:29:07'),('146102763299','333333','1461027632','0503',NULL,'0503','0503',NULL,'s',NULL,NULL,'2016-01-01','2016-01-01',1,'1459136367','2016-04-19 08:00:32'),('146102768999','333333','1461027689','0503',NULL,'0503','0503',NULL,'s',NULL,NULL,'2016-01-01','2016-01-01',1,'1459136367','2016-04-19 08:01:29'),('146102780299','333333','1461027802','0503',NULL,'0503','0503',NULL,'s',NULL,NULL,'2016-01-01','2016-01-01',1,'1459136367','2016-04-19 08:03:22'),('146102784399','333333','1461027843','0503',NULL,'0503','0503',NULL,'s',NULL,NULL,'2016-01-01','2016-01-01',1,'1459136367','2016-04-19 08:04:03'),('146102788999','333333','1461027889','0503',NULL,'0503','0503',NULL,'s',NULL,NULL,'2016-01-01','2016-01-01',1,'1459136367','2016-04-19 08:04:49'),('146102794999','333333','1461027949','0503',NULL,'0503','0503',NULL,'s',NULL,NULL,'2016-01-01','2016-01-01',1,'1459136367','2016-04-19 08:05:49'),('146102799599','333333','1461027995','0503',NULL,'0503','0503',NULL,'s',NULL,NULL,'2016-01-01','2016-01-01',1,'1459136367','2016-04-19 08:06:35'),('146102803999','333333','1461028039','0503',NULL,'0503','0503',NULL,'s',NULL,NULL,'2016-01-01','2016-01-01',1,'1459136367','2016-04-19 09:36:23'),('146102810099','333333','1461028100','0503',NULL,'0503','0503',NULL,'s',NULL,NULL,'2016-01-01','2016-01-01',1,'1459136367','2016-04-19 08:08:20'),('146102815899','333333','1461028158','0503',NULL,'0503','0503',NULL,'s',NULL,NULL,'2016-01-01','2016-01-01',1,'1459136367','2016-04-19 08:09:18'),('146102820299','333333','1461028202','0503',NULL,'0503','0503',NULL,'s',NULL,NULL,'2016-01-01','2016-01-01',1,'1459136367','2016-04-19 08:10:02'),('146102824799','333333','1461028247','0503',NULL,'0503','0503',NULL,'s',NULL,NULL,'2016-01-01','2016-01-01',1,'1459136367','2016-04-19 08:10:47'),('146102832099','333333','1461028320','0503',NULL,'0503','0503',NULL,'sd3',NULL,NULL,'2016-01-01','2016-01-01',1,'1459136367','2016-04-19 08:12:00'),('146102837299','333333','1461028372','0503',NULL,'0503','0503',NULL,'srjn',NULL,NULL,'2016-01-01','2016-01-01',1,'1459136367','2016-04-19 08:12:52'),('146102840799','333333','1461028407','0503',NULL,'0503','0503',NULL,'srjn',NULL,NULL,'2016-01-01','2016-01-01',1,'1459136367','2016-04-19 08:13:27'),('146102843899','333333','1461028438','0503',NULL,'0503','0503',NULL,'srjn',NULL,NULL,'2016-01-01','2016-01-01',1,'1459136367','2016-04-19 08:13:58'),('146102848199','333333','1461028481','0503',NULL,'0503','0503',NULL,'srjn',NULL,NULL,'2016-01-01','2016-01-01',1,'1459136367','2016-04-19 08:14:41'),('146102851299','333333','1461028512','0503',NULL,'0503','0503',NULL,'srjn',NULL,NULL,'2016-01-01','2016-01-01',1,'1459136367','2016-04-19 08:15:12'),('146102854099','333333','1461028540','0503',NULL,'0503','0503',NULL,'srjn',NULL,NULL,'2016-01-01','2016-01-01',1,'1459136367','2016-04-19 08:15:40'),('146102856599','333333','1461028565','0503',NULL,'0503','0503',NULL,'srjn',NULL,NULL,'2016-01-01','2016-01-01',1,'1459136367','2016-04-19 08:16:05'),('146102858999','333333','1461028589','0503',NULL,'0503','0503',NULL,'sd3',NULL,NULL,'2016-01-01','2016-01-01',1,'1459136367','2016-04-19 08:16:29'),('146102861799','333333','1461028617','0503',NULL,'0503','0503',NULL,'sd3',NULL,NULL,'2016-01-01','2016-01-01',1,'1459136367','2016-04-19 08:16:57'),('146102864899','333333','1461028648','0503',NULL,'0503','0503',NULL,'sd3',NULL,NULL,'2016-01-01','2016-01-01',1,'1459136367','2016-04-19 08:17:28'),('146102868299','333333','1461028682','0503',NULL,'0503','0503',NULL,'sd3',NULL,NULL,'2016-01-01','2016-01-01',1,'1459136367','2016-04-26 08:49:12'),('146102967099','333333','1461029670','0503',NULL,'0503','0503',NULL,'s',NULL,NULL,'2016-01-01','2016-01-01',1,'1459136367','2016-04-19 08:34:30');

/*Table structure for table `t_mutasi_copy` */

DROP TABLE IF EXISTS `t_mutasi_copy`;

CREATE TABLE `t_mutasi_copy` (
  `id_mutasi` char(15) NOT NULL,
  `id_jenis_mutasi` char(6) NOT NULL DEFAULT '333333',
  `id_pegawai` char(15) NOT NULL,
  `id_lokasi` char(15) DEFAULT NULL,
  `id_homebase` char(15) DEFAULT NULL,
  `lokasi_lain` char(100) DEFAULT NULL,
  `id_jabatan` char(15) DEFAULT NULL,
  `sk` char(100) DEFAULT NULL,
  `no_sk` char(50) DEFAULT NULL,
  `tgl_sk` date NOT NULL,
  `tgl_mulai` date NOT NULL,
  `aktif` tinyint(1) NOT NULL DEFAULT '0',
  `id_user` char(15) NOT NULL,
  `update_akhir` datetime NOT NULL,
  PRIMARY KEY (`id_mutasi`),
  KEY `id_pegawai` (`id_pegawai`),
  KEY `id_jabatan` (`id_jabatan`),
  KEY `id_jenis_mutasi` (`id_jenis_mutasi`)
) ENGINE=InnoDB DEFAULT CHARSET=latin1;

/*Data for the table `t_mutasi_copy` */

insert  into `t_mutasi_copy`(`id_mutasi`,`id_jenis_mutasi`,`id_pegawai`,`id_lokasi`,`id_homebase`,`lokasi_lain`,`id_jabatan`,`sk`,`no_sk`,`tgl_sk`,`tgl_mulai`,`aktif`,`id_user`,`update_akhir`) values ('145912615499','333333','1459126154','0514','0514',NULL,'s',NULL,NULL,'2016-01-01','2016-01-01',1,'1458608926','2016-03-28 16:51:53'),('145914484799','333333','1459144847','0501','05',NULL,'e3',NULL,NULL,'2016-02-01','2016-02-01',1,'1458608926','2016-03-30 11:39:14'),('145914487299','333333','1459144872','0501','0501',NULL,'e4',NULL,NULL,'2016-03-01','2016-03-01',1,'1458608926','2016-04-04 07:19:39'),('145914743530','333333','1459144847','0508','0508',NULL,'s',NULL,NULL,'2016-01-31','2016-01-31',0,'1458608926','2016-03-28 13:43:55'),('145972917930','333333','1459144872','0506','0506',NULL,'e4',NULL,NULL,'2016-01-31','2016-01-31',0,'1458608926','2016-04-04 07:19:39'),('145972917931','333333','1459144872','0507','0507',NULL,'e4',NULL,NULL,'2016-02-29','2016-02-29',0,'1458608926','2016-04-04 07:19:39'),('1461740717','333333','1459126154','0502','05',NULL,'e2',NULL,'xx000','2016-04-01','2016-04-01',0,'1458608926','2016-04-27 14:05:17'),('1461740800','999999','1459126154',NULL,NULL,NULL,'s',NULL,'xx001','2016-05-01','2016-05-01',0,'1458608926','2016-04-27 14:06:40');

/*Table structure for table `t_pangkat` */

DROP TABLE IF EXISTS `t_pangkat`;

CREATE TABLE `t_pangkat` (
  `id_pangkat` char(15) NOT NULL,
  `pangkat` char(25) NOT NULL,
  `golongan` char(5) NOT NULL,
  `asn` tinyint(1) NOT NULL DEFAULT '1',
  `aktif` tinyint(1) NOT NULL DEFAULT '1',
  PRIMARY KEY (`id_pangkat`)
) ENGINE=InnoDB DEFAULT CHARSET=latin1;

/*Data for the table `t_pangkat` */

insert  into `t_pangkat`(`id_pangkat`,`pangkat`,`golongan`,`asn`,`aktif`) values ('1a','JURU MUDA','Ia',1,1),('1b','JURU MUDA TK I','Ib',1,1),('1c','JURU','Ic',1,1),('1d','JURU TK I','Id',1,1),('2a','PENGATUR MUDA','IIa',1,1),('2b','PENGATUR MD TK I','IIb',1,1),('2c','PENGATUR','IIc',1,1),('2d','PENGATUR TK I','IId',1,1),('3a','PENATA MUDA','IIIa',1,1),('3b','PENATA MUDA TK I','IIIb',1,1),('3c','PENATA','IIIc',1,1),('3d','PENATA TK I','IIId',1,1),('4a','PEMBINA','IVa',1,1),('4b','PEMBINA TINGKAT I','IVb',1,1),('4c','PEMBINA UTAMA MUDA','IVc',1,1),('4d','PEMBINA UTAMA MADYA','IVd',1,1),('4e','PEMBINA UTAMA','IVe',1,1),('phl','PHL','-',0,1),('pk','PEGAWAI KONTRAK','-',0,1);

/*Table structure for table `t_paraf` */

DROP TABLE IF EXISTS `t_paraf`;

CREATE TABLE `t_paraf` (
  `id_paraf` char(15) NOT NULL,
  `posisi` smallint(5) NOT NULL DEFAULT '0',
  `nama_paraf` char(100) NOT NULL,
  `nama_laporan` char(50) NOT NULL,
  `id_jabatan` char(5) NOT NULL,
  `top_sort` tinyint(1) NOT NULL DEFAULT '0',
  `aktif` tinyint(1) NOT NULL DEFAULT '1',
  PRIMARY KEY (`id_paraf`)
) ENGINE=InnoDB DEFAULT CHARSET=latin1;

/*Data for the table `t_paraf` */

insert  into `t_paraf`(`id_paraf`,`posisi`,`nama_paraf`,`nama_laporan`,`id_jabatan`,`top_sort`,`aktif`) values ('01rd2d',1,'KEPALA UP3AD','rd2d','e3',1,1),('02rd2d',2,'KEPALA SEKSI PEMBUKUAN DAN PELAPORAN','rd2d','e4',0,1);

/*Table structure for table `t_pegawai` */

DROP TABLE IF EXISTS `t_pegawai`;

CREATE TABLE `t_pegawai` (
  `id_pegawai` char(15) NOT NULL,
  `id_sts_pegawai` char(3) NOT NULL,
  `nama_pegawai` char(100) NOT NULL,
  `nip` char(25) DEFAULT NULL,
  `id_pangkat` char(15) NOT NULL,
  `id_user` char(15) NOT NULL,
  `history_buat` datetime DEFAULT NULL,
  `history_update` datetime DEFAULT NULL,
  `aktif` tinyint(1) NOT NULL DEFAULT '1',
  PRIMARY KEY (`id_pegawai`),
  KEY `id_sts_pegawai` (`id_sts_pegawai`),
  KEY `id_pangkat` (`id_pangkat`),
  KEY `id_user` (`id_user`),
  CONSTRAINT `t_pegawai_ibfk_1` FOREIGN KEY (`id_sts_pegawai`) REFERENCES `t_sts_pegawai` (`id_sts_pegawai`) ON DELETE CASCADE ON UPDATE CASCADE,
  CONSTRAINT `t_pegawai_ibfk_2` FOREIGN KEY (`id_pangkat`) REFERENCES `t_pangkat` (`id_pangkat`) ON DELETE CASCADE ON UPDATE CASCADE,
  CONSTRAINT `t_pegawai_ibfk_4` FOREIGN KEY (`id_user`) REFERENCES `t_users` (`id_user`) ON DELETE CASCADE ON UPDATE CASCADE
) ENGINE=InnoDB DEFAULT CHARSET=latin1;

/*Data for the table `t_pegawai` */

insert  into `t_pegawai`(`id_pegawai`,`id_sts_pegawai`,`nama_pegawai`,`nip`,`id_pangkat`,`id_user`,`history_buat`,`history_update`,`aktif`) values ('1459135131','33','DELVINA','19600403 198903 2 003','3d','1459134128','2016-03-28 10:18:51',NULL,1),('1459135256','33','WIWIEK SUSYANI,SE','19591018 198208 2 001','3d','1459134128','2016-03-28 10:20:56',NULL,1),('1459135349','33','ANI PRATIWI,SE','19630311 198510 2 002','3d','1459134128','2016-03-28 10:22:29',NULL,1),('1459135443','33','KISWANTO,SH','19670725 198903 1 006','3d','1459134128','2016-03-28 10:24:03',NULL,1),('1459135533','33','ANTHONY ADI PUTRANTO,SH','19680709 199303 1 010','3d','1459134128','2016-03-28 10:25:33','2016-04-26 08:13:57',1),('1459135671','33','KOESWARDONO B CHRIS,SH,MM','19601208 198503 1 013','4a','1459134128','2016-03-28 10:27:51','2016-03-30 14:38:00',1),('1459138253','33','ENDANG IRIYANTI,S.SOS, M.SI','19640730 198803 2 005','3d','1459136436','2016-03-28 11:10:53','2016-03-29 13:07:21',1),('1459139733','33','SRI SURYANINGSIH','19620831 199105 2 001','3d','1459136436','2016-03-28 11:35:33',NULL,1),('1459139835','33','AGUSMAN,SE','19590831 198510 1 001','3d','1459136436','2016-03-28 11:37:15',NULL,1),('1459139893','33','SRI NURYANI,SE','19590307 197902 2 001','3d','1459136436','2016-03-28 11:38:13',NULL,1),('1459139959','33','BAMBANG HARDJANTO,S.SOS','19580704 198404 1 010','3d','1459136436','2016-03-28 11:39:19',NULL,1),('1459140676','33','EDY HERIYANTO,SE','19600528 198503 1 008','3c','1459136436','2016-03-28 11:51:16',NULL,1),('1459140988','33','SUHARYADI WAHYU','19680111 199001 1 002','3d','1459136436','2016-03-28 11:56:28',NULL,1),('1459141110','33','KUSDARYANIKUSUMAWARDANI','19730820 200604 2 003','3c','1459136436','2016-03-28 11:58:30',NULL,1),('1459142545','33','KRISNO UTOMO','19660203 199203 1 009','3c','1459136436','2016-03-28 12:22:25',NULL,1),('1459142648','33','ANDY RADITYO KRIDA SUSILO,ST','19800914 201101 1 006','3b','1459136436','2016-03-28 12:24:08',NULL,1),('1459142720','33','SUGIARTO','19661009 198903 1 009','3b','1459136436','2016-03-28 12:25:20',NULL,1),('1459142891','33','SUGIYARTO','19720625 199203 1 006','3b','1459136436','2016-03-28 12:28:11',NULL,1),('1459142983','33','TEGUH PURNOMO','19580705 198503 1 015','3b','1459136436','2016-03-28 12:29:43',NULL,1),('1459143107','33','ARI MARWANTO','19710711 201001 1 002','2b','1459136436','2016-03-28 12:31:47',NULL,1),('1459143920','33','ENNY PUDJIASTUTI, S.SOS','19591028 197901 2 001','3d','1459143349','2016-03-28 12:45:20',NULL,1),('1459144010','33','DRS. AS\'ARI, M.SI','19621212 198510 1 001','4b','1459143349','2016-03-28 12:46:50','2016-04-28 10:19:09',1),('1459144215','33','BAMBANG IRWAN SETIYABUDI, SH','19590310 198503 1 012','3d','1459143349','2016-03-28 12:50:15',NULL,1),('1459144346','33','AGUNG MARDIYANTO, SE','19630318 198512 1 001','3d','1459143349','2016-03-28 12:52:26',NULL,1),('1459144456','33','BAMBANG TRI KUNCORO, SH','19660102 199603 1 003','3d','1459143349','2016-03-28 12:54:16',NULL,1),('1459144560','33','LUKY YUDHIA PERWIRA, SH','19670524 198702 1 003','3d','1459143349','2016-03-28 12:56:00',NULL,1),('1459144644','33','ROCH SURYANI, S.SOS','19660307 198510 2 001','3d','1459143349','2016-03-28 12:57:24',NULL,1),('1459144723','33','NOORSANTI WIDOERI, S.SOS','19690210 198803 2 001','3d','1459143349','2016-03-28 12:58:43',NULL,1),('1459144835','33','SUONO','19590103 198503 1 012','3b','1459143349','2016-03-28 13:00:35',NULL,1),('1459144909','33','TRIMARGAGREDA BUDI SETIYAWAN','19700615 199203 1 009','3b','1459143349','2016-03-28 13:01:49',NULL,1),('1459144974','33','DWI KUSUMAWATI, S.SOS','19651022 198903 2 009','3a','1459143349','2016-03-28 13:02:54',NULL,1),('1459145039','33','SUNAR','19680309 198903 1 007','3a','1459143349','2016-03-28 13:03:59',NULL,1),('1459145108','33','PRATIKNO','19610106 200604 1 004','2c','1459143349','2016-03-28 13:05:08',NULL,1),('1459145197','33','ARIF RAHMADIYANTO, S.SOS','19671214 201001 1 001','2b','1459143349','2016-03-28 13:06:37',NULL,1),('1459145265','33','ARI DIKDO','19750615 201001 1 004','2b','1459143349','2016-03-28 13:07:45',NULL,1),('1459145329','33','KRISTIAWAN NUGRAHANTO, S.SOS','19800408 201001 1 004','2b','1459143349','2016-03-28 13:08:49',NULL,1),('1459149639','33','ARI WIDODO EDIJANTO','19671230 200701 1 007','2c','1459134128','2016-03-28 14:20:39',NULL,1),('1459149743','33','SLAMET PRIYO H.S.SOS','19600505 198503 1 016','3d','1459133423','2016-03-28 14:22:23',NULL,1),('1459149744','33','WAHYONO','19680419 201001 1 002','2b','1459134128','2016-03-28 14:22:24',NULL,1),('1459149806','33','SARONO EDI S, S.SOS','19601231 198503 1 125','3d','1459133423','2016-03-28 14:23:26',NULL,1),('1459149808','33','YOYOK SOEMARJO','19601222 198503 1 009','2a','1459134128','2016-03-28 14:23:28',NULL,1),('1459149867','33','S.HADI WIBOWO','19611028 198603 1 009','3d','1459133423','2016-03-28 14:24:27',NULL,1),('1459149902','33','SODIKUN,SE,MSE,MA','19740618 199511 1 001','3d','1459133423','2016-03-28 14:25:02',NULL,1),('1459149915','33','BAMBANG MURTOPO, SH., MH','19580329 199403 1 001','3c','1459134128','2016-03-28 14:25:15','2016-04-26 08:03:17',1),('1459149961','33','TOTOK MULYANTO, S.SOS','19680603 198903 1 007','3d','1459133423','2016-03-28 14:26:01',NULL,1),('1459149967','33','MUJI HARTONO, SE','19680523 198903 1 005','3c','1459134128','2016-03-28 14:26:07',NULL,1),('1459150019','33','NURMAWATI KHASANAH','19630325 198510 2 001','3b','1459133423','2016-03-28 14:26:59',NULL,1),('1459150029','33','WAGIMAN, SE','19671004 198903 1 009','3c','1459134128','2016-03-28 14:27:09',NULL,1),('1459150080','33','WAGIMAN','19591112 198510 1 002','3a','1459134128','2016-03-28 14:28:00',NULL,1),('1459150100','33','NUR ENDAH SARWOSRI, SE','19690124 198903 2 006','3c','1459133423','2016-03-28 14:28:20',NULL,1),('1459150159','33','R TRI SOEDARSIH','19590621 198511 2 001','2c','1459134128','2016-03-28 14:29:19',NULL,1),('1459150172','33','SUHARTANTO, S.SOS','19690416 198903 1 005','3c','1459133423','2016-03-28 14:29:32',NULL,1),('1459150211','33','SURYATNO','19641112 200801 1 002','2b','1459134128','2016-03-28 14:30:11',NULL,1),('1459150230','33','NUK BIYONO','19580302 198302 1 003','3b','1459133423','2016-03-28 14:30:30',NULL,1),('1459150281','33','WIDODO, SE','19600706 198503 1 022','2d','1459133423','2016-03-28 14:31:21',NULL,1),('1459150287','33','MUSLIH SUTOYO','19610812 200701 1 006','2b','1459134128','2016-03-28 14:31:27',NULL,1),('1459150318','33','WARSONO','19620924 200701 1 012','2b','1459133423','2016-03-28 14:31:58',NULL,1),('1459150326','33','JOKO MARWANTO','19691118 200801 1 005','2b','1459134128','2016-03-28 14:32:06',NULL,1),('1459150358','33','NUR KHOLIS','19800412 200901 1 006','2b','1459133423','2016-03-28 14:32:38',NULL,1),('1459150412','33','ERRY RAHARJONO,S.SOS, MSI','19690905 198803 1 001','4a','1459133423','2016-03-28 14:33:32',NULL,1),('1459150439','99','JOKO KOESDARYANTO','','phl','1459134128','2016-03-28 14:33:59',NULL,1),('1459150460','99','SRI WALUYO','','phl','1459134128','2016-03-28 14:34:20',NULL,1),('1459152615','33','NANIK KRISTIYANI, SE, MM','19590930 197902 2 001','4a','1459152004','2016-03-28 15:10:15',NULL,1),('1459152778','33','ANDI SURYANTO, SSTP, M.SI','19780410 199703 1 005','4a','1459150862','2016-03-28 15:12:58',NULL,1),('1459154245','33','SITI AISYAH SE, MM','19670311 199203 2 008','4a','1459150862','2016-03-28 15:37:25',NULL,1),('1459154266','33','MUSTAKIM','19790314 201002 1 002','2a','1459136436','2016-03-28 15:37:46',NULL,1),('1459154282','33','ARI PRATIWI, SE, MM','19590511 197901 2 001','4a','1459150862','2016-03-28 15:38:02',NULL,1),('1459154339','33','TRI ISWATI, S.SOS','19590325 198203 2 002','3d','1459150862','2016-03-28 15:38:59',NULL,1),('1459154409','33','JOKO PUJIYONO, SE, M. SI','19630128 198510 1 001','3d','1459150862','2016-03-28 15:40:09',NULL,1),('1459154444','33','PURYADI SE, MM','19620510 199003 1 004','3d','1459150862','2016-03-28 15:40:44',NULL,1),('1459154485','33','JOKO SUPRIYANTO, SE','19591231 199103 1 044','3d','1459150862','2016-03-28 15:41:25',NULL,1),('1459154513','33','DANANG SASONGKO, SH, M.SI','19620502 198910 1 001','3d','1459150862','2016-03-28 15:41:53',NULL,1),('1459154548','33','PURWANTO, SP, MM','19750427 200312 1 003','3c','1459150862','2016-03-28 15:42:28',NULL,1),('1459154592','33','TAWAR GUNADI, SE','19641227 198510 1 002','3c','1459150862','2016-03-28 15:43:12',NULL,1),('1459154628','33','TRI BASUKI, SE','19630903 198703 1 010','3b','1459150862','2016-03-28 15:43:48',NULL,1),('1459154674','33','RUBADI','19590515 198503 1 015','2d','1459150862','2016-03-28 15:44:34',NULL,1),('1459154706','33','DARSONO','19590817 198803 1 005','2d','1459150862','2016-03-28 15:45:06',NULL,1),('1459154764','33','INDRAYANTO','19710921 200901 1 003','2b','1459150862','2016-03-28 15:46:04',NULL,1),('1459154809','33','DANANG PANCAKA','19650924 201001 1 002','2b','1459150862','2016-03-28 15:46:49',NULL,1),('1459154848','33','SUSANTO','19800130 200901 1 006','2a','1459150862','2016-03-28 15:47:28',NULL,1),('1459154891','33','SULARNO','19720911 200701 1 008','2a','1459150862','2016-03-28 15:48:11',NULL,1),('1459154917','99','HENRY FIRMAN ARIANTO, SH','','phl','1459150862','2016-03-28 15:48:37',NULL,1),('1459154937','99','VERONICA LIS WAHYUNINGSIH, SH','','phl','1459150862','2016-03-28 15:48:57',NULL,1),('1459154953','99','MARIA DEWI SARI PUTRI','','phl','1459150862','2016-03-28 15:49:13',NULL,1),('1459158096','33','RINA IRAWANTI, SH., M.HUM','19650921 198909 2 001','4b','1459303853','2016-03-28 16:41:36','2016-03-31 11:08:13',1),('1459158135','33','WAWAN GUNAWAN UTAMA','19760204 200902 1 002','3b','1459136279','2016-03-28 16:42:15',NULL,1),('1459166584','33','RINI TRI UTAMI','19830618 201101 2 011','3b','1459136279','2016-03-28 19:03:04',NULL,1),('1459173151','33','DEWI SARTIKA','19910519 201206 2 001','3a','1459136279','2016-03-28 20:52:31',NULL,1),('1459173334','33','APRIYANTI WAHYU SEJATI','19830413 201100 1 200','3b','1459136279','2016-03-28 20:55:34',NULL,1),('1459211954','33','INTAN TRINEGARI, SH. MM','19630225 199203 2 003','4b','1459150457','2016-03-29 07:39:14','2016-03-29 12:04:49',1),('1459212123','33','DRS. ASTANTO, MM.','19610805 198211 1 001','4a','1459150457','2016-03-29 07:42:03',NULL,1),('1459212232','33','NUR AENI ASIH, SE. MM','19611227 198510 2 001','4a','1459150457','2016-03-29 07:43:52',NULL,1),('1459212326','33','SUDARNO AGUNG PURWANTONI, SH. MM','19630617 199310 1 001','4a','1459150457','2016-03-29 07:45:26',NULL,1),('1459212842','33','NUR IMAN. SH. MSI','19630919 198511 1 001','4a','1459150457','2016-03-29 07:54:02',NULL,1),('1459213172','33','AGUS WIYONO, S.SOS','19650821 198510 1 001','3c','1459150457','2016-03-29 07:59:32',NULL,1),('1459213293','33','WALUYO,SE','19670212 198903 1 008','3b','1459150457','2016-03-29 08:01:33',NULL,1),('1459213477','33','RITA INDIATI','19621222 198511 2 003','3a','1459150457','2016-03-29 08:04:37','2016-03-29 11:12:25',1),('1459213555','33','KRISTIANTO','19690502 200701 1 043','2c','1459150457','2016-03-29 08:05:55',NULL,1),('1459213623','33','SUKIRNO','19621110 200801 1 007','2b','1459150457','2016-03-29 08:07:03',NULL,1),('1459213707','33','YULI WIBOWO','19760725 201001 1 003','2b','1459150457','2016-03-29 08:08:27',NULL,1),('1459213769','99','HAJAR DEWANTO','','pk','1459150457','2016-03-29 08:09:29',NULL,1),('1459213934','99','JOHAN FATONY','','pk','1459150457','2016-03-29 08:12:14','2016-03-29 11:23:39',1),('1459213998','99','GUNAWAN','','pk','1459150457','2016-03-29 08:13:18',NULL,1),('1459214128','33','SUPRIYONO, SH','19601210 198503 2 018','4a','1459213035','2016-03-29 08:15:28',NULL,1),('1459214225','33','NINIK PUJI ASTUTI, S.SN, MM','19650223 199806 2 001','4a','1459213035','2016-03-29 08:17:05',NULL,1),('1459214319','33','SULASTRININGSIH, SE','19581220 197902 2 001','3d','1459213035','2016-03-29 08:18:39','2016-03-29 08:19:28',1),('1459214464','33','RM. ANDI MULYONO K, SE. MSI','19660214 199203 1 005','3d','1459213035','2016-03-29 08:21:04',NULL,1),('1459214552','33','SRIYONO, SSTP','19780526 199810 1 001','3d','1459213035','2016-03-29 08:22:32',NULL,1),('1459214601','33','JOKO PARYONO, SH','19620922 199203 1 002','3c','1459213035','2016-03-29 08:23:21',NULL,1),('1459214677','33','SITI LESTARI, SE','19680608 198903 2 003','3c','1459213035','2016-03-29 08:24:37',NULL,1),('1459214735','33','SIDIQ ADI PANDEGA, SSTP., MSI','19830328 200112 1 006','3c','1459213035','2016-03-29 08:25:35',NULL,1),('1459214785','33','BANDOT HARIJANTO','19671118 198903 1 004','2c','1459213035','2016-03-29 08:26:25',NULL,1),('1459214840','33','MOH. SOBIRIN','19771121 200801 1 003','2b','1459213035','2016-03-29 08:27:20',NULL,1),('1459214878','33','RASWIN','19751111 200901 1 008','2b','1459213035','2016-03-29 08:27:58',NULL,1),('1459214943','33','WAHYUDI SLAMET WIDODO','19661116 200801 1 001','1b','1459213035','2016-03-29 08:29:03',NULL,1),('1459215749','33','AGUS HARDIATMO, SH','19630811 199211 1 001','4a','1459213265','2016-03-29 08:42:29','2016-04-18 10:35:32',1),('1459216011','33','EKO SUPRIYANTO,S.SOS','19581109 198503 1 008','3d','1459213265','2016-03-29 08:46:51',NULL,1),('1459216341','33','ASNADI, SH.MSI','19661115 198903 1 009','3d','1459213265','2016-03-29 08:52:21',NULL,1),('1459216464','33','SUPARDI, SE','19581006 197902 1 001','3d','1459213265','2016-03-29 08:54:24',NULL,1),('1459216594','33','SUTINI, SE','19670210 198903 2 005','3c','1459213265','2016-03-29 08:56:34',NULL,1),('1459217365','33','DRA. SRI HARNANI','19670619 199703 2 002','4a','1459152424','2016-03-29 09:09:25','2016-03-29 09:42:32',1),('1459217439','33','A.ISNANTO,S.IP','19651001 199603 1 003','3d','1459213265','2016-03-29 09:10:39',NULL,1),('1459217443','33','DRS. GATOT TRI WIBOWO','19581009 199002 1 001','3d','1459152424','2016-03-29 09:10:43',NULL,1),('1459217504','33','HARTININGSIH, SE','19640627 198509 2 001','3d','1459213265','2016-03-29 09:11:44',NULL,1),('1459217512','33','LANDJAR WIDODO, SE','19580607 197812 1 002','3d','1459152424','2016-03-29 09:11:52',NULL,1),('1459217565','33','SRI USDIANI, SE','19610903 199001 2 001','3c','1459213265','2016-03-29 09:12:45',NULL,1),('1459217570','33','SUGENG, SE','19620827 198510 1 001','3d','1459152424','2016-03-29 09:12:50',NULL,1),('1459217616','33','HAPTI ANDINI, SE','19710816 199201 2 003','3b','1459213265','2016-03-29 09:13:36',NULL,1),('1459217628','33','NOOR ARIFIN, SE','19660524 199203 1 007','3c','1459152424','2016-03-29 09:13:48',NULL,1),('1459217714','33','SUTARYO, SE','19580822 197901 1 003','3d','1459152424','2016-03-29 09:15:14',NULL,1),('1459217765','33','SUWARNO, SE','19590107 198503 1 012','3d','1459152424','2016-03-29 09:16:05',NULL,1),('1459218106','33','SURATMAN, SE, MM','19660509 198903 1 014','3c','1459152424','2016-03-29 09:21:46',NULL,1),('1459218184','33','SITI KHODIYATUN, SE','19650706 198910 2 001','3c','1459152424','2016-03-29 09:23:04',NULL,1),('1459218242','33','DRA. MURYATI','19660510 199403 2 007','3d','1459152424','2016-03-29 09:24:02',NULL,1),('1459218363','33','DEWI RAHAYU','19581221 197901 2 001','3b','1459152424','2016-03-29 09:26:03',NULL,1),('1459218449','33','DRA. SUNARSIH','19581217 199203 2 003','3d','1459152424','2016-03-29 09:27:29',NULL,1),('1459218576','33','ABDUL AZIZ, SE','19670125 199703 1 003','3d','1459152424','2016-03-29 09:29:36',NULL,1),('1459218586','33','MOEMUD SOEHARTI, SE','19700527 199303 2 002','3b','1459213265','2016-03-29 09:29:46',NULL,1),('1459218644','33','MA\'RUF RIYANTO','19591126 198503 1 006','2d','1459213265','2016-03-29 09:30:44',NULL,1),('1459218657','33','SRI HATI, SE','19611006 198510 2 001','3d','1459152424','2016-03-29 09:30:57',NULL,1),('1459218714','33','WARIS, SE','19610327 198503 1 011','3d','1459152424','2016-03-29 09:31:54',NULL,1),('1459218766','33','HARIYANTO','19710129 199603 1 001','3b','1459152424','2016-03-29 09:32:46',NULL,1),('1459218767','33','EKO SUPATMI','19611024 200701 2 001','2c','1459213265','2016-03-29 09:32:47',NULL,1),('1459218811','33','SUKIRMAN','19600107 200604 1 011','2c','1459152424','2016-03-29 09:33:31',NULL,1),('1459218856','33','DEWI BUANA','19630910 100701 1 020','2c','1459152424','2016-03-29 09:34:16',NULL,1),('1459218909','33','SISWADI','19661022 200701 1 006','2c','1459152424','2016-03-29 09:35:09',NULL,1),('1459218950','33','HADIYONO','19620805 200801 1 002','2b','1459152424','2016-03-29 09:35:50',NULL,1),('1459218961','33','BAMBANG SULISTYOAJI','19580515 197901 1 002','4a','1459130999','2016-03-29 09:36:01','2016-03-29 09:49:46',1),('1459219006','33','SRI NURJANAH','19800121 200901 2 007','2b','1459152424','2016-03-29 09:36:46',NULL,1),('1459219017','33','SUHARYO','19650426 199303 1 004','3d','1459130999','2016-03-29 09:36:57',NULL,1),('1459219048','33','SIH SRI REJONO','19640205 200901 1 002','2b','1459152424','2016-03-29 09:37:28',NULL,1),('1459219082','33','ANI SULISTYANI','19701129 198903 2 001','3d','1459130999','2016-03-29 09:38:02',NULL,1),('1459219102','33','MOH ADIB EFFENDI','19750911 200901 1 005','2b','1459152424','2016-03-29 09:38:22',NULL,1),('1459219140','33','IBNU PRABOWO','19760430 199803 1 004','3c','1459130999','2016-03-29 09:39:00',NULL,1),('1459219156','33','WAHYU WIBISONO','19660829 200901 1 006','2b','1459152424','2016-03-29 09:39:16',NULL,1),('1459219204','33','ANDY LAKSONO','19800106 200901 1 008','2b','1459152424','2016-03-29 09:40:04',NULL,1),('1459219234','33','WIWIK ISMIATUN','19670411 198903 2 005','3c','1459130999','2016-03-29 09:40:34',NULL,1),('1459219251','33','SUPARNO','19710126 201001 1 003','2b','1459152424','2016-03-29 09:40:51',NULL,1),('1459219278','33','TRI EDDY UTOMO','19700428 199303 1 006','3c','1459130999','2016-03-29 09:41:18',NULL,1),('1459219319','33','SUMANTO','19701010 200901 1 003','1d','1459152424','2016-03-29 09:41:59','2016-03-29 09:43:38',1),('1459219323','33','IRAWAN','19790919 200801 1 022','3b','1459130999','2016-03-29 09:42:03',NULL,1),('1459219402','33','WIWIT SUBEKTI','19860102 200412 1 001','3b','1459130999','2016-03-29 09:43:22',NULL,1),('1459219442','33','SUWARNINGSIH','19640910 198903 2 008','2d','1459130999','2016-03-29 09:44:02',NULL,1),('1459219468','33','SURATNO','19650302 200701 1 023','2b','1459213265','2016-03-29 09:44:28',NULL,1),('1459219520','33','YUNUS','19630325 200701 1 009','2b','1459213265','2016-03-29 09:45:20',NULL,1),('1459219540','33','TRISNO WAHMUDJITO','19620120 200801 1 004','2b','1459130999','2016-03-29 09:45:40',NULL,1),('1459219577','33','SUTARNO','19650713 200801 1 004','1d','1459213265','2016-03-29 09:46:17',NULL,1),('1459219602','33','DWI ELROSID MAHIRUN','19740606 200901 1 009','2b','1459130999','2016-03-29 09:46:42',NULL,1),('1459219653','99','SATRIA KESUMA ILHAM, ST','','phl','1459213265','2016-03-29 09:47:33',NULL,1),('1459219662','33','RUBANGI','19680606 200701 1 029','2b','1459130999','2016-03-29 09:47:42',NULL,1),('1459219690','99','NANANG SUNARYONO','','phl','1459213265','2016-03-29 09:48:10',NULL,1),('1459219709','99','NOVENDI DWI HARYANTO','','phl','1459130999','2016-03-29 09:48:29',NULL,1),('1459219738','33','DIANA PUSPASARI','19810922 200604 2 015','3c','1459136367','2016-03-29 09:48:58',NULL,1),('1459219766','33','SAMIJO','19600428 198510 1 002','3b','1459130999','2016-03-29 09:49:26',NULL,1),('1459220203','33','TISNO PURWANTO,S.SOS.MM','19610121 198607 1 001','4a','1459151125','2016-03-29 09:56:43','2016-03-29 11:26:34',1),('1459220275','33','NUR BAMBANG AGUNG PERMADI,S.SOS','19600204 198103 1 011','3d','1459151125','2016-03-29 09:57:55','2016-03-29 11:26:53',1),('1459220425','33','HERRY MURWANTO,SE','19590119 197902 1 001','3d','1459151125','2016-03-29 10:00:25','2016-03-29 11:27:09',1),('1459220482','33','OLLYK HENDRARJANTO.SH','19651112 198511 1 001','4a','1459215531','2016-03-29 10:01:22',NULL,1),('1459220542','33','MA.WIDIYANTI,SE.MM','19610127 197902 2 001','3d','1459151125','2016-03-29 10:02:22','2016-03-29 11:27:24',1),('1459220593','33','SUMARYANTO,SE','19580625 198503 1 013','3d','1459151125','2016-03-29 10:03:13','2016-03-29 11:27:38',1),('1459220615','33','CHRISTIANA LESTIYANTI.S.SOS','19590608 197902 2 001','3d','1459215531','2016-03-29 10:03:35',NULL,1),('1459220642','33','ALEP REFAIN,SH.MM','19680831 198903 1 005','3d','1459151125','2016-03-29 10:04:02','2016-03-29 11:27:55',1),('1459220678','33','SUSETIYO RAHARJO','19750208 200901 1 006','2b','1459136436','2016-03-29 10:04:38',NULL,1),('1459220694','33','ASIH SETIORINI,SE','19690510 198903 2 006','3c','1459151125','2016-03-29 10:04:54','2016-03-29 11:28:09',1),('1459220736','33','KASMADI,SE','19660922 198903 1 005','3c','1459151125','2016-03-29 10:05:36','2016-03-29 11:28:23',1),('1459220786','33','MAS\'OEDAH,SE','19650906 199309 2 002','3c','1459151125','2016-03-29 10:06:26','2016-03-29 11:28:42',1),('1459220792','33','REZA FERIANSYAH,SE','19800201 201101 0 006','3b','1459136436','2016-03-29 10:06:32',NULL,1),('1459220829','33','NGATMIN,SH','19690805 198903 1 004','3c','1459151125','2016-03-29 10:07:09','2016-03-29 11:28:57',1),('1459220857','33','ANDREAS TEGUH ,S.KOM','19771126 201001 0 004','3b','1459136436','2016-03-29 10:07:37',NULL,1),('1459220912','33','AGUS MURTRIYONO,SE','19680809 198903 1 008','3b','1459151125','2016-03-29 10:08:32','2016-03-29 11:29:14',1),('1459220967','33','PURWADI','19620912 198503 1 014','3b','1459151125','2016-03-29 10:09:27',NULL,1),('1459221025','33','SUGIARTO,SE','19590623 198503 1 006','3a','1459151125','2016-03-29 10:10:25','2016-03-29 11:29:39',1),('1459221089','33','M ZALUL','19690730 200801 1 005','2b','1459151125','2016-03-29 10:11:29',NULL,1),('1459221181','33','ASEP RIYADI','19770915 200901 1 006','2b','1459151125','2016-03-29 10:13:01',NULL,1),('1459221691','33','SLAMET RIYADI','19721002 201001 1 003','2b','1459151125','2016-03-29 10:21:31',NULL,1),('1459221738','33','SASMINTONO','19661016 201001 1 002','1d','1459151125','2016-03-29 10:22:18',NULL,1),('1459221786','33','SAROYO','19721222 200701 1 008','2a','1459136436','2016-03-29 10:23:06',NULL,1),('1459221870','33','KUSNAN','19590714 198510 1 001','2a','1459136436','2016-03-29 10:24:30',NULL,1),('1459222027','33','SLAMET','19591105 198503 1 007','2a','1459136436','2016-03-29 10:27:07',NULL,1),('1459222121','33','BUDI UTOMO','19600604 200604 1 019','1c','1459136436','2016-03-29 10:28:41',NULL,1),('1459222218','33','CAHYOWATI','19580209 197812 2 001','3d','1459130999','2016-03-29 10:30:18',NULL,1),('1459222378','99','ANDREAS INDRO YUWONO, AMD','','phl','1459136436','2016-03-29 10:32:58',NULL,1),('1459222501','33','SISWANDARI CAHYANINGTYAS','19870117 200901 2 002','3b','1459136367','2016-03-29 10:35:01',NULL,1),('1459222507','99','BAROTO','','phl','1459136436','2016-03-29 10:35:07',NULL,1),('1459222574','99','ANANG CARONO','','phl','1459136436','2016-03-29 10:36:14',NULL,1),('1459222626','99','HENDRO BASUKI','','phl','1459136436','2016-03-29 10:37:06',NULL,1),('1459222678','99','ANITA LINDHA WIJAYANTI,AMD','','phl','1459136436','2016-03-29 10:37:58',NULL,1),('1459222721','99','HARISDHA ALDAKARNILA, SH','','phl','1459136436','2016-03-29 10:38:41',NULL,1),('1459223270','99','NANDA AGIT WIJAYANTO, SH','','phl','1459136436','2016-03-29 10:47:50',NULL,1),('1459223321','99','DITA FRISTI PUTRI HIDAYANI','','phl','1459136436','2016-03-29 10:48:41','2016-03-30 13:37:48',1),('1459224053','99','DEDI HARTANTO','','phl','1459136436','2016-03-29 11:00:53',NULL,1),('1459224471','33','BUDI LESTARI, S.SOS, MM','19591029 198503 2 004','3d','1459215531','2016-03-29 11:07:51',NULL,1),('1459224537','33','SUTARDI, SH','19590814 198510 1 001','3b','1459138103','2016-03-29 11:08:57',NULL,1),('1459224598','33','SUDARYONO RIO, SE','19640720 198508 1 001','3d','1459215531','2016-03-29 11:09:58',NULL,1),('1459224745','33','JOKO SUWITO, SH','19590404 198503 1 013','3d','1459138103','2016-03-29 11:12:25',NULL,1),('1459224929','33','EDDY MURYANTO,SE,M.SI','19651227 199203 1 004','3d','1459138103','2016-03-29 11:15:29',NULL,1),('1459225181','33','PUDJI ASTUTIK, SH','19610912 198803 2 006','3d','1459138103','2016-03-29 11:19:41',NULL,1),('1459225366','33','ANIS WIDOWATI, S. SOS','19640410 198701 2 001','3d','1459215531','2016-03-29 11:22:46',NULL,1),('1459225375','99','ADI SUNDORO','','pk','1459150457','2016-03-29 11:22:55',NULL,1),('1459225379','33','DRS. DAVID BUDI HANTORO, MM','19610601 198810 1 001','4b','1459138103','2016-03-29 11:22:59',NULL,1),('1459225447','33','HERI PITOYO, S. IP','19641213 198903 1 007','3c','1459215531','2016-03-29 11:24:07',NULL,1),('1459225503','99','FIKA ARDIANSYAH YUNUS','','phl','1459152424','2016-03-29 11:25:03',NULL,1),('1459225510','33','SUDIYANTO, SE','19630727 199403 1 008','3c','1459215531','2016-03-29 11:25:10',NULL,1),('1459225520','33','HARI SUROSO, SE','19670425 199503 1 002','3d','1459138103','2016-03-29 11:25:20',NULL,1),('1459225533','99','MUHAMMAD RIFKY','','phl','1459152424','2016-03-29 11:25:33',NULL,1),('1459225563','99','AGUSTINUS WIDIYANTO','','phl','1459152424','2016-03-29 11:26:03',NULL,1),('1459225579','33','BOBBY RACHMANSYAH, STP','19830420 201112 1 004','3c','1459215531','2016-03-29 11:26:19',NULL,1),('1459225583','99','AGUS SUSENO','','phl','1459152424','2016-03-29 11:26:23',NULL,1),('1459225603','33','JOKO WAHYU SANTOSO','19700718 200901 1 001','2d','1459138103','2016-03-29 11:26:43',NULL,1),('1459225608','99','HARI DJOKO PRASETYO','','phl','1459152424','2016-03-29 11:26:48',NULL,1),('1459225631','99','HENDRO WIBOWO','','phl','1459152424','2016-03-29 11:27:11',NULL,1),('1459225651','99','IS GUNANTO','','phl','1459152424','2016-03-29 11:27:31',NULL,1),('1459225671','33','JUMADI','19711022 201001 1 002','2b','1459138103','2016-03-29 11:27:51',NULL,1),('1459225672','33','SLAMET PURWANTO, SE','19711020 199303 1 005','3c','1459215531','2016-03-29 11:27:52',NULL,1),('1459225727','33','KASWADI','19630205 198508 1 002','3b','1459215531','2016-03-29 11:28:47',NULL,1),('1459225730','33','SARWAJI','19610718 198503 1 007','2a','1459138103','2016-03-29 11:28:50',NULL,1),('1459225789','33','RINTO HUDIONO, SE','19740112 199703 1 001','3c','1459215531','2016-03-29 11:29:49',NULL,1),('1459225806','33','TRI SLAMET RIJADI, SH','19691216 198903 1 004','3b','1459138103','2016-03-29 11:30:06',NULL,1),('1459225863','33','MULYONO','19581015 198503 1 017','3a','1459138103','2016-03-29 11:31:03',NULL,1),('1459225928','33','WAHYUDI','19671107 198903 1 016','2c','1459215531','2016-03-29 11:32:08',NULL,1),('1459225959','33','SANTOSO KASIHAN','19640219 198509 1 001','2d','1459138103','2016-03-29 11:32:39',NULL,1),('1459225987','33','SUTARNO','19650215 200701 1 013','2c','1459215531','2016-03-29 11:33:07',NULL,1),('1459226028','33','SUNYOTO','19720112 200901 1 004','2b','1459138103','2016-03-29 11:33:48',NULL,1),('1459226048','33','SIGIT PRABOWO','19720730 200901 1 001','2b','1459215531','2016-03-29 11:34:08',NULL,1),('1459226082','33','GUNADI','19820825 200901 1 009','2b','1459138103','2016-03-29 11:34:42',NULL,1),('1459226098','33','PONIDI','19741101 200901 1 005','2b','1459215531','2016-03-29 11:34:58',NULL,1),('1459226164','33','SLAMET MULYONO','19651207 201001 1 002','2b','1459215531','2016-03-29 11:36:04',NULL,1),('1459226211','33','JOKO SUYONO','19700702 200701 1 008','2c','1459138103','2016-03-29 11:36:51',NULL,1),('1459226239','33','TULUS SUPRIYONO','19670827 201001 1 002','2b','1459215531','2016-03-29 11:37:19',NULL,1),('1459226936','33','KURNIAWAN DS, SH','19700624 198903 1 002','3d','1459138103','2016-03-29 11:48:56','2016-04-14 11:30:21',1),('1459227008','33','DWI ANDAYANI, SH','19691020 198903 2 004','3c','1459138103','2016-03-29 11:50:08',NULL,1),('1459227077','33','KUSWANTO ISWAHYUDI','19780806 200901 1 011','2b','1459138103','2016-03-29 11:51:17',NULL,1),('1459227135','33','SUKIRNO','19760229 200901 1 002','2b','1459138103','2016-03-29 11:52:15',NULL,1),('1459227198','33','ZAENAL ARIFIN','19691130 200901 1 004','2b','1459138103','2016-03-29 11:53:18',NULL,1),('1459227270','33','ANTON YUDI S WEO','19730102 201001 1 002','2b','1459138103','2016-03-29 11:54:30',NULL,1),('1459227490','33','HENU BUDIARTO','19740508 201001 1 003','2b','1459215531','2016-03-29 11:58:10',NULL,1),('1459227568','33','JATMIKO ARISETO','19771025 201001 1 004','2b','1459215531','2016-03-29 11:59:28',NULL,1),('1459227743','33','HENRY RISDIYANTO','19820123 201001 1 007','2b','1459215531','2016-03-29 12:02:23',NULL,1),('1459227767','33','DIAN ANGGRAINI','19780918 199803 2 002','3c','1459152424','2016-03-29 12:02:47',NULL,1),('1459227833','33','JAJANG PRIYANTO','19840312 201001 1 003','2b','1459215531','2016-03-29 12:03:53',NULL,1),('1459227865','99','PIHAK LAIN','','pk','1459152424','2016-03-29 12:04:25',NULL,1),('1459227890','33','SUYONO','19630212 198506 1 001','2a','1459215531','2016-03-29 12:04:50',NULL,1),('1459229743','33','LINA MAYANTI HARAHAP','19750101 199303 2 001','3d','1459136367','2016-03-29 12:35:43',NULL,1),('1459230241','33','SLAMET RIYADI, SH.','19581210 197902 1 001','3d','1459152004','2016-03-29 12:44:01',NULL,1),('1459230308','33','HADI KISWANTO, S.SOS, MM.','19610309 198503 1 009','3d','1459152004','2016-03-29 12:45:08',NULL,1),('1459230390','33','SRI MARYATI, SE.','19580418 197902 2 002','3d','1459152004','2016-03-29 12:46:30',NULL,1),('1459230446','33','AGOES HERNOWO, SH.,MH.','19580823 198503 1 010','4a','1459152004','2016-03-29 12:47:26',NULL,1),('1459230563','33','SARSONO, SE.','19580606 198503 1 014','3c','1459152004','2016-03-29 12:49:23',NULL,1),('1459230632','33','RADI, SE.','19660217 200701 1 013','2c','1459152004','2016-03-29 12:50:32',NULL,1),('1459230725','33','WIWIK IRIANI, SE.','19620606 198503 2 011','3d','1459152004','2016-03-29 12:52:05',NULL,1),('1459230791','33','YULIES HERAWAN','19580718 197903 1 005','3b','1459152004','2016-03-29 12:53:11',NULL,1),('1459230840','33','SUKAMTO, SE.','19580607 198510 1 001','3d','1459152004','2016-03-29 12:54:00',NULL,1),('1459230896','33','HARYADI, SE.','19621224 198503 1 008','3c','1459152004','2016-03-29 12:54:56',NULL,1),('1459230963','33','ARIF BUDIYANTO, SE.','19710709 200312 1 003','3c','1459152004','2016-03-29 12:56:03',NULL,1),('1459231024','33','SRI YAMTONO','19691202 200701 1 007','2c','1459152004','2016-03-29 12:57:04',NULL,1),('1459231096','33','TUKIMAN','19620706 200701 1 005','2c','1459152004','2016-03-29 12:58:16',NULL,1),('1459231202','33','EKO SAPTONO','19710904 201001 1 003','2b','1459152004','2016-03-29 13:00:02',NULL,1),('1459231320','33','SURONO, AMD.','19700308 199303 1 007','3b','1459152004','2016-03-29 13:02:00',NULL,1),('1459231533','99','KUNTI KATHINA AGUNG, SE.','','phl','1459152004','2016-03-29 13:05:33',NULL,1),('1459231572','99','ISANA KUSTIN ACINTYASAKTI, SE.','','phl','1459152004','2016-03-29 13:06:12',NULL,1),('1459231616','99','WAWAN MARLIYANTO, S.SOS','','phl','1459152004','2016-03-29 13:06:56',NULL,1),('1459231622','33','SRI MARYATI ,SH.MM','19580914 197812 2 001','4b','1459136436','2016-03-29 13:07:02','2016-03-30 13:37:10',1),('1459231683','99','RATNAWATI DWI CAHYANI, SE.','','phl','1459152004','2016-03-29 13:08:03',NULL,1),('1459231708','99','ADE FAJAR SUMIRAT, SE.','','phl','1459152004','2016-03-29 13:08:28',NULL,1),('1459231737','99','ADITYA PUTROJATI P, SH.','','phl','1459152004','2016-03-29 13:08:57',NULL,1),('1459231764','99','HAAD SULESTIARTO','','phl','1459152004','2016-03-29 13:09:24',NULL,1),('1459233773','33','HAPPYONO, SH','19590101 199002 1 003','4b','1459151511','2016-03-29 13:42:53',NULL,1),('1459233898','33','YUNIA KARTIKA RATRI','19630604 199303 2 002','3d','1459151511','2016-03-29 13:44:58',NULL,1),('1459233959','33','RR. SRI LESTARI, SH','19640324 198612 2 002','3d','1459151511','2016-03-29 13:45:59',NULL,1),('1459234001','33','RUSMANA, S.IP','19640610 198603 1 020','3d','1459151511','2016-03-29 13:46:41',NULL,1),('1459234061','33','WISNU UTOMO, SH','19590125 198301 1 005','3c','1459151511','2016-03-29 13:47:41',NULL,1),('1459234112','33','DWI LISTIONO, A.MD','19650731 198903 1 007','3c','1459151511','2016-03-29 13:48:32',NULL,1),('1459234186','33','FAIZAH WIDHIARTI, SE','19581113 197903 2 003','3c','1459151511','2016-03-29 13:49:46',NULL,1),('1459234749','33','SUDITO, SE','19630118 198510 1 001','3c','1459151511','2016-03-29 13:59:09',NULL,1),('1459234799','33','DICKY SETYO INDARYONO','19700630 198903 1 001','3c','1459151511','2016-03-29 13:59:59','2016-04-04 09:53:20',1),('1459234852','33','DWI SURYANTO','19680408 198903 1 004','3b','1459151511','2016-03-29 14:00:52',NULL,1),('1459234910','33','MUCHRONI','19581219 198503 1 003','3a','1459151511','2016-03-29 14:01:50',NULL,1),('1459234958','33','KADARYONO','19631226 200701 1 003','2c','1459151511','2016-03-29 14:02:38',NULL,1),('1459235064','33','MUNAWIR SUMBONO','19780613 200701 1 007','2c','1459151511','2016-03-29 14:04:24',NULL,1),('1459235153','33','EDI CAHYANA','19621001 200801 1 003','2b','1459151511','2016-03-29 14:05:53',NULL,1),('1459235508','33','SUPARDI','19670716 201001 1 002','2b','1459151511','2016-03-29 14:11:48',NULL,1),('1459236370','33','SAIPUL MASKAN','19690906 200801 1 012','2b','1459151511','2016-03-29 14:26:10',NULL,1),('1459236438','33','TRI DARU ATMOJO','19701013 201001 1 002','2b','1459151511','2016-03-29 14:27:18',NULL,1),('1459236485','33','AMBARWANTO','19780423 200801 1 008','2b','1459151511','2016-03-29 14:28:05',NULL,1),('1459236550','33','YANUAR PRAKOSO','19790110 200901 1 010','2b','1459151511','2016-03-29 14:29:10',NULL,1),('1459236602','33','YANUAR PRAMBADI','19790110 201001 1 005','2b','1459151511','2016-03-29 14:30:02',NULL,1),('1459236670','33','WARDOYO','19750225 200801 1 005','2a','1459151511','2016-03-29 14:31:10',NULL,1),('1459236717','33','SAHLAN SUBARJO','19631206 200701 1 005','1c','1459151511','2016-03-29 14:31:57',NULL,1),('1459236760','33','SUWARDI','19650522 200701 1 009','1c','1459151511','2016-03-29 14:32:40',NULL,1),('1459237197','99','RIO DWI YUNANTO','','phl','1459151511','2016-03-29 14:39:57',NULL,1),('1459238744','33','YULIATI FARIDA, SH, MM','19610717 198811 2 001','4a','1459065417','2016-03-29 15:05:44','2016-03-30 14:44:20',1),('1459243212','33','DRA. ENDANG SUSILOWATI,M.SI','19591027 198603 2 003','4a','1459137509','2016-03-29 16:20:12','2016-03-30 19:33:55',1),('1459243553','33','DIANA YUSTIVA, S.E.,M.M.','19580517 197903 2 003','3d','1459137509','2016-03-29 16:25:53',NULL,1),('1459243800','33','MUSTOLIH,S.H.,M.M.','19630505 198508 1 004','4a','1459137509','2016-03-29 16:30:00',NULL,1),('1459244106','33','PONIDI, S.E.','19591204 198212 1 002','3d','1459137509','2016-03-29 16:35:06',NULL,1),('1459244260','33','SUTARNO, S.E.','19610204 198503 1 012','3d','1459137509','2016-03-29 16:37:40',NULL,1),('1459244346','33','SARIMIN, S.E.','19641010 198508 1 002','3d','1459137509','2016-03-29 16:39:06','2016-03-30 19:18:42',1),('1459244603','33','ZURIYANTO, S.E.','19651218 198903 1 009','3c','1459137509','2016-03-29 16:43:23',NULL,1),('1459246241','33','TEGUH SUSILANINGSIH, S.E.','19661123 198911 2 002','3c','1459137509','2016-03-29 17:10:41','2016-04-14 07:44:16',1),('1459246404','33','KHAIRUDIN, S.E.','19670202 198910 1 001','3c','1459137509','2016-03-29 17:13:24',NULL,1),('1459246571','33','ACHMAD SLAMET, S.E.','19690501 198903 1 003','3c','1459137509','2016-03-29 17:16:11',NULL,1),('1459246664','33','SITI RODHIYAH, S.E.','19700112 199001 2 001','3c','1459137509','2016-03-29 17:17:44','2016-04-14 07:45:11',1),('1459246828','33','KASWANTO, S.E.','19691123 198903 1 003','3b','1459137509','2016-03-29 17:20:28',NULL,1),('1459246987','33','SETYO HADI WIRYANTO','19780824 200701 1 009','2c','1459137509','2016-03-29 17:23:07',NULL,1),('1459247132','33','ENDRO ADY ARIEFIANTO','19721126 201001 1 002','2b','1459137509','2016-03-29 17:25:32',NULL,1),('1459247238','33','AGUSTINUS WULANTORO','19800810 101001 1 008','2b','1459137509','2016-03-29 17:27:18',NULL,1),('1459247298','99','SLAMET RIYADI','','phl','1459137509','2016-03-29 17:28:18',NULL,1),('1459247323','99','ROHMAT','','phl','1459137509','2016-03-29 17:28:43',NULL,1),('1459295710','33','DRS. WIBOWO, MM','19661025 199312 1 003','4b','1459137438','2016-03-30 06:55:10',NULL,1),('1459295749','33','ELLIES PUJI HERAWATI, SE','19610615 198602 2 001','3d','1459137438','2016-03-30 06:55:49',NULL,1),('1459295781','33','HARIPAHWATI SETI RAHAYU, SH','19671110 198610 2 001','3d','1459137438','2016-03-30 06:56:21',NULL,1),('1459295809','33','SUWADI, SE','19660804 199003 1 003','3c','1459137438','2016-03-30 06:56:49',NULL,1),('1459295856','33','SUKATMO, SE','19670512 198903 1 007','3c','1459137438','2016-03-30 06:57:36',NULL,1),('1459295891','33','HARYONO, SE','19670720 198903 1 010','3c','1459137438','2016-03-30 06:58:11',NULL,1),('1459295923','99','ANANG CHANDRA LESMANA, SE','','phl','1459137438','2016-03-30 06:58:43',NULL,1),('1459295944','99','AVEN MERTIA WIJAYANTI, SE','','phl','1459137438','2016-03-30 06:59:04',NULL,1),('1459296489','99','EKO SUPRIADI','','phl','1459137438','2016-03-30 07:08:09','2016-04-18 09:05:54',1),('1459296504','99','GILANG ADITYA BUANA, SH','','phl','1459137438','2016-03-30 07:08:24',NULL,1),('1459296522','99','WARSONO','','phl','1459137438','2016-03-30 07:08:42','2016-04-18 09:05:30',1),('1459296553','33','DRA. AINUN HIDAYAH','19620320 199001 2 001','3d','1459137438','2016-03-30 07:09:13',NULL,1),('1459296587','33','ERNY FATNI','19591115 198508 2 002','3b','1459137438','2016-03-30 07:09:47',NULL,1),('1459296655','33','PURWADI, SE','19641019 200701 1 005','3a','1459137438','2016-03-30 07:10:55',NULL,1),('1459296688','33','RONJIKUN','19660626 200701 1 011','2c','1459137438','2016-03-30 07:11:28',NULL,1),('1459296720','33','MUSLIKHAH','19620410 200701 2 002','2c','1459137438','2016-03-30 07:12:00',NULL,1),('1459296758','33','DIDIK SUPRIANTO','19710620 201001 1 002','2b','1459137438','2016-03-30 07:12:38',NULL,1),('1459296798','33','SEAN','19641008 201001 1 002','2b','1459137438','2016-03-30 07:13:18',NULL,1),('1459296932','33','WIBOWO, SH','19601210 198709 1 001','4a','1459240332','2016-03-30 07:15:32',NULL,1),('1459296982','33','SRI RAHAYU SAPARTINAH, SE','19580822 197802 2 001','3d','1459240332','2016-03-30 07:16:22',NULL,1),('1459297035','33','GUNTARI SUSILAWATI, SE','19580601 197802 2 001','3d','1459240332','2016-03-30 07:17:15',NULL,1),('1459297088','33','TH. ARIE ASTUTI, SE','19580901 197902 2 001','3d','1459240332','2016-03-30 07:18:08',NULL,1),('1459297140','33','GATOT BAMBANG PRIYONO, S.SOS','19590922 198508 1 001','3d','1459240332','2016-03-30 07:19:00',NULL,1),('1459297187','33','SISWANTO, SE','19630820 198711 1 001','3d','1459240332','2016-03-30 07:19:47',NULL,1),('1459297260','33','RIAN SOESETYA, SE','19611215 198503 1 001','3d','1459240332','2016-03-30 07:21:00','2016-03-30 13:55:32',1),('1459297373','33','HERLIN LISTYANTINI, AMD','19630505 198510 2 001','3c','1459240332','2016-03-30 07:22:53',NULL,1),('1459297439','33','ROKHMAD, SE','19630701 199003 1 010','3c','1459240332','2016-03-30 07:23:59',NULL,1),('1459297513','33','BEJO','19610421 199002 1 003','3b','1459240332','2016-03-30 07:25:13',NULL,1),('1459297565','33','SUPARJO','19600813 199210 1 002','3b','1459240332','2016-03-30 07:26:05',NULL,1),('1459297609','33','ANA WAHYU MAWARTININGSIH, SSTP','19860518 200602 2 002','3b','1459240332','2016-03-30 07:26:49',NULL,1),('1459297647','33','EDY BUDIYANTO','19611018 200701 1 002','2c','1459240332','2016-03-30 07:27:27',NULL,1),('1459297682','33','SUMARSONO','19660501 200701 1 019','2c','1459240332','2016-03-30 07:28:02',NULL,1),('1459297740','33','EDI SUPRAPTA','19680815 200701 1 023','2c','1459240332','2016-03-30 07:29:00',NULL,1),('1459297802','33','HERMAWAN SULISTYO PUTRO, A.MD','19860904 201001 1 009','2c','1459240332','2016-03-30 07:30:02',NULL,1),('1459297858','33','TARDONO PRAMUJOKO','19770530 200801 1 007','2b','1459240332','2016-03-30 07:30:58','2016-03-30 07:32:31',1),('1459297912','33','HARTONO','19651107 200801 1 002','2b','1459240332','2016-03-30 07:31:52',NULL,1),('1459297986','33','SUYONO','19650526 200701 1 012','2a','1459240332','2016-03-30 07:33:06',NULL,1),('1459298033','99','AA. JOKO PURWANTO','','phl','1459240332','2016-03-30 07:33:53',NULL,1),('1459298089','99','TRIJOKO BUDI RAHARJO','','phl','1459240332','2016-03-30 07:34:49',NULL,1),('1459298112','99','ARIF SETIADI','','phl','1459240332','2016-03-30 07:35:12',NULL,1),('1459298136','99','BENNY ARIBOWO','','phl','1459240332','2016-03-30 07:35:36',NULL,1),('1459298160','99','AGUNG PUTRA PERMANA','','phl','1459240332','2016-03-30 07:36:00',NULL,1),('1459302929','33','NASIB, S.SOS, MM.','19660327 198903 1 011','3d','1459065329','2016-03-30 08:55:29',NULL,1),('1459303336','33','AGUS HARIPUTRANTO, SE','19581114 198510 1 002','3d','1459136436','2016-03-30 09:02:16','2016-03-30 09:02:44',1),('1459306198','33','WAHYU ADHY BUDIARTO','19660717 200701 1 016','2c','1459065417','2016-03-30 09:49:58',NULL,1),('1459311275','33','SULIJASIH, SH','19590905 199103 2 004','4a','1459136279','2016-03-30 11:14:35',NULL,1),('1459311414','33','RUSWANDI, SH','19680805 198903 1 011','3d','1459138103','2016-03-30 11:16:54','2016-04-14 11:29:33',1),('1459311483','33','AGUS PRANOTO, ST','19801026 200012 1 002','3d','1459136279','2016-03-30 11:18:03',NULL,1),('1459311627','33','RR. DWI ENDAH S, SH.MM','19640503 198812 2 002','4a','1459136279','2016-03-30 11:20:27',NULL,1),('1459312025','33','DEWI RETNANI, SE.MM','19711227 199012 2 002','3d','1459136279','2016-03-30 11:27:05',NULL,1),('1459312164','33','DRS. AGUS YUDI PRASETYO, M.KOM','19690821 199312 2 002','4a','1459136279','2016-03-30 11:29:24','2016-03-30 15:07:37',1),('1459312248','33','ENDANG LESTARININGSIH, SE, MM','19620410 198503 2 011','4b','1459133843','2016-03-30 11:30:48','2016-03-30 14:58:25',1),('1459312271','33','WORO BUDIASTUTI, S.SOS','19631213 198903 2 012','3d','1459136279','2016-03-30 11:31:11',NULL,1),('1459312308','33','IBK. ALAMSYAH, S.SOS, M.SI.','19730915 199211 1 001','4a','1459065329','2016-03-30 11:31:48',NULL,1),('1459312329','33','TONI HARTONO, SE','19580929 197903 1 003','3d','1459136279','2016-03-30 11:32:09',NULL,1),('1459312402','33','SRI KOESMINTARSIH, S.SOS.SE','19590520 198511 2 002','3d','1459136279','2016-03-30 11:33:22',NULL,1),('1459312471','33','RM GUNUNG WIBISONO ,S, SOS, MM','19620204 198503 1 002','4a','1459133843','2016-03-30 11:34:31',NULL,1),('1459312519','33','FATMA MEININGTYAS A, SE','19620512 198503 2 005','3d','1459136279','2016-03-30 11:35:19',NULL,1),('1459312581','33','INSULINDE TETLEPTA, SH','19660224 198912 2 002','3d','1459136279','2016-03-30 11:36:21',NULL,1),('1459312631','33','FARIDA HASANAH,SH,MM','19640303 199310 2 001','4a','1459133843','2016-03-30 11:37:11',NULL,1),('1459312683','33','MOCHAMAD ARIES MASLIKHAN, SH,MM','19710127 199309 1 001','3d','1459136279','2016-03-30 11:38:03',NULL,1),('1459312744','33','MOCH SRI HARTONO,SH','19680927 198903 1 013','3d','1459133843','2016-03-30 11:39:04',NULL,1),('1459312772','33','TRIJANTO, SE','19680218 199001 1 001','3c','1459136279','2016-03-30 11:39:32',NULL,1),('1459312848','33','JUMINI, SE','19671115 198903 2 009','3c','1459136279','2016-03-30 11:40:48',NULL,1),('1459312858','33','AGUS SRI LAKSITO,SY,S,SOS','19580825 198503 1 011','3d','1459133843','2016-03-30 11:40:58',NULL,1),('1459312942','33','MUJIATUN, SE','19700509 199102 2 001','3c','1459136279','2016-03-30 11:42:22',NULL,1),('1459312959','33','HENDRAWAN PURWANTO, S.STP','19820519 200012 1 001','3c','1459133843','2016-03-30 11:42:39','2016-03-30 16:06:39',1),('1459313043','33','SOPYAN,SE','19581203 197811 1 002','3d','1459133843','2016-03-30 11:44:03','2016-03-30 12:11:58',1),('1459313134','33','PONIK KUSMIYATI','19590622 197901 2 001','3b','1459133843','2016-03-30 11:45:34','2016-03-30 12:14:13',1),('1459313300','33','ATIK TRI YOGO,S,SOS','19790115 199803 2 004','3b','1459133843','2016-03-30 11:48:20','2016-03-30 12:12:48',1),('1459313561','33','RIO HANANTO, SE. MM','19600704 197901 1 002','3c','1459136279','2016-03-30 11:52:41',NULL,1),('1459313577','33','IGNATIUS SUHARTONO,SE','19610331 199930 1 001','3b','1459133843','2016-03-30 11:52:57','2016-03-30 12:13:11',1),('1459313691','33','ALEXANDER JATIWALUYO,AMD','19600801 199503 1 002','3b','1459133843','2016-03-30 11:54:51','2016-03-30 12:13:30',1),('1459313732','33','AGUNG PRIOATMOJO, SE','19720901 199603 1 002','3b','1459136279','2016-03-30 11:55:32',NULL,1),('1459314054','33','WAHYUNINGRUM.A,SE','19820526 200501 2 007','3a','1459133843','2016-03-30 12:00:54',NULL,1),('1459314159','33','ALEX SUDIYONO,AMD','19580616 198503 1 011','2d','1459133843','2016-03-30 12:02:39',NULL,1),('1459314270','33','M.I EFENDI','19800507 200901 1 006','2b','1459133843','2016-03-30 12:04:30',NULL,1),('1459314355','33','LANA SUPRIYADI','19800810 201001 1 007','2b','1459133843','2016-03-30 12:05:55',NULL,1),('1459314439','33','SADI SUWANTO','19680318 200701 1 010','2b','1459133843','2016-03-30 12:07:19',NULL,1),('1459314524','33','NGATIMIN SIMAN','19640812 200701 1 012','1c','1459133843','2016-03-30 12:08:44',NULL,1),('1459314610','99','ADIANTO NUGROHO,SE','','phl','1459133843','2016-03-30 12:10:10',NULL,1),('1459314670','99','HARI GIYARTO','','phl','1459133843','2016-03-30 12:11:10',NULL,1),('1459314714','33','DRS. BUDI SULISTYONO, MSI','19581121 198403 1 006','4b','1459310660','2016-03-30 12:11:54',NULL,1),('1459314969','33','NIKEN AROEM ARDHANI, SH, MM','19641103 199301 2 001','4a','1459310660','2016-03-30 12:16:09',NULL,1),('1459315061','33','DRS. SOEGITO SANTOSO, MSI','19610606 198903 1 002','3d','1459310660','2016-03-30 12:17:41',NULL,1),('1459315145','33','ACHMAD MUDJAHIDIN, SH, MH','19690919 198903 1 002','3d','1459310660','2016-03-30 12:19:05',NULL,1),('1459315208','33','SLAMET INDARTO, SH','19700127 198903 1 002','3d','1459310660','2016-03-30 12:20:08',NULL,1),('1459315323','33','SYAMSUDIN, SIP','19590615 198903 1 004','3c','1459310660','2016-03-30 12:22:03',NULL,1),('1459315386','33','PURWANTI, SE','19690322 198903 2 006','3c','1459310660','2016-03-30 12:23:06',NULL,1),('1459315440','33','W I H O N O','19631013 198510 1 001','3b','1459310660','2016-03-30 12:24:00',NULL,1),('1459315612','33','WASKITO, SE','19600828 198710 1 001','3b','1459310660','2016-03-30 12:26:52',NULL,1),('1459315658','33','ANITA DIAN PUSPITASARI, SE. MM','19860308 201001 2 019','3b','1459136279','2016-03-30 12:27:38',NULL,1),('1459315732','33','K U S Y A D I','19590922 199102 1 001','3b','1459310660','2016-03-30 12:28:52',NULL,1),('1459315741','33','M. I DEWI NURINDAH P','19611113 198510 2 001','3b','1459136279','2016-03-30 12:29:01',NULL,1),('1459315835','33','HARDANA, SE','19610901 198510 1 001','3b','1459310660','2016-03-30 12:30:35',NULL,1),('1459315864','33','MARIA MAHDALENA VONNY','19580416 197903 2 002','3b','1459136279','2016-03-30 12:31:04',NULL,1),('1459315911','33','GUNAWAN','19600925 198509 1 001','2d','1459136279','2016-03-30 12:31:51',NULL,1),('1459315979','33','S I S W A N T O','19770203 200801 1 007','2c','1459310660','2016-03-30 12:32:59',NULL,1),('1459315999','33','SANTOSO','19650106 200701 1 006','1b','1459136279','2016-03-30 12:33:19',NULL,1),('1459316046','99','BUDHI DHARMAWAN, SE','','phl','1459136279','2016-03-30 12:34:06',NULL,1),('1459316061','33','S U N A R T O','19670125 200701 1 008','2b','1459310660','2016-03-30 12:34:21',NULL,1),('1459316086','99','WAHYUNING HAPPY WIJAYANTI, SE','','phl','1459136279','2016-03-30 12:34:46',NULL,1),('1459316156','33','W A N T O R O','19680322 201001 1 001','2b','1459310660','2016-03-30 12:35:56',NULL,1),('1459316249','99','ALFI RIYANTO HADI, S.SOS','','phl','1459136279','2016-03-30 12:37:29',NULL,1),('1459316299','33','SUGENG SAFI\'I','19830930 201001 1 009','2b','1459310660','2016-03-30 12:38:19',NULL,1),('1459316375','99','IRIANTO BUDI WARSONGKO','','phl','1459310660','2016-03-30 12:39:35',NULL,1),('1459316434','99','H A R Y O N O','','phl','1459310660','2016-03-30 12:40:34',NULL,1),('1459316491','99','SUTONO','','phl','1459136279','2016-03-30 12:41:31',NULL,1),('1459316531','99','RANI JUSNIORA GUSSUTHAW, SE','','phl','1459136279','2016-03-30 12:42:11',NULL,1),('1459316562','99','ARI BRAMONO, S.PI','','phl','1459136279','2016-03-30 12:42:42',NULL,1),('1459316589','99','ASRO\'I, SE','','phl','1459136279','2016-03-30 12:43:09',NULL,1),('1459316647','99','KRISNA SURYANITA, S.I.KOM','','phl','1459136279','2016-03-30 12:44:07',NULL,1),('1459317268','33','RETNO PANTJA INDAH WIJANI','19670627 199403 2 003','4b','1459137270','2016-03-30 12:54:28',NULL,1),('1459317966','33','MARYONO','19611121 198503 1 007','3d','1459137270','2016-03-30 13:06:06',NULL,1),('1459317987','99','SUNGATNO, SE','','phl','1459136279','2016-03-30 13:06:27',NULL,1),('1459318018','33','SUHARTONO','19580510 198003 1 010','3d','1459137270','2016-03-30 13:06:58',NULL,1),('1459318025','99','DIOVANY TIRTANA, SE. MM','','phl','1459136279','2016-03-30 13:07:05',NULL,1),('1459318060','33','YUDIARSI','19611006 198103 2 001','3d','1459137270','2016-03-30 13:07:40',NULL,1),('1459318097','99','ANIK APRIANTI, SE','','phl','1459136279','2016-03-30 13:08:17',NULL,1),('1459318164','33','SUPRIYADI','19590222 198510 1 001','3d','1459137270','2016-03-30 13:09:24',NULL,1),('1459318241','99','RIO RANDY PRATAMA, SH','','phl','1459136279','2016-03-30 13:10:41',NULL,1),('1459318273','99','NADHYA SASANTI, SE','','phl','1459136279','2016-03-30 13:11:13',NULL,1),('1459318302','99','HENDRO PRASETYO','','phl','1459136279','2016-03-30 13:11:42',NULL,1),('1459318335','99','BUDI RIWAYANTO','','phl','1459136279','2016-03-30 13:12:15',NULL,1),('1459318359','99','SUYATMAN','','phl','1459136279','2016-03-30 13:12:39',NULL,1),('1459319307','33','JULIE EMMYLIA, SE, MM','19720713 199703 2 005','4b','1459065417','2016-03-30 13:28:27','2016-03-30 15:08:49',1),('1459319378','33','ISNAENI RETNOWATI, SH, MHUM','19610305 198611 2 001','4a','1459065417','2016-03-30 13:29:38',NULL,1),('1459319432','33','BUDIONO, SH, MM','19631028 199103 1 007','4a','1459065417','2016-03-30 13:30:32',NULL,1),('1459319486','33','RIDIMANJAYA, S.SOS, MSI','19720818 199303 1 007','4a','1459065417','2016-03-30 13:31:26',NULL,1),('1459319551','33','HELENA NURENI M, SE','19580603 199002 2 001','3d','1459065417','2016-03-30 13:32:31',NULL,1),('1459319631','33','NUR AINI, SE','19580910 197903 2 007','3d','1459065417','2016-03-30 13:33:51',NULL,1),('1459319686','33','RENNY ASMARANI, S.SOS','19590509 198206 2 001','3d','1459065417','2016-03-30 13:34:46',NULL,1),('1459319742','33','RUWET TRIWULAN, SE','19600101 198212 2 002','3d','1459065417','2016-03-30 13:35:42',NULL,1),('1459319844','33','PRIHARTONO, SE','19631016 198510 1 002','3d','1459065417','2016-03-30 13:37:24',NULL,1),('1459319906','33','ARIANI, SE','19581223 198510 2 001','3d','1459065417','2016-03-30 13:38:26',NULL,1),('1459319952','33','SUYATMI, SH, MM','19680811 198903 2 002','3d','1459065417','2016-03-30 13:39:12',NULL,1),('1459320037','33','SUYADI, SE','19590507 198503 1 014','3d','1459065417','2016-03-30 13:40:37',NULL,1),('1459320125','33','KASMINAH, SE','19590212 198202 2 005','3c','1459065417','2016-03-30 13:42:05',NULL,1),('1459320284','33','ASTUTI, SE, MM','19680325 198903 2 007','3c','1459065417','2016-03-30 13:44:44',NULL,1),('1459320425','33','MUCHAMAD NADIB, SIP','19750709 200312 1 009','3b','1459065417','2016-03-30 13:47:05',NULL,1),('1459320470','33','SLAMET, SE','19660916 199312 1 001','3b','1459065417','2016-03-30 13:47:50',NULL,1),('1459320549','33','SUWANTONO, SE','19600214 198503 1 007','3b','1459065417','2016-03-30 13:49:09',NULL,1),('1459320604','33','BAMBANG ARIYANTO, SE','19611012 198503 1 008','3b','1459065417','2016-03-30 13:50:04',NULL,1),('1459321233','33','DONNY SETYAWAN','19730316 200112 1 006','3d','1459137270','2016-03-30 14:00:33',NULL,1),('1459321308','33','ABDUL AZIZ MUSLIM FAUZI, SE','19661119 200701 1 006','3a','1459065417','2016-03-30 14:01:48',NULL,1),('1459321396','33','AGNES SEKSIANAWATI, SE','19650608 200701 2 007','3a','1459065417','2016-03-30 14:03:16',NULL,1),('1459321436','33','ASRORI','19580527 198503 1 010','2d','1459065417','2016-03-30 14:03:56','2016-03-31 11:02:12',1),('1459321681','33','SRI HASTATI WULANDARI','19650103 198510 2 001','3d','1459137270','2016-03-30 14:08:01',NULL,1),('1459321822','33','MUHARTONO','19630827 198508 1 001','3d','1459137270','2016-03-30 14:10:22',NULL,1),('1459321855','33','NITA AYUNIG HAPSARI, A.MD','19860526 201001 2 023','2d','1459065417','2016-03-30 14:10:55',NULL,1),('1459321924','33','SARJO','19600218 198503 1 009','2c','1459065417','2016-03-30 14:12:04',NULL,1),('1459321937','33','AGUSTIJAH','19580819 198509 2 001','3d','1459137270','2016-03-30 14:12:17',NULL,1),('1459321966','33','AGUS MULYONO','19720816 200701 1 017','2c','1459065417','2016-03-30 14:12:46',NULL,1),('1459322000','33','SRI NINGSIH','19630215 198510 2 001','3d','1459137270','2016-03-30 14:13:20',NULL,1),('1459322014','33','JUNI KAMANDOKO','19680613 200801 1 009','2b','1459065417','2016-03-30 14:13:34',NULL,1),('1459322061','33','ARIS SUJADI PUJIANTO','19660728 200801 1 001','2b','1459065417','2016-03-30 14:14:21',NULL,1),('1459322109','33','BAMBANG RIYADI','19780902 200901 1 006','2b','1459065417','2016-03-30 14:15:09',NULL,1),('1459322150','33','SUHARDI','19670201 201001 1 005','2b','1459065417','2016-03-30 14:15:50',NULL,1),('1459322189','33','IMAM SURYANTO','19750131 201001 1 004','2b','1459065417','2016-03-30 14:16:29',NULL,1),('1459322236','33','YULIANTO','19810714 201001 1 004','2b','1459065417','2016-03-30 14:17:16',NULL,1),('1459322257','33','SLAMET SUDIYONO','19660211 199001 1 002','3c','1459137270','2016-03-30 14:17:37',NULL,1),('1459322369','33','SRI SEPTI BABARIYANI','19730929 199303 2 002','3c','1459137270','2016-03-30 14:19:29',NULL,1),('1459322661','33','DIAH DHAHOKO','19671210 199402 1 003','3c','1459137270','2016-03-30 14:24:21',NULL,1),('1459322776','33','SUDARTO','19640904 198603 1 023','3a','1459137270','2016-03-30 14:26:16',NULL,1),('1459323399','33','GAGUK BIYAKSO','19621118 199202 1 006','2c','1459137270','2016-03-30 14:36:39',NULL,1),('1459323461','99','PRINATAMA LISTYA AJI, SE','','phl','1459065417','2016-03-30 14:37:41','2016-04-27 09:32:11',1),('1459323481','33','KETUT SISWO PRIONO','19640814 200701 1 010','2c','1459137270','2016-03-30 14:38:01',NULL,1),('1459323486','99','DYAH AYU SEKARNINGTYAS, SE','','phl','1459065417','2016-03-30 14:38:06',NULL,1),('1459323512','99','ENDAH TRIWINDARI S, S.PT','','phl','1459065417','2016-03-30 14:38:32',NULL,1),('1459323535','99','HINGAR ADI WIBOWO, S.HUM','','phl','1459065417','2016-03-30 14:38:55',NULL,1),('1459323559','99','HANIF NAWAWI PRANATA, SE','','phl','1459065417','2016-03-30 14:39:19',NULL,1),('1459323564','33','INAIZAH','19640714 200701 2 009','2c','1459137270','2016-03-30 14:39:24',NULL,1),('1459323581','99','ULFA FARADILLA, SH','','phl','1459065417','2016-03-30 14:39:41',NULL,1),('1459323598','99','ENGGAR ASTITI, SE','','phl','1459065417','2016-03-30 14:39:58',NULL,1),('1459323619','99','RISQI AMELIA','','phl','1459065417','2016-03-30 14:40:19','2016-04-27 09:32:31',1),('1459323640','99','HARI TRIYANTO','','phl','1459065417','2016-03-30 14:40:40','2016-04-27 09:33:06',1),('1459323656','99','MULYANTO','','phl','1459065417','2016-03-30 14:40:56','2016-04-27 09:33:27',1),('1459323679','99','PAULUS EKO HINDARTO','','phl','1459065417','2016-03-30 14:41:19','2016-04-27 09:31:00',1),('1459323738','99','ACHMAD SAKDULLAH','','phl','1459065417','2016-03-30 14:42:18','2016-04-27 09:34:00',1),('1459323804','99','MOH NURKUNDJALI','','phl','1459065417','2016-03-30 14:43:24','2016-04-27 09:34:23',1),('1459323805','33','SAHRI','19641224 200701 1 004','2b','1459137270','2016-03-30 14:43:25',NULL,1),('1459323829','99','TOMY WIJAYA','','phl','1459065417','2016-03-30 14:43:49','2016-04-27 09:34:56',1),('1459323876','33','DIDIK AKHMAD MURSIDI','19660113 200701 1 008','2b','1459137270','2016-03-30 14:44:36',NULL,1),('1459323991','33','MUHDLORI','19630519 200901 1 002','2b','1459137270','2016-03-30 14:46:31',NULL,1),('1459324083','33','G.SOEHARYOTO','19581105 197811 1 001','2a','1459137270','2016-03-30 14:48:03',NULL,1),('1459324153','33','SUHARMAN','19721222 201001 1 006','2a','1459137270','2016-03-30 14:49:13',NULL,1),('1459324200','33','HENY WIDIYATI.SE','19590214 197901 2 001','3d','1459322702','2016-03-30 14:50:00',NULL,1),('1459324204','99','ARDHITA NIKEN DESTIANA','','phl','1459137270','2016-03-30 14:50:04',NULL,1),('1459324211','33','HERNURYO SAMEKTO,SE.MS.I','19640310 199403 1 004','4b','1459322702','2016-03-30 14:50:11',NULL,1),('1459324265','99','ALAN ANDIKA','','phl','1459137270','2016-03-30 14:51:05','2016-04-14 07:45:26',1),('1459324373','33','SUHARJO,SE','19640512 198510 1 001','3d','1459322702','2016-03-30 14:52:53',NULL,1),('1459324390','33','ENTIN YUSNIATI,SE','19610813 198510 2 001','3d','1459322702','2016-03-30 14:53:10',NULL,1),('1459324738','33','HERYBERTUS SLAMET,AS,SE','19680820 198903 1 005','3c','1459322702','2016-03-30 14:58:58',NULL,1),('1459324811','33','YUNIA TRI KURNIAWAN','19790607 201001 1 009','2b','1459322702','2016-03-30 15:00:11',NULL,1),('1459324892','33','MUCHAMAD SAFII,SH','19690524 198903 1 001','3c','1459322702','2016-03-30 15:01:32',NULL,1),('1459324913','33','DWIPO PRIYANTO','19611004 200701 1 006','2c','1459322702','2016-03-30 15:01:53',NULL,1),('1459325008','33','IMAM','19610415 200701 1 007','2c','1459322702','2016-03-30 15:03:28',NULL,1),('1459325071','33','TRI BUDHIHARTO','19660501 199703 1 002','3b','1459322702','2016-03-30 15:04:31',NULL,1),('1459325105','33','RIS SUPRIYANTO','19620531 200701 1 001','3a','1459322702','2016-03-30 15:05:05',NULL,1),('1459325226','33','AMANDA RISKI OCTAVIANI,S SOS','19851026 201101 2 013','3a','1459322702','2016-03-30 15:07:06',NULL,1),('1459325283','33','DWI RAHARJO CAHYO BUWONO','19670908 199403 1 011','4a','1459322919','2016-03-30 15:08:03','2016-04-14 08:41:00',1),('1459325352','33','SETIYAJID PRAYITNO','19620614 198603 1 017','3d','1459322919','2016-03-30 15:09:12',NULL,1),('1459325410','33','TOEHOE HARDI','19660101 198801 1 003','3d','1459322919','2016-03-30 15:10:10',NULL,1),('1459325464','33','TRI ASIH MUKHARENI','19590720 198507 2 001','3d','1459322919','2016-03-30 15:11:04','2016-04-14 08:41:30',1),('1459325508','33','LASONO','19580803 198503 1 016','3d','1459322919','2016-03-30 15:11:48',NULL,1),('1459325550','33','A PARWOTO','19610712 199203 1 005','3d','1459322919','2016-03-30 15:12:30',NULL,1),('1459325591','33','DJOKO BUDIONO','19671008 198903 1 002','3c','1459322919','2016-03-30 15:13:11','2016-03-30 15:14:35',1),('1459325654','33','WALUYO','19590415 198503 1 016','3b','1459322919','2016-03-30 15:14:14',NULL,1),('1459325728','33','ADHY NUGRAHA','19860705 201101 1 013','3b','1459322919','2016-03-30 15:15:28',NULL,1),('1459325789','33','SLAMET MUCHTADIN','19721227 200701 1 011','2c','1459322919','2016-03-30 15:16:29',NULL,1),('1459325838','33','SETIYANTO','19781021 201001 1 003','2b','1459322919','2016-03-30 15:17:18',NULL,1),('1459325887','33','MARSONO','19620811 198503 1 009','2a','1459322919','2016-03-30 15:18:07',NULL,1),('1459325932','33','AGUS SUDIYONO','19660318 200701 1 012','2a','1459322919','2016-03-30 15:18:52',NULL,1),('1459325968','33','SARWONO','19711003 201001 1 001','1d','1459322919','2016-03-30 15:19:28',NULL,1),('1459326013','33','RUGITO','19630107 200701 1 001','1c','1459322919','2016-03-30 15:20:13',NULL,1),('1459326052','99','RANGGA SATRIA JATI','','phl','1459322919','2016-03-30 15:20:52',NULL,1),('1459326072','99','NOVIANA CATUR PUTRI','','phl','1459322919','2016-03-30 15:21:12',NULL,1),('1459326087','99','AYU HASMAWATI','','phl','1459322919','2016-03-30 15:21:27',NULL,1),('1459333221','33','DJOKO OENTORO, S.E., M.M.','19582909 197903 1 004','4b','1459331835','2016-03-30 17:20:21','2016-03-30 17:23:54',1),('1459333398','33','YUDO FIRSTYONO, S.H.,M.H.','19670523 199803 1 005','4a','1459331835','2016-03-30 17:23:18',NULL,1),('1459333573','33','MUHADI WIDODO, BC.HK.','19590629 197812 1 001','3d','1459331835','2016-03-30 17:26:13',NULL,1),('1459333642','33','DRS. ISHA DARMOKO SATWO','19610331 198703 1 008','3d','1459331835','2016-03-30 17:27:22',NULL,1),('1459333898','33','M. APIP SARIPUDIN, S.SOS.','19670404 198910 1 001','3d','1459331835','2016-03-30 17:31:38',NULL,1),('1459333959','33','SOEGIARTO, S.E.','19610415 198302 1 003','3d','1459331835','2016-03-30 17:32:39',NULL,1),('1459334089','33','SAFITRI SETYAWATI, RR, S.H.','19620414 198808 2 001','3c','1459331835','2016-03-30 17:34:49',NULL,1),('1459334146','33','JAENATUN','19590204 197902 2 002','3b','1459331835','2016-03-30 17:35:46',NULL,1),('1459334226','33','ATIK SETIYOWATI','19690920 198903 2 006','3b','1459331835','2016-03-30 17:37:06',NULL,1),('1459334310','33','EDI HERMANTO','19580810 198503 1 006','3b','1459331835','2016-03-30 17:38:30',NULL,1),('1459334371','33','KUAT SURTIMAN, S.E.','19680516 199103 1 007','3c','1459331835','2016-03-30 17:39:31',NULL,1),('1459334459','33','AMALIA DEISI ISTIKHAROH, S.E.AKT','19781215 200903 2 005','3b','1459331835','2016-03-30 17:40:59',NULL,1),('1459334530','33','MARTINA NUGRAHANI P, S.SOS.','19830326 201001 2 017','3b','1459331835','2016-03-30 17:42:10',NULL,1),('1459334607','33','R. YUNIKA LINTANG KUSUMA, AMD','19790627 200501 1 014','3a','1459331835','2016-03-30 17:43:27',NULL,1),('1459334658','33','BUDI WIJONARKO','19740712 199402 1 004','3a','1459331835','2016-03-30 17:44:18',NULL,1),('1459334705','33','BUDI MARTONO, AMD','19740314 201001 1 003','2d','1459331835','2016-03-30 17:45:05',NULL,1),('1459334821','33','SUDARMADI','19760712 200701 1 014','2b','1459331835','2016-03-30 17:47:01',NULL,1),('1459334896','33','WISTRIYANTO FAJAR MURTONO','19680519 200604 1 005','2c','1459331835','2016-03-30 17:48:16',NULL,1),('1459334944','33','DULHADI','19600510 200604 1 014','2c','1459331835','2016-03-30 17:49:04',NULL,1),('1459334982','33','KANTO','19620314 200801 1 001','2b','1459331835','2016-03-30 17:49:42',NULL,1),('1459335033','33','TARSONO','19650510 201001 1 001','2b','1459331835','2016-03-30 17:50:33',NULL,1),('1459335077','33','ROHADI','19701115 201001 1 005','2b','1459331835','2016-03-30 17:51:17',NULL,1),('1459341926','33','HESTI WAHYUDI, S.E.','19600313 198709 1 001','3c','1459331835','2016-03-30 19:45:26',NULL,1),('1459341970','33','SUHONO','19590901 198603 1 014','3b','1459331835','2016-03-30 19:46:10',NULL,1),('1459342016','33','SUHARTONO','19690816 198903 1 008','3b','1459331835','2016-03-30 19:46:56',NULL,1),('1459342067','33','ROJIKIN','19690716 200901 1 007','1b','1459331835','2016-03-30 19:47:47',NULL,1),('1459342233','99','RATIH WIDIARTI, S.P','','phl','1459331835','2016-03-30 19:50:33',NULL,1),('1459342261','99','NETTY SETOWATI, S.H.','','phl','1459331835','2016-03-30 19:51:01',NULL,1),('1459342308','99','IRVAN SUDHIARTO','','phl','1459331835','2016-03-30 19:51:48',NULL,1),('1459342354','99','TRI SETYO BUDHI','','phl','1459331835','2016-03-30 19:52:34',NULL,1),('1459342436','99','BUDI SANTOSA','','phl','1459331835','2016-03-30 19:53:56',NULL,1),('1459342815','99','BUDI RIYANTO','','phl','1459331835','2016-03-30 20:00:15',NULL,1),('1459342852','99','RUDI YULIANTO, S.E.','','phl','1459331835','2016-03-30 20:00:52',NULL,1),('1459384859','33','DRS. RACHMANTO, M.M.','19581015 198808 1 001','4b','1459310316','2016-03-31 07:40:59',NULL,1),('1459385372','33','DRS. SUDAR, MSI','19580210 198103 1 011','4a','1459310316','2016-03-31 07:49:32',NULL,1),('1459385445','33','DRA. ENDANG MURNI AGUSTINARI','19580823 199203 2 001','3d','1459310316','2016-03-31 07:50:45',NULL,1),('1459385512','33','SETYAWATI, S.SOS','19600529 198511 2 001','3d','1459310316','2016-03-31 07:51:52',NULL,1),('1459385556','33','AGUS PRIYANTO, S.SOS','19680808 199203 1 006','3c','1459310316','2016-03-31 07:52:36',NULL,1),('1459385619','33','AGUNG YUDHIARTO, S.KOM,M.M','19650927 200604 1 003','3c','1459310316','2016-03-31 07:53:39',NULL,1),('1459385662','33','NURYANAH','19610904 198206 2 001','3b','1459310316','2016-03-31 07:54:22',NULL,1),('1459385701','33','ARYADI, S.SOS','19620318 198903 1 006','3b','1459310316','2016-03-31 07:55:01',NULL,1),('1459385740','33','SRI RAHAYUNINGSIH','19661213 198603 2 007','3b','1459310316','2016-03-31 07:55:40',NULL,1),('1459385789','33','MARIA TH ESTI.RM, S.I.P','19781201 201101 2 006','3b','1459310316','2016-03-31 07:56:29',NULL,1),('1459385830','33','SUTARTO, S.SOS','19630518 200701 1 005','2c','1459310316','2016-03-31 07:57:10',NULL,1),('1459385864','33','KUSMANTO','19700216 200901 1 004','2b','1459310316','2016-03-31 07:57:44',NULL,1),('1459385894','33','WARDONO','19720814 200801 1 004','2b','1459310316','2016-03-31 07:58:14',NULL,1),('1459385927','99','BURHAN AHMADI','','phl','1459310316','2016-03-31 07:58:47',NULL,1),('1459385950','99','ARIEF NOOR HELYARTO','','phl','1459310316','2016-03-31 07:59:10',NULL,1),('1459385967','99','DEVI NURMALITASARI, AMD','','phl','1459310316','2016-03-31 07:59:27',NULL,1),('1459389120','33','BANGUN TINTRIYANTO, SH, MM','19630213 198510 1 001','4a','1459153920','2016-03-31 08:52:00','2016-03-31 08:52:31',1),('1459389280','33','DRS. HANITYO EKO CAHYO','19611011 199203 1 005','3d','1459153920','2016-03-31 08:54:40',NULL,1),('1459389323','33','LASMIYATI, S.SOS','19601112 198510 2 001','3d','1459153920','2016-03-31 08:55:23',NULL,1),('1459389358','33','NINIK PUSPITAWATI, SE','19621022 198607 2 001','3d','1459153920','2016-03-31 08:55:58',NULL,1),('1459389391','33','SUBAIDI, SS','19600405 199003 1 006','3d','1459153920','2016-03-31 08:56:31',NULL,1),('1459389426','33','CH. ERNA DEWI WAHYUNI, S.SOS','19610930 198503 2 008','3d','1459153920','2016-03-31 08:57:06',NULL,1),('1459389473','33','YULIATI, S.SOS','19720709 199310 2 001','3c','1459153920','2016-03-31 08:57:53',NULL,1),('1459389554','33','ACHMAD NOORZAEN SIDIK PRIYANA, SH','19590716 199603 1 001','3b','1459153920','2016-03-31 08:59:14',NULL,1),('1459389589','33','JUMONO','19610723 198503 1 009','3a','1459153920','2016-03-31 08:59:49',NULL,1),('1459389624','33','SUSMINOTO','19621218 200701 1 002','2c','1459153920','2016-03-31 09:00:24',NULL,1),('1459389667','33','M. ENDRO WIBOWO','19710529 200701 1 007','2c','1459153920','2016-03-31 09:01:07',NULL,1),('1459389701','99','RAHAJENG UTAMI RETNO SATUTI, SH','','phl','1459153920','2016-03-31 09:01:41',NULL,1),('1459389760','99','HARYATI BUDI NINGSIH, A.MD','','phl','1459153920','2016-03-31 09:02:40',NULL,1),('1459389784','99','RISNANDA ARBI PRADIPTA','','phl','1459153920','2016-03-31 09:03:04',NULL,1),('1459393341','33','BASIR','19590523 198503 1 003','2c','1459137438','2016-03-31 10:02:21',NULL,1),('1459393501','33','SRI RAHAYU','19680520 199102 2 002','3c','1459137438','2016-03-31 10:05:01',NULL,1),('1459396258','33','A. DARTO IWAN S., S KOM, M.KOM','19740909 200501 1 006','3c','1459303853','2016-03-31 10:50:58','2016-03-31 11:16:38',1),('1459396327','33','DJOKO SUDARTO,SE','19690622 198903 1 002','3c','1459303853','2016-03-31 10:52:07',NULL,1),('1459396378','33','AGUNG BRELIANTORO, ST','19780401 200604 1 010','3c','1459303853','2016-03-31 10:52:58',NULL,1),('1459396427','33','SUCI SETYO BUDI PRATIWI, SE','19670121 200701 2 013','3a','1459303853','2016-03-31 10:53:47',NULL,1),('1459396477','33','RESKY RISTYANTO, A.MD','19860114 201003 1 001','2d','1459303853','2016-03-31 10:54:37',NULL,1),('1459396519','33','SUDOYO','19770817 200901 1 009','2b','1459303853','2016-03-31 10:55:19',NULL,1),('1459396547','99','EKO SUPRIYADI','','phl','1459303853','2016-03-31 10:55:47',NULL,1),('1459396580','99','HERRY SULISTIYADI P','','phl','1459303853','2016-03-31 10:56:20',NULL,1),('1459396609','99','SAMTIM DWI HERMANTO, SE','','phl','1459303853','2016-03-31 10:56:49',NULL,1),('1459396853','33','RINI WAKHIDATI, SE, M.SI','19610301 198912 2 001','3d','1459303895','2016-03-31 11:00:53',NULL,1),('1459396923','33','DJOKO PAMUNGKAS, S.KOM, M.S.E','19720331 199903 1 005','4a','1459303895','2016-03-31 11:02:03',NULL,1),('1459396997','33','FARIDA UTAMININGTYAS, A.MD','19860420 201101 2 013','3a','1459303895','2016-03-31 11:03:17',NULL,1),('1459397387','33','SRI WAHYUNI SE, MM','19760607 200604 2 004','3c','1459303811','2016-03-31 11:09:47',NULL,1),('1459397457','33','TEMU MARGANA','19660919 200801 1 002','2c','1459303811','2016-03-31 11:10:57',NULL,1),('1459397492','99','RAFICHA ULFA ARI KUSUMAWATI','','phl','1459303811','2016-03-31 11:11:32',NULL,1),('1459397524','99','AGUS APRIYANTO','','phl','1459303811','2016-03-31 11:12:04',NULL,1),('1459397548','99','KRISTIYANTO','','phl','1459303811','2016-03-31 11:12:28',NULL,1),('1459398757','33','BAMBANG NURCAHYO, SE., MM','19620622 198811 1 002','4a','1459065329','2016-03-31 11:32:37',NULL,1),('1459400079','33','DJUWANG INDRIATI','19660912 199303 2 008','3b','1459065417','2016-03-31 11:54:39',NULL,1),('1459400120','33','ANDREAS TEGUH','19771126 201001 1 004','3b','1459065417','2016-03-31 11:55:20',NULL,1),('1459400159','33','REZA FERIANSYAH','19800201 201101 1 006','3b','1459065417','2016-03-31 11:55:59',NULL,1),('1459405325','33','PARIYANTO, SH','19650730 198903 1 005','3a','1459065329','2016-03-31 13:22:05',NULL,1),('1459406130','33','YOPPIE ARDIANTO, SE','19731215 200901 1 003','3b','1458608926','2016-03-31 13:35:30',NULL,1),('1459409005','33','AGUNG RIYANTO','19640330 200701 1 002','3a','1459136367','2016-03-31 14:23:25',NULL,1),('1459409081','33','HARI DJOKO SANTOSO','19650911 200701 1 011','2a','1459303895','2016-03-31 14:24:41','2016-03-31 16:59:48',1),('1459410025','33','R.ROEDITO EKA S, SOS, MM','19680902 198903 1 003','3d','1459065329','2016-03-31 14:40:25','2016-04-06 08:41:25',1),('1459410082','33','DRA. SRI WIDIASTUTI P','19621008 199203 2 003','3d','1459065329','2016-03-31 14:41:22','2016-04-06 08:01:13',1),('1459410133','33','RUKMININGTYAS UTAMI, SE','19671125 199103 2 007','3d','1459065329','2016-03-31 14:42:13','2016-04-06 08:04:14',1),('1459410180','33','SUSI ANTANSARI R, S.SOS MSI','19660213 198603 2 006','3d','1459065329','2016-03-31 14:43:00','2016-04-06 07:59:44',1),('1459410268','33','BAMBANG CIPTONO, SH','19680303 199003 1 011','3d','1459297654','2016-03-31 14:44:28',NULL,1),('1459410357','33','LILIK KUSWANDONO, SH','19700209 198903 1 002','3d','1459297654','2016-03-31 14:45:57',NULL,1),('1459410443','33','PUJI ARSIANTI,SE','19650415 199303 2 007','3c','1459297654','2016-03-31 14:47:23',NULL,1),('1459410540','33','WUR SURASRINI, SE','19580727 198003 2 007','3c','1459297654','2016-03-31 14:49:00',NULL,1),('1459410607','33','RANTO PANTERINI','19600929 198403 2 007','3b','1459297654','2016-03-31 14:50:07',NULL,1),('1459410660','33','DJUNAIDI, SE','19700516 199102 1 001','3b','1459297654','2016-03-31 14:51:00',NULL,1),('1459410731','33','KASIDI, SE','19680331 199803 1 004','3b','1459297654','2016-03-31 14:52:11',NULL,1),('1459410779','33','AAN SETIAWAN, SE, AKT','19810908 200903 1 005','1a','1459297654','2016-03-31 14:52:59',NULL,1),('1459410974','33','SULISTIO','19791021 201001 1 004','2b','1459297654','2016-03-31 14:56:14',NULL,1),('1459411060','99','ACHMAD MUHAJIR','','phl','1459297654','2016-03-31 14:57:40',NULL,1),('1459411114','99','DYCO EFRIADITYAWAN,SH','','phl','1459297654','2016-03-31 14:58:34',NULL,1),('1459411166','99','HENDRO BRAHMANTYO, SE','','phl','1459297654','2016-03-31 14:59:26',NULL,1),('1459411291','99','ANGGA KUSUMADEWI, S.AB','','phl','1459297654','2016-03-31 15:01:31',NULL,1),('1459411321','99','DANI RIYANTO','','phl','1459136279','2016-03-31 15:02:01',NULL,1),('1459411331','99','ACHMAD SOLEH','','phl','1459297654','2016-03-31 15:02:11',NULL,1),('1459411478','33','SRI MULYATI','19600116 198510 2 001','3d','1459136279','2016-03-31 15:04:38',NULL,1),('1459412141','33','MUJIYONO, SH, MH','19631228 198603 1 022','3c','1459303811','2016-03-31 15:15:41',NULL,1),('1459412222','33','R ANTON DWIYANTO, SE','19640330 199001 1 001','3d','1459303811','2016-03-31 15:17:02',NULL,1),('1459412293','33','LANJAR, SE','19650912 199402 1 001','3c','1459303811','2016-03-31 15:18:13',NULL,1),('1459412406','33','FARAH AHDAWIYAH, SE, MM','19790403 200903 2 003','3c','1459303811','2016-03-31 15:20:06',NULL,1),('1459412449','33','DYAH POESPITASARI, SH','19630920 199203 2 001','4a','1459297654','2016-03-31 15:20:49',NULL,1),('1459412505','33','TUNGGUL JATI NUGOHO,SE','19801113 201001 1 024','3b','1459303811','2016-03-31 15:21:45',NULL,1),('1459412529','33','BAMBANG HARIYANTO, S.SOS, M.KOM','19681213 198803 1 001','4a','1459297654','2016-03-31 15:22:09',NULL,1),('1459412776','33','NINIK MARDIASTUTI, SH, MM','19620324 199203 2 001','4b','1459297654','2016-03-31 15:26:16',NULL,1),('1459413414','33','KARTIKA BUDIYAH, SH, M.KN','19610503 198603 2 009','4a','1459303853','2016-03-31 15:36:54',NULL,1),('1459413486','33','HARARET H.U. S.SOS, MM','19620329 198510 2 002','3d','1459297654','2016-03-31 15:38:06',NULL,1),('1459413487','33','GENUK ENDANG SUMIWI, S.IP, M.KN','19660807 198511 2 001','3d','1459303853','2016-03-31 15:38:07',NULL,1),('1459413559','33','CHAIRUNNISA, SE, MM','19801016 200604 2 008','3c','1459297654','2016-03-31 15:39:19',NULL,1),('1459413650','33','SRI LADY DIANA, S.PD, M.H','19820907 200803 2 002','3b','1459303853','2016-03-31 15:40:50',NULL,1),('1459413672','33','SUPRIHATI AQUILINA, SH','19601015 198607 2 001','3d','1459297654','2016-03-31 15:41:12',NULL,1),('1459413701','33','NEFO SUTOPO','19650621 200701 1 011','3a','1459303853','2016-03-31 15:41:41',NULL,1),('1459413762','33','WAHYU AJI WIBOWO','19870804 200903 1 002','3a','1459297654','2016-03-31 15:42:42',NULL,1),('1459413837','33','KURNIAWAN PRASETYOHADI, AP. MM','19760712 199501 1 001','4a','1459065329','2016-03-31 15:43:57','2016-04-06 08:00:10',1),('1459413853','33','RIBUT KARTINI, SE','19620418 198503 2 003','3d','1459297654','2016-03-31 15:44:13',NULL,1),('1459413904','33','KRISWARDHANI, SE','19660601 198910 2 002','3d','1459297654','2016-03-31 15:45:04',NULL,1),('1459413910','33','SRI SUPADMI RAHAYU, SP','19690501 199803 2 003','3d','1459065329','2016-03-31 15:45:10','2016-04-06 08:42:00',1),('1459413982','33','MT. MASYHUDI, S. SOS','19660623 198603 1 012','3d','1459297654','2016-03-31 15:46:22',NULL,1),('1459413994','33','DANANG ARI PRABOWO,SH','19691014 199203 1 003','3c','1459297654','2016-03-31 15:46:34',NULL,1),('1459414034','33','SURATNO, SH, MM','19650504 199402 1 002','3d','1459303895','2016-03-31 15:47:14','2016-03-31 15:53:17',1),('1459414059','33','SURANTO. S.SOS','19610627 198303 1 007','1a','1459297654','2016-03-31 15:47:39',NULL,1),('1459414071','33','HIMAWAN WICAKSONO, S.STP','19860127 200412 1 001','2b','1459297654','2016-03-31 15:47:51',NULL,1),('1459414091','33','KHAIRUL ANNAM, SE, MM','19760912 200801 1 001','3b','1459303895','2016-03-31 15:48:11',NULL,1),('1459414117','33','MARIYATUL KIFTIYAH, SE','19620702 198303 2 012','3c','1459297654','2016-03-31 15:48:37',NULL,1),('1459414170','33','SUPRIYADI','19610315 198701 1 005','3c','1459297654','2016-03-31 15:49:30',NULL,1),('1459414193','33','OKY ADHITYA WICAKSANA, SE','19790104 201001 1 007','3b','1459297654','2016-03-31 15:49:53',NULL,1),('1459414199','33','JUMYANA, SE','19580110 199401 1 001','3c','1459303895','2016-03-31 15:49:59',NULL,1),('1459414215','33','SRI ASIH, SE','19641207 199403 2 005','3c','1459297654','2016-03-31 15:50:15',NULL,1),('1459414280','33','PANCORO GENDROYONO','19581128 198103 1 007','3b','1459297654','2016-03-31 15:51:20',NULL,1),('1459414293','33','YUNIANTO ADHI PURNOMO, SE','19780601 201101 1 005','3b','1459297654','2016-03-31 15:51:33',NULL,1),('1459414325','99','BOBBI ANDRIANTO','','phl','1459303895','2016-03-31 15:52:05',NULL,1),('1459414334','33','RATNA UTAMI','19641210 198603 2 017','3b','1459297654','2016-03-31 15:52:14',NULL,1),('1459414350','33','ZIA ULHAQ','19791017 201101 1 007','3b','1459297654','2016-03-31 15:52:30',NULL,1),('1459414383','33','SUDJONO','19620110 198510 1 021','3b','1459297654','2016-03-31 15:53:03',NULL,1),('1459414433','33','SRI ASTUTI','19590721 198303 2 007','3b','1459297654','2016-03-31 15:53:53',NULL,1),('1459414435','33','PRISTYANI SUCI RAHAYU, SE','19870913 201101 2 008','3b','1459297654','2016-03-31 15:53:55',NULL,1),('1459414528','33','JOKO SUMIYANTO','19631010 200701 1 012','2c','1459297654','2016-03-31 15:55:28',NULL,1),('1459414557','33','SUPALAL, AMD','19660107 200701 1 007','3a','1459297654','2016-03-31 15:55:57',NULL,1),('1459414585','99','PRAWISDA RAHMA NINA D.U, SE','','phl','1459297654','2016-03-31 15:56:25',NULL,1),('1459414650','33','DWIKA TEGAR RANISDYA, S STP','19921103 201406 1 002','3a','1459297654','2016-03-31 15:57:30',NULL,1),('1459414864','33','WAHYUDI WARGIANTO','19710909 200901 1 005','2b','1459297654','2016-03-31 16:01:04',NULL,1),('1459414880','33','ANI APRILLIANSYAH, SE','19630401 198508 2 003','3d','1459303895','2016-03-31 16:01:20',NULL,1),('1459414908','33','SUTINAH','19741223 200701 2 010','1b','1459297654','2016-03-31 16:01:48',NULL,1),('1459414998','99','WIWIT PUJIANTO','','phl','1459303853','2016-03-31 16:03:18',NULL,1),('1459415003','99','FAISAL HARUM PRIYONO','','phl','1459297654','2016-03-31 16:03:23',NULL,1),('1459415098','99','RATNA KUSUMADEWI, SH.MKN','','phl','1459297654','2016-03-31 16:04:58',NULL,1),('1459415123','99','ARI WIBOWO','','phl','1459297654','2016-03-31 16:05:23',NULL,1),('1459415193','99','BUDIYANTO','','phl','1459297654','2016-03-31 16:06:33',NULL,1),('1459415292','99','SUTRISNO','','phl','1459297654','2016-03-31 16:08:12',NULL,1),('1459415542','33','NANIK PURWANI','19650407 198907 2 001','3c','1459297654','2016-03-31 16:12:22',NULL,1),('1459415898','99','WINARTO','','phl','1459297654','2016-03-31 16:18:18',NULL,1),('1459416095','33','SUYONO, SH, M,HUM','19620707 198803 1 009','3d','1459065329','2016-03-31 16:21:35','2016-04-06 08:40:12',1),('1459416972','33','SAMSAIMUN, SH','19580823 199003 1 002','4a','1459297654','2016-03-31 16:36:12',NULL,1),('1459417402','33','AMANDA ADIS ADITIA, S.I.KOM','19851218 201001 2 024','2b','1459297654','2016-03-31 16:43:22',NULL,1),('1459473770','33','DIKKY ERFIANTO PRASONGKO, SE','19850724 201001 1 016','3b','1459297654','2016-04-01 08:22:50',NULL,1),('1459483118','99','PANCA SURYONO','','phl','1459297654','2016-04-01 10:58:38',NULL,1),('1459483435','33','PUTU ADHI SUTRISNA, SH','19580601 198303 1 013','4b','1459297654','2016-04-01 11:03:55',NULL,1),('1459483481','33','DRS JOHAN HADIYANTO','19741209 199311 1 001','4a','1459065329','2016-04-01 11:04:41','2016-04-06 07:58:42',1),('1459483610','33','RR. UMI SADIYAH, SH','19601127 198508 2 001','1a','1459297654','2016-04-01 11:06:50',NULL,1),('1459483659','33','MARDONO, SE','19590302 198510 1 001','3c','1459297654','2016-04-01 11:07:39',NULL,1),('1459483710','33','MOHAMMAD PURDIONO, SH,.MH','19621011 199302 1 001','3c','1459297654','2016-04-01 11:08:30',NULL,1),('1459483761','33','ANTON SATRIJA KURNIAWAN, SE','19720102 200604 1 005','3c','1459297654','2016-04-01 11:09:21',NULL,1),('1459483805','33','ADI TJIPTONO','19600913 198603 1 010','3c','1459297654','2016-04-01 11:10:05',NULL,1),('1459483843','33','WIDASENA, S.STP,.MM','19840809 200312 1 001','3b','1459297654','2016-04-01 11:10:43',NULL,1),('1459483894','33','DIYAN LESTARI H, S.SOS,.MM','19811108 201001 2 007','3b','1459297654','2016-04-01 11:11:34',NULL,1),('1459483936','33','SRIYADI, SE','19690727 199302 1 001','3b','1459297654','2016-04-01 11:12:16',NULL,1),('1459484295','33','FLORA MELANI W','19820507 200903 2 006','3b','1459297654','2016-04-01 11:18:15',NULL,1),('1459484348','33','NURWULAN SAFADILIA K,SE','19861216 200912 2 002','3a','1459297654','2016-04-01 11:19:08',NULL,1),('1459484495','33','AYU MAHARANI, SH','19811019 201001 2 018','3b','1459297654','2016-04-01 11:21:35',NULL,1),('1459484554','33','ASEP JOKO SUSANTO, SH','19830929 201101 1 012','3b','1459297654','2016-04-01 11:22:34',NULL,1),('1459484720','33','NINA HERLIANA','19810510 201101 2 006','3b','1459297654','2016-04-01 11:25:20',NULL,1),('1459484771','33','BAMBANG PITONO, SE','19650321 200701 1 008','3a','1459297654','2016-04-01 11:26:11',NULL,1),('1459484832','33','SUKIM, SE','19661109 200701 1 008','3a','1459297654','2016-04-01 11:27:12',NULL,1),('1459485122','33','MIFTAH ANGGIT SETYANTO','19850320 200501 1 002','3a','1459297654','2016-04-01 11:32:02',NULL,1),('1459485168','33','TRI WAHYU WIDI ASTUTI','19640114 200701 2 007','2c','1459297654','2016-04-01 11:32:48',NULL,1),('1459485251','33','SUKARDI, SE','19660811 200701 1 007','2c','1459297654','2016-04-01 11:34:11',NULL,1),('1459485294','33','PANCAWATI BUDARTI','19690716 200701 2 015','2b','1459297654','2016-04-01 11:34:54',NULL,1),('1459485338','33','MARMIN','19760617 200801 1 009','2b','1459297654','2016-04-01 11:35:38',NULL,1),('1459485415','33','SUDARNA','19601127 198503 1 005','2a','1459065329','2016-04-01 11:36:55','2016-04-06 08:37:07',1),('1459485448','99','IRMA AMARILIES','','phl','1459297654','2016-04-01 11:37:28',NULL,1),('1459485472','99','INDRIANI KARTIKA SARI','','phl','1459297654','2016-04-01 11:37:52',NULL,1),('1459485497','99','M. THOLIB','','phl','1459297654','2016-04-01 11:38:17',NULL,1),('1459485517','99','RINA ADININGRUM','','phl','1459297654','2016-04-01 11:38:37',NULL,1),('1459485541','99','AGUNG AMIN PRADOPO','','phl','1459297654','2016-04-01 11:39:01',NULL,1),('1459485574','99','DRIANTIKA MAHARDINI','','phl','1459297654','2016-04-01 11:39:34',NULL,1),('1459485620','99','MELATI WESTRIA RAKHMADITA','','phl','1459297654','2016-04-01 11:40:20',NULL,1),('1459485669','99','ADHITYO GUMILAR','','phl','1459297654','2016-04-01 11:41:09',NULL,1),('1459485694','99','PUTRI ERIKHA CAHYANI','','phl','1459297654','2016-04-01 11:41:34',NULL,1),('1459485727','99','ARITA EKA DIAN PERMANASARI','','phl','1459297654','2016-04-01 11:42:07',NULL,1),('1459485755','99','PANDU YUDHA KUSUMA','','phl','1459297654','2016-04-01 11:42:35',NULL,1),('1459485857','99','ANODYA WIRA AGUSTI','','phl','1459297654','2016-04-01 11:44:17',NULL,1),('1459485882','99','MUH FAHRUDIN','','phl','1459297654','2016-04-01 11:44:42',NULL,1),('1459485933','99','AGUS NUGROHO','','phl','1459297654','2016-04-01 11:45:33',NULL,1),('1459488496','33','BASTIAN JOPI RIAN, SE','19830906 201001 1 014','3b','1459297654','2016-04-01 12:28:16',NULL,1),('1459488852','33','TITIK ROSIDA','19641014 200701 2 008','2c','1459297654','2016-04-01 12:34:12',NULL,1),('1459490333','33','ARIEF ADI NUGRAHA, SH','19850118 201001 1 015','3b','1459297654','2016-04-01 12:58:53',NULL,1),('1459490446','33','DEWI PARIKESIT','19860607 201001 2 031','3b','1459297654','2016-04-01 13:00:46',NULL,1),('1459490611','33','MILASARI SANTOSO','19790908 201001 2 015','3b','1459297654','2016-04-01 13:03:31',NULL,1),('1459490702','33','RIZKY DITA DARMASTO','19861121 201001 1 008','3b','1459297654','2016-04-01 13:05:02',NULL,1),('1459490730','99','HARY PURNAMA','','phl','1459297654','2016-04-01 13:05:30',NULL,1),('1459490789','99','NITA RATNASARI SOEBEKTI','','phl','1459297654','2016-04-01 13:06:29',NULL,1),('1459490821','99','HENDRIKUS ANDRIYANTO','','phl','1459297654','2016-04-01 13:07:01',NULL,1),('1459490847','99','ACHMAD ARIF','','phl','1459297654','2016-04-01 13:07:27',NULL,1),('1459491405','33','KRISHNA CAHYA K','19800819 200912 1 001','3b','1459297654','2016-04-01 13:16:45',NULL,1),('1459491800','99','RIZKY DWITA AMELIA, SH','','phl','1459297654','2016-04-01 13:23:20',NULL,1),('1459492338','33','JANI SUGIJARTI, SH, MSI','19700122 198903 2 001','3d','1459065329','2016-04-01 13:32:18','2016-04-06 08:00:36',1),('1459492383','33','ACHMAD ZAINI, SE','19590704 198503 1 012','3d','1459297654','2016-04-01 13:33:03',NULL,1),('1459492435','33','N. ENOK PRAHTINI P, SE, MSI','19661017 199001 2 001','3c','1459297654','2016-04-01 13:33:55',NULL,1),('1459492469','33','DIAH EKOSARI, SE','19700523 198903 2 001','3c','1459297654','2016-04-01 13:34:29',NULL,1),('1459492515','33','DWI HARTANTO M, S.SOS','19670624 199203 1 001','3c','1459297654','2016-04-01 13:35:15',NULL,1),('1459492615','33','NOVY KRISNAWAN, SE, M.SI','19760507 201001 1 006','3b','1459297654','2016-04-01 13:36:55',NULL,1),('1459492678','33','WARIS DJOKO SANTOSO, SE','19690901 200701 1 024','3a','1459297654','2016-04-01 13:37:58',NULL,1),('1459492731','33','CATUR HARYANI, SE','19660703 200701 2 012','3a','1459297654','2016-04-01 13:38:51',NULL,1),('1459492787','33','AGNES TUTUT KUSUMO H, S.SOS','19740109 201212 2 001','3a','1459297654','2016-04-01 13:39:47',NULL,1),('1459492827','33','TEGUH YULIARTO','19770713 200903 1 005','3a','1459297654','2016-04-01 13:40:27',NULL,1),('1459492862','33','ETDY SARWANTO','19810707 201001 1 008','2b','1459297654','2016-04-01 13:41:02',NULL,1),('1459492896','33','SITI NUR INAYAH','19801122 201212 2 001','2a','1459297654','2016-04-01 13:41:36',NULL,1),('1459492926','99','KHAERUDIN','','phl','1459297654','2016-04-01 13:42:06',NULL,1),('1459731448','33','SUNARNI,SE.MM','19621222 198508 2 002','4a','1459394913','2016-04-04 07:57:28','2016-04-27 11:24:21',1),('1459731721','33','TETIANA RR RETNO UMIINARSIH','19630102 200701 2 001','2b','1459394913','2016-04-04 08:02:01',NULL,1),('1459731791','33','HERU KISWANTO, S.SOS','19621113 198509 1 002','3d','1459394913','2016-04-04 08:03:11',NULL,1),('1459731847','33','GATOT ROESTANDI, SH','19650208 198609 1 001','3d','1459394913','2016-04-04 08:04:07',NULL,1),('1459731891','33','MOH. SOFUAN, SE','19700512 198903 1 002','3d','1459394913','2016-04-04 08:04:51',NULL,1),('1459731939','33','ROFIQ SETIAWAN, S.SOS','19600919 198103 1 006','3d','1459394913','2016-04-04 08:05:39',NULL,1),('1459732004','33','PANDJI KARTIKO','19601211 198703 1 006','4b','1459136622','2016-04-04 08:06:44',NULL,1),('1459732048','33','SRI KADARWATI, SE','19670821 198903 2 008','3c','1459394913','2016-04-04 08:07:28','2016-04-27 11:44:58',1),('1459732170','33','SUGIYARTO','19740423 200801 1 005','2c','1459394913','2016-04-04 08:09:30',NULL,1),('1459732258','33','DWIANA SUSWATI, SE','19650618 198903 2 005','3c','1459394913','2016-04-04 08:10:58',NULL,1),('1459732295','33','PURNOMO ARIF SUSILO','19840622 201001 1 004','2b','1459138022','2016-04-04 08:11:35',NULL,1),('1459732362','33','DJOKO PURWANTO','19630905 198509 1 001','2d','1459394913','2016-04-04 08:12:42',NULL,1),('1459732415','33','SUKINO, SE','19630304 198511 1 002','3c','1459394913','2016-04-04 08:13:35',NULL,1),('1459732493','33','RISDIYANTI, SE','19700929 199203 2 004','3c','1459394913','2016-04-04 08:14:53',NULL,1),('1459732517','33','ENNY TISNOWATI','19590515 198206 2 002','4a','1459136622','2016-04-04 08:15:17',NULL,1),('1459732527','33','SLAMET HARYANTO','19760426 201001 1 001','2b','1459138022','2016-04-04 08:15:27',NULL,1),('1459732567','33','ANASTASIA','19620520 198812 1 003','4a','1459136622','2016-04-04 08:16:07',NULL,1),('1459732580','33','PUJO SUMEDI','19610825 200701 1 001','2c','1459394913','2016-04-04 08:16:20',NULL,1),('1459732599','33','AGUS ARI PRIANTO','19780317 200901 1 009','2b','1459138022','2016-04-04 08:16:39',NULL,1),('1459732639','33','SUDARTO','19620126 200801 1 001','2b','1459138022','2016-04-04 08:17:19',NULL,1),('1459732657','33','ACHMAD SOLIKIN','19650320 200701 1 007','2c','1459394913','2016-04-04 08:17:37',NULL,1),('1459732670','33','WAWAN LISTIYA ADI','19650529 198903 1 012','4a','1459136622','2016-04-04 08:17:50',NULL,1),('1459732687','33','SITA','19631202 198503 1 010','2d','1459138022','2016-04-04 08:18:07',NULL,1),('1459732732','33','SAPANYANA','19580703 198103 1 020','3d','1459136622','2016-04-04 08:18:52',NULL,1),('1459732737','33','SUHARTONO','19771231 201001 1 018','2b','1459394913','2016-04-04 08:18:57',NULL,1),('1459732741','33','SUDIHARJO','19601015 198503 1 011','3a','1459138022','2016-04-04 08:19:01',NULL,1),('1459732785','33','SUJATI MULYO','19591008 198206 2 001','3b','1459138022','2016-04-04 08:19:45',NULL,1),('1459732791','33','ISNAINI SULISTIYOWATI','19591221 198203 2 002','3d','1459136622','2016-04-04 08:19:51',NULL,1),('1459732829','33','SUPRIYONO, SH MM','19700521 200701 1 017','3b','1459138022','2016-04-04 08:20:29',NULL,1),('1459732833','33','SINDUNG SINARNO, SH.','19650115 198508 1 001','3d','1459394913','2016-04-04 08:20:33',NULL,1),('1459732868','33','HIMAWAN KRISTIANTO','19771225 199703 1 003','3d','1459136622','2016-04-04 08:21:08',NULL,1),('1459732877','33','KADARISMAN JATMIKO, SE','19651203 199402 1 002','3c','1459138022','2016-04-04 08:21:17',NULL,1),('1459732917','33','PAIMIN, SE, MM','19660314 198903 1 010','3c','1459394913','2016-04-04 08:21:57',NULL,1),('1459732920','33','SUTARJO, SE','19650505 198903 1 020','3c','1459138022','2016-04-04 08:22:00',NULL,1),('1459732921','33','PRASETYA','19660201 198510 1 001','3c','1459136622','2016-04-04 08:22:01',NULL,1),('1459732957','33','SUBARI, SE','19610527 198503 1 005','3c','1459138022','2016-04-04 08:22:37',NULL,1),('1459732984','33','SURTINAH','19670428 199003 2 005','3c','1459136622','2016-04-04 08:23:04',NULL,1),('1459733008','33','SLAMET GUNADI, SE','19680805 198903 1 012','3c','1459138022','2016-04-04 08:23:28',NULL,1),('1459733014','33','AGUNG SUSENA','19760113 200901 1 003','2b','1459394913','2016-04-04 08:23:34',NULL,1),('1459733039','33','ERVANTO BW','19630109 199001 1 001','3c','1459136622','2016-04-04 08:23:59',NULL,1),('1459733051','33','SUHARNO, SH','19670620 199403 1 009','3c','1459138022','2016-04-04 08:24:11',NULL,1),('1459733080','33','KUSNO','19681221 200801 1 004','2b','1459394913','2016-04-04 08:24:40',NULL,1),('1459733089','33','MIYONO','19700110 199403 1 008','3c','1459136622','2016-04-04 08:24:49',NULL,1),('1459733111','33','ABDUL WAKHID, SE','19600328 198910 1 002','3c','1459138022','2016-04-04 08:25:11',NULL,1),('1459733161','33','ACHMAD SUSWORO, SE MM','19641127 198903 1 007','3c','1459138022','2016-04-04 08:26:01',NULL,1),('1459733170','33','M.SURATMAN','19730215 201001 1 003','2b','1459394913','2016-04-04 08:26:10',NULL,1),('1459733176','33','ADE KHAIRANI','19851001 200312 2 002','3c','1459136622','2016-04-04 08:26:16',NULL,1),('1459733202','33','YUDIANTO,SE','19600803 198503 1 015','3d','1459138022','2016-04-04 08:26:42',NULL,1),('1459733226','33','SRI HANDAYATI','19670521 198801 2 001','3b','1459136622','2016-04-04 08:27:06',NULL,1),('1459733240','33','HARIYANTO, SE MM','19650629 198510 1 001','4a','1459138022','2016-04-04 08:27:20',NULL,1),('1459733309','33','NURANI','19580820 198903 2 001','3b','1459136622','2016-04-04 08:28:29',NULL,1),('1459733354','33','TEGUH YUDI PRISTIYANTO,SH MM','19660428 198509 1 001','4a','1459138022','2016-04-04 08:29:14',NULL,1),('1459733377','33','FARKHAN','19680526 198903 1 003','3c','1459136622','2016-04-04 08:29:37',NULL,1),('1459733402','33','NJOTO LEGOWO, SE MM','19600531 198603 1 008','4b','1459138022','2016-04-04 08:30:02',NULL,1),('1459733448','33','YUSUF TAMBUNAN','19580914 199012 1 001','3b','1459136622','2016-04-04 08:30:48',NULL,1),('1459733545','33','HERU SUTORO','19650907 200701 1 012','2c','1459136622','2016-04-04 08:32:25',NULL,1),('1459733602','33','INDAH SUSILOWATI','19690224 200701 2 007','2c','1459136622','2016-04-04 08:33:22',NULL,1),('1459733651','33','MUH NASIR','19710123 200901 1 005','2b','1459136622','2016-04-04 08:34:11',NULL,1),('1459733700','33','MUNTADIRIN','19700107 200701 1 013','2c','1459136622','2016-04-04 08:35:00',NULL,1),('1459733742','33','PRIYANTO','19620105 200701 1 001','2c','1459136622','2016-04-04 08:35:42',NULL,1),('1459733789','33','SUNARYA, SE','19640224 200701 1 003','2c','1459136622','2016-04-04 08:36:29',NULL,1),('1459733844','33','AGUS HENDRIATNO','19770826 200901 1 004','2b','1459136622','2016-04-04 08:37:24',NULL,1),('1459733890','33','YEFFIE P. WARDANU','19730303 201001 1 009','2b','1459136622','2016-04-04 08:38:10',NULL,1),('1459733964','99','LEONARDUS WANTORO','','phl','1459136622','2016-04-04 08:39:24',NULL,1),('1459733979','33','SRI MARJOKO,S.SOS,MM','19690902 198903 1 003','4a','1459413235','2016-04-04 08:39:39',NULL,1),('1459734001','99','ACHMAD FAIZUN M.','','phl','1459136622','2016-04-04 08:40:01',NULL,1),('1459734034','99','ADHITYA TRI N.','','phl','1459136622','2016-04-04 08:40:34',NULL,1),('1459734169','33','RR.YUNI KUSUMODEWI,SE,SP,MP','19670113 199103 2 001','4a','1459413235','2016-04-04 08:42:49',NULL,1),('1459734326','33','AGUS RIYADI,SE,MM','19640213 198508 1 003','3d','1459413235','2016-04-04 08:45:26',NULL,1),('1459734432','33','KOTOT RACHMANA,SH.MM','19636530 199203 1 006','4b','1459486503','2016-04-04 08:47:12',NULL,1),('1459734459','33','WAHJOE WIDODO,S,SOS,M.HUM','19651103 198512 1 001','3d','1459413235','2016-04-04 08:47:39',NULL,1),('1459734492','33','SITI NUR INTAN,SH','19610830 198510 2 001','3d','1459486503','2016-04-04 08:48:12',NULL,1),('1459734516','33','NURMA RIYANTI,SE','19620305 199011 2 001','3d','1459413235','2016-04-04 08:48:36',NULL,1),('1459734570','33','SUBANDRIYO,SH.M.HUM','19630219 198510 1 001','4a','1459486503','2016-04-04 08:49:30',NULL,1),('1459734627','33','RUSDIYONO,SE','19641217 198908 1 001','3d','1459486503','2016-04-04 08:50:27',NULL,1),('1459734645','33','HARTINI,SH','19690518 198903 2 004','3d','1459413235','2016-04-04 08:50:45',NULL,1),('1459734703','33','SINGGIH WAHONO,SE.MM','19660715 199001 1 002','3c','1459486503','2016-04-04 08:51:43',NULL,1),('1459734711','33','SUHADI ABDUL RAHMAN,SE','19620227 198510 1 001','3d','1459413235','2016-04-04 08:51:51',NULL,1),('1459734771','33','SRI UNTARI, S.SOS','19610904 198910 2 001','3d','1459413235','2016-04-04 08:52:51',NULL,1),('1459734849','33','SUHADI,SE','19621020 198503 1 007','3d','1459413235','2016-04-04 08:54:09',NULL,1),('1459734867','33','MACHFUDH AMIN,SE.MM','19680603 198903 1 016','3c','1459486503','2016-04-04 08:54:27',NULL,1),('1459734985','33','TATI HAMBARWATI,SH','19670827 198903 2 007','3d','1459413235','2016-04-04 08:56:25',NULL,1),('1459735040','33','SUTIKNO,S.SOS','19701017 198903 1 001','3c','1459413235','2016-04-04 08:57:20',NULL,1),('1459735106','33','SULAR,SH','19660217 198803 1 004','3b','1459413235','2016-04-04 08:58:26',NULL,1),('1459735179','33','NUNIK HARYANI,SH','19710423 200701 2 007','3b','1459413235','2016-04-04 08:59:39',NULL,1),('1459735208','33','HARTOPO,SH','19670820 198903 1 012','3c','1459486503','2016-04-04 09:00:08',NULL,1),('1459735253','33','SUTINO','19660125 200701 1 007','2c','1459413235','2016-04-04 09:00:53',NULL,1),('1459735305','33','DJONI HERU WIBOWO','19650928 199011 1 001','3b','1459486503','2016-04-04 09:01:45',NULL,1),('1459735370','33','BAGUS PRIAMBODO','19680311 200701 1 012','2c','1459486503','2016-04-04 09:02:50',NULL,1),('1459735446','33','TARMUJO','19641104 200701 1 006','2c','1459486503','2016-04-04 09:04:06',NULL,1),('1459735491','33','SUTARJO,SE','19660410 200701 1 018','2c','1459413235','2016-04-04 09:04:51',NULL,1),('1459735590','33','NANANG SRI HARDONO','19700129 201001 1 002','2b','1459413235','2016-04-04 09:06:30',NULL,1),('1459735619','33','SUNARTO','19660519 200701 1 009','2c','1459486503','2016-04-04 09:06:59',NULL,1),('1459735644','33','RACHMAT HIDAYAT','19741224 201001 1 004','2b','1459413235','2016-04-04 09:07:24',NULL,1),('1459735702','33','MULYADI','19720808 200901 1 006','2b','1459486503','2016-04-04 09:08:22',NULL,1),('1459735732','33','TEGUH SRI ROHMAT','19790516 201001 1 018','2b','1459413235','2016-04-04 09:08:52',NULL,1),('1459735766','33','ARIK SURYONO','19610105 198907 1 001','2a','1459486503','2016-04-04 09:09:26',NULL,1),('1459735796','33','JOKO SUNARYO','19800201 201001 1 007','2b','1459413235','2016-04-04 09:09:56',NULL,1),('1459735850','33','WAHYU FEBDIYANTO','19660201 200701 1 018','2a','1459486503','2016-04-04 09:10:50',NULL,1),('1459735901','33','SUKISTONO','19650919 200701 1 009','2a','1459413235','2016-04-04 09:11:41',NULL,1),('1459735979','33','KISDI','19620819 200701 0 004','2a','1459413235','2016-04-04 09:12:59',NULL,1),('1459736093','33','JOKO SUPRIYANTO','19641118 201001 1 001','1b','1459413235','2016-04-04 09:14:53',NULL,1),('1459736349','99','HERI KUSTANTO','','phl','1459413235','2016-04-04 09:19:09',NULL,1),('1459736380','99','TRI YUDIANTO','','phl','1459413235','2016-04-04 09:19:40',NULL,1),('1459736403','99','ADI YULIANTO WIBOWO','','phl','1459413235','2016-04-04 09:20:03',NULL,1),('1459736427','99','SUPARNO','','phl','1459413235','2016-04-04 09:20:27',NULL,1),('1459736460','99','TRIYATNO','','phl','1459413235','2016-04-04 09:21:00',NULL,1),('1459736485','99','DIMAS RANDI S','','phl','1459413235','2016-04-04 09:21:25',NULL,1),('1459736515','99','DWI MARTUTI SUSILOWATI','','phl','1459413235','2016-04-04 09:21:55',NULL,1),('1459736563','99','BAGUS LISTYO AJI','','phl','1459413235','2016-04-04 09:22:43',NULL,1),('1459736600','99','AGNES DYAH KUSUMASTUTI','','phl','1459413235','2016-04-04 09:23:20',NULL,1),('1459736627','99','RISKA SETIYA ASIH','','phl','1459413235','2016-04-04 09:23:47',NULL,1),('1459736651','99','PALUPI LIDIA DWI','','phl','1459413235','2016-04-04 09:24:11',NULL,1),('1459741869','33','DRS. MARDJUDI, M.PD.','19620810 198903 1 015','4b','1459137354','2016-04-04 10:51:09','2016-04-12 15:19:53',1),('1459742018','33','DHIANA LUKMAWATI, SH.,M.H.','19610305 198711 2 002','3d','1459137354','2016-04-04 10:53:38',NULL,1),('1459742112','33','AGUS BUDI SETYONO, S.H.','19630818 198503 1 010','3d','1459137354','2016-04-04 10:55:12',NULL,1),('1459742262','33','NOOR ROHMAH, S.H., M.M.','19651201 198603 2 013','3d','1459137354','2016-04-04 10:57:42',NULL,1),('1459742357','33','SUKIRNO, S.H.','19601201 198103 1 009','3c','1459137354','2016-04-04 10:59:17',NULL,1),('1459742447','33','SUPARWI, S.E.','19680414 198903 1 005','3c','1459137354','2016-04-04 11:00:47',NULL,1),('1459742552','33','SRI HARTINI, S.H., M.M.','19660422 198903 2 008','3d','1459137354','2016-04-04 11:02:32',NULL,1),('1459742647','33','M. ZAKKI IRFAN SUSATYA, S.E.','19810305 200604 1 009','3c','1459137354','2016-04-04 11:04:07',NULL,1),('1459742762','33','SOEGIYARTO','19600720 198508 1 001','2b','1459137354','2016-04-04 11:06:02',NULL,1),('1459742829','33','BYAR CAHYONO','19640819 198703 1 009','2b','1459137354','2016-04-04 11:07:09',NULL,1),('1459742888','33','SUPARNO','19580608 198503 1 014','3a','1459137354','2016-04-04 11:08:08',NULL,1),('1459742949','33','AGUS HARYADI','19671227 200801 1 006','2b','1459137354','2016-04-04 11:09:09',NULL,1),('1459743022','33','SUGENG MULYONO','19770614 201001 1 003','2b','1459137354','2016-04-04 11:10:22',NULL,1),('1459743078','99','ESTI WIJHAYANTI, S.E.','','phl','1459137354','2016-04-04 11:11:18',NULL,1),('1459743126','99','ANDREAS AGUNG CAHYONO','','phl','1459137354','2016-04-04 11:12:06',NULL,1),('1459743166','99','EDHY SANTOSO','','phl','1459137354','2016-04-04 11:12:46',NULL,1),('1459743194','99','ZAINUL ANWAR','','phl','1459137354','2016-04-04 11:13:14',NULL,1),('1459749518','33','ALIMIN SUPRAYITNO, SH, MSI','19670415 198903 1 013','4a','1459389051','2016-04-04 12:58:38',NULL,1),('1459749648','33','DRS. ISDJUWARTONO','19630113 199203 1 004','3d','1459389051','2016-04-04 13:00:48',NULL,1),('1459749707','33','HENDY KUSUMOHADI, SH','19580525 198206 1 004','3d','1459389051','2016-04-04 13:01:47',NULL,1),('1459749765','33','ADI YUNIARSO, SE','19630621 198703 1 007','3d','1459389051','2016-04-04 13:02:45',NULL,1),('1459749827','33','TONNY YULI SETYANTO, SE, M.SI','19690715 198903 1 004','3d','1459389051','2016-04-04 13:03:47',NULL,1),('1459749903','33','MUDJAEDI, SH','19620724 198508 1 003','3d','1459389051','2016-04-04 13:05:03',NULL,1),('1459749963','33','M. MASYKUR MASRIDHO, SE','19750618 200604 1 006','3c','1459389051','2016-04-04 13:06:03',NULL,1),('1459750001','33','MUSLIMIN, SH','19661128 199001 1 001','3b','1459389051','2016-04-04 13:06:41','2016-04-04 14:40:44',1),('1459750053','33','ATIK SURYANTI, SH','19700316 198903 2 003','3c','1459389051','2016-04-04 13:07:33',NULL,1),('1459750105','33','SUGITO, SH','19660201 198903 1 014','3b','1459389051','2016-04-04 13:08:25',NULL,1),('1459750158','33','MULYADI BUDI SANTOSO','19701212 200901 1 010','2b','1459389051','2016-04-04 13:09:18',NULL,1),('1459750208','33','WIDODO','19730405 200801 1 011','2b','1459389051','2016-04-04 13:10:08',NULL,1),('1459750245','33','UDIN','19810308 200901 1 006','2b','1459389051','2016-04-04 13:10:45',NULL,1),('1459750293','33','SUDIHARTO','19790420 201001 1 004','2b','1459389051','2016-04-04 13:11:33',NULL,1),('1459750341','33','BUDIYONO','19750718 200801 1 007','2b','1459389051','2016-04-04 13:12:21',NULL,1),('1459750374','33','SONAJI','19711229 200901 1 002','2b','1459389051','2016-04-04 13:12:54',NULL,1),('1459750413','33','IMAM FAOJI','19790801 200901 1 009','2a','1459389051','2016-04-04 13:13:33',NULL,1),('1459750457','33','ABDI IMAN ABDILLAH','19761024 200801 1 004','2a','1459389051','2016-04-04 13:14:17',NULL,1),('1459750505','33','GATOT SUDARMONO','19660425 200701 1 008','2a','1459389051','2016-04-04 13:15:05',NULL,1),('1459750540','99','UNTUNG SRIWIDODO','','phl','1459389051','2016-04-04 13:15:40',NULL,1),('1459750592','33','HARIS TRIONO, SSTP, MSI','19830824 200112 1 001','3c','1459389051','2016-04-04 13:16:32',NULL,1),('1459750641','33','TIARA RIZKALIA, S.IP','19880906 200701 2 001','3b','1459389051','2016-04-04 13:17:21',NULL,1),('1459750767','33','SUDARMAN,SH,MM','19650404 198503 1 006','4b','1459748694','2016-04-04 13:19:27',NULL,1),('1459750886','33','ERMA SURYANTI,S.SOS,MT','19690124 199009 2 001','4a','1459748694','2016-04-04 13:21:26',NULL,1),('1459751089','33','EDRUS NURPRIBADI,S.SOS,MM','19630514 198510 1 001','3d','1459748694','2016-04-04 13:24:49','2016-04-04 13:27:34',1),('1459751144','33','TURMUDI ,SH,M.SI','19650604 198809 1 001','3d','1459748694','2016-04-04 13:25:44',NULL,1),('1459751204','33','BAMBANG YULIANTO','19580707 197903 1 003','3d','1459748694','2016-04-04 13:26:44',NULL,1),('1459751486','33','MIKE PUSPITA RAHAYU, SH. MM.','19670912 199603 2 003','3d','1459748694','2016-04-04 13:31:26',NULL,1),('1459751520','33','NIKEN DAMAYANTI,SE,M.SI','19640819 199103 2 007','3d','1459748694','2016-04-04 13:32:00',NULL,1),('1459751544','33','TUTI RAHAYU, SE.MH.','19630810 199203 2 004','3c','1459748694','2016-04-04 13:32:24',NULL,1),('1459751733','33','PARMO, SE','19610227 198503 1 007','3c','1459748694','2016-04-04 13:35:33',NULL,1),('1459751770','33','SRI GUNAWAN, SE','19651014 198610 1 004','3b','1459748694','2016-04-04 13:36:10',NULL,1),('1459751807','33','TYAS ANGGRAINI .A,S.I.KOM.','19870819 201101 2 017','3b','1459748694','2016-04-04 13:36:47',NULL,1),('1459751926','33','GHITA PUSPITA SARI,SSTP','19870916 200602 2 001','3b','1459748694','2016-04-04 13:38:46',NULL,1),('1459751968','33','SLAMET HARRY SUKANTO','19600715 200604 1 006','2c','1459748694','2016-04-04 13:39:28',NULL,1),('1459752019','33','GATOT SANTOSA','19690501 200701 1 028','2c','1459748694','2016-04-04 13:40:19',NULL,1),('1459752095','33','SRI HANANTO','19670523 200701 1 006','1a','1459748694','2016-04-04 13:41:35',NULL,1),('1459752138','33','MUHAMAD MARUB','19680714 200701 1 001','2c','1459748694','2016-04-04 13:42:18',NULL,1),('1459752193','33','TRI PURWANTO','19751119 200701 1 006','2c','1459748694','2016-04-04 13:43:13',NULL,1),('1459752221','33','YUNING SETYOWATI','19741228 200701 2 010','2c','1459748694','2016-04-04 13:43:41',NULL,1),('1459752280','33','TRIWIYONO YULIANTO','19740713 200701 1 007','2c','1459748694','2016-04-04 13:44:40',NULL,1),('1459752304','33','ICHSAN WIDODO','19740428 200701 1 005','2c','1459748694','2016-04-04 13:45:04',NULL,1),('1459752345','33','BUDIANTO','19620711 301001 1 004','2c','1459748694','2016-04-04 13:45:45',NULL,1),('1459752389','33','YUNI RIYANTO','19720704 200801 1 009','2b','1459748694','2016-04-04 13:46:29','2016-04-04 13:47:52',1),('1459752412','33','WARDOYO','19680702 200801 1 005','2b','1459748694','2016-04-04 13:46:52','2016-04-04 13:47:14',1),('1459752511','33','JOKO RIYANTO','19770410 200901 1 007','2b','1459748694','2016-04-04 13:48:31',NULL,1),('1459752541','33','MUJAHID','19720711 201001 1 003','2b','1459748694','2016-04-04 13:49:01',NULL,1),('1459752569','33','INDRIAN SURYADI','19730224 201001 1 004','2b','1459748694','2016-04-04 13:49:29',NULL,1),('1459752600','33','R .SUGENG HARIADI','19600325 200604 1 016','1a','1459748694','2016-04-04 13:50:00',NULL,1),('1459752663','99','DWI PURWANTO, SE','','phl','1459748694','2016-04-04 13:51:03','2016-04-13 12:21:31',1),('1459752705','99','ANTONIUS WIDI ARSENO','','phl','1459748694','2016-04-04 13:51:45','2016-04-14 10:06:11',1),('1459752727','99','ANINTIANING TYAS NOVIANTI','','phl','1459748694','2016-04-04 13:52:07','2016-04-13 12:15:34',1),('1459752846','33','AGUSTIN RW,SH','19710828 200701 2 008','1a','1459748694','2016-04-04 13:54:06',NULL,1),('1459755468','33','BUDIYATI','19701120 200801 2 015','2c','1459748694','2016-04-04 14:37:48','2016-04-04 15:21:43',1),('1459755527','33','EDY SANTOSA','19680328 200701 1 013','2c','1459748694','2016-04-04 14:38:47','2016-04-04 15:15:13',1),('1459755564','33','ENDANG PARIASIH','19770201 200801 2 009','2c','1459748694','2016-04-04 14:39:24','2016-04-04 15:19:13',1),('1459755602','33','GUNTUR SUYADI','19601209 201212 1 001','2b','1459748694','2016-04-04 14:40:02',NULL,1),('1459756006','33','SARTINAH HARTINI','19670710 200701 0 022','1c','1459748694','2016-04-04 14:46:46','2016-04-04 15:16:57',1),('1459756032','33','SUHARTONO','19660706 200701 2 023','2c','1459748694','2016-04-04 14:47:12','2016-04-04 15:15:47',1),('1459756087','33','KHOIRUL SOLEH, SS','19680722 200801 1 004','3c','1459748694','2016-04-04 14:48:07','2016-04-04 15:21:15',1),('1459756113','33','JOKO MARYANTO','19700720 200280 1 005','2c','1459748694','2016-04-04 14:48:33','2016-04-04 15:24:01',1),('1459756139','33','MEIRIAN EDI KUNCORO','19640501 200801 1 002','2c','1459748694','2016-04-04 14:48:59','2016-04-04 15:23:10',1),('1459756164','33','LANJAR D','19631212 200801 1 012','1c','1459748694','2016-04-04 14:49:24','2016-04-04 15:25:06',1),('1459756195','33','LANJAR M','19680515 200901 1 005','2b','1459748694','2016-04-04 14:49:55',NULL,1),('1459756224','33','MUJER, S.PD','19620906 200701 1 003','3c','1459748694','2016-04-04 14:50:24','2016-04-04 15:20:45',1),('1459756247','33','MULATMI','19660622 200701 2 006','2a','1459748694','2016-04-04 14:50:47','2016-04-04 15:28:17',1),('1459756272','33','PAIMAN','19680424 200801 1 007','2a','1459748694','2016-04-04 14:51:12','2016-04-04 15:27:06',1),('1459756295','33','SUPARDI','19711110 200801 1 024','1c','1459748694','2016-04-04 14:51:35','2016-04-04 15:17:36',1),('1459756321','33','SUPRAPTO','19680710 200701 1 018','2a','1459748694','2016-04-04 14:52:01','2016-04-04 15:14:42',1),('1459756342','33','SARMINI','19640403 200701 2 009','1c','1459748694','2016-04-04 14:52:22','2016-04-04 15:18:03',1),('1459756367','33','SUHARDI','19660616 200701 1 024','2c','1459748694','2016-04-04 14:52:47','2016-04-04 15:20:01',1),('1459756396','33','SURYANTO','19771218 200901 1 007','2b','1459748694','2016-04-04 14:53:16',NULL,1),('1459756419','33','SUYATNO','19651213 200701 1 005','2c','1459748694','2016-04-04 14:53:39','2016-04-04 15:22:12',1),('1459756441','33','TRIYANTO','19610226 200701 1 001','2b','1459748694','2016-04-04 14:54:01',NULL,1),('1459756465','33','TUKIMIN','19690510 200801 1 013','2b','1459748694','2016-04-04 14:54:25',NULL,1),('1459756494','33','SUGENG','19670708 200801 1 007','2a','1459748694','2016-04-04 14:54:54','2016-04-04 15:26:22',1),('1459756530','99','SRI SUGITO','','phl','1459748694','2016-04-04 14:55:30','2016-04-13 12:16:45',1),('1459756554','99','LANJAR','','phl','1459748694','2016-04-04 14:55:54','2016-04-13 12:18:13',1),('1459756570','99','SURTINI','','phl','1459748694','2016-04-04 14:56:10','2016-04-13 12:18:46',1),('1459756589','99','PARTINI','','phl','1459748694','2016-04-04 14:56:29','2016-04-13 12:17:25',1),('1459756624','99','SUHARTONO','','phl','1459748694','2016-04-04 14:57:04','2016-04-13 12:20:00',1),('1459759963','33','SUHARTONO, SE','19580114 198503 1 007','3d','1459748694','2016-04-04 15:52:43',NULL,1),('1459833149','33','ECKY OTAVIAN WIJAYANTO','19831023 200604 1 005','3b','1459297654','2016-04-05 12:12:29',NULL,1),('1459910546','33','DRS LILIK HENRY RISTANTO, MSI','19770914 199602 1 001','4a','1459297654','2016-04-06 09:42:26',NULL,1),('1459916886','99','YUSUF SAPTA NUGROHO','','phl','1459297654','2016-04-06 11:28:06',NULL,1),('1459924654','99','TRI ARIADI','','phl','1459151511','2016-04-06 13:37:34',NULL,1),('1460338815','99','ALFIYAN SYAMSUDIN','','phl','1459138103','2016-04-11 08:40:15',NULL,1),('1460446309','33','HENDRI SANTOSA, SE, AK, MSI, CA','19611226 198303 1 001','4d','1458608926','2016-04-12 14:31:49',NULL,1),('1460451933','99','BASUKI','','pk','1458608926','2016-04-12 16:05:33',NULL,1),('1460451960','99','DODY HARYANTO','','pk','1458608926','2016-04-12 16:06:00',NULL,1),('1460451990','99','BEJO SUSILO','','pk','1458608926','2016-04-12 16:06:30',NULL,1),('1460508572','33','PENNY MULYANINGRUM','19800629 200903 2 002','3b','1458608926','2016-04-13 07:49:32',NULL,1),('1460515026','99','B. POMPI PURBOYO SUSENO','','phl','1458608926','2016-04-13 09:37:06',NULL,1),('1460560251','99','SLAMET HARDADI','','phl','1459322702','2016-04-13 22:10:51',NULL,1),('1460596943','99','MOH.KUSARIYANTO','','phl','1459136279','2016-04-14 08:22:23',NULL,1),('1460597011','33','SURADI, SE','19620614 198908 1 001','3c','1459065417','2016-04-14 08:23:31',NULL,1),('1460597299','33','RUSLAN','19641108 201001 1 001','1d','1459065417','2016-04-14 08:28:19',NULL,1),('1460607009','99','WAGIYO','','phl','1458608926','2016-04-14 11:10:09',NULL,1),('1460607140','33','JOY PRAJA','19920210 201406 1 002','3a','1458608926','2016-04-14 11:12:20',NULL,1),('1460621766','33','ACHMAD ALI','19780413 200801 1 005','2c','1458608926','2016-04-14 15:16:06',NULL,1),('1460621816','99','SUDARSONO','','phl','1458608926','2016-04-14 15:16:56',NULL,1),('1460621946','99','HERI SETIAWAN, SE','','phl','1458608926','2016-04-14 15:19:06',NULL,1),('1460623605','99','ARI SUMARTONO','','phl','1458608926','2016-04-14 15:46:45',NULL,1),('1460623820','99','SHONZIDI','','phl','1458608926','2016-04-14 15:50:20',NULL,1),('1461026258','33','DRA. YANI INDRIYANI, MM','19600301 199203 2 001','4a','1459136367','2016-04-19 07:37:38',NULL,1),('1461026569','33','DRA. PUJI ASTUTI, M.SI','19600914 199009 2 001','4b','1459136367','2016-04-19 07:42:49',NULL,1),('1461026682','33','ATMA PRIJA PANTJA, SH, MM','19650806 199403 1 006','4a','1459136367','2016-04-19 07:44:42',NULL,1),('1461026812','33','SRI LISTYANINGSIH, SH, MM','19640328 199703 2 002','4a','1459136367','2016-04-19 07:46:52',NULL,1),('1461026890','33','DJOKO HARJONO, SIP, MM','19610704 198202 1 006','4a','1459136367','2016-04-19 07:48:10','2016-04-19 09:43:57',1),('1461026956','33','SITI SOPIATUN, SH, MH','19631125 199203 2 005','4a','1459136367','2016-04-19 07:49:16',NULL,1),('1461027028','33','SARYATI, SE','19590714 198103 2 007','3d','1459136367','2016-04-19 07:50:28',NULL,1),('1461027178','33','SITI AMIRAH, SE','19601116 198302 2 002','3d','1459136367','2016-04-19 07:52:58',NULL,1),('1461027270','33','DIAH RESTU K, SE','19591226 198508 2 000','3d','1459136367','2016-04-19 07:54:30',NULL,1),('1461027324','33','EDI WIDIYANTO, SE','19641217 198510 1 001','3d','1459136367','2016-04-19 07:55:24',NULL,1),('1461027475','33','SOFIA NURWAHYUNI, SE','19690618 199303 2 004','3c','1459136367','2016-04-19 07:57:55',NULL,1),('1461027533','33','SUKAPNO, S.SOS','19670803 199303 1 009','3b','1459136367','2016-04-19 07:58:53',NULL,1),('1461027584','33','AGUNG NUGROHO H','19630828 199503 1 002','3b','1459136367','2016-04-19 07:59:44','2016-04-20 12:29:07',1),('1461027632','33','SUDIBYO','19600803 198509 1 001','3a','1459136367','2016-04-19 08:00:32',NULL,1),('1461027689','33','SETIYOWATI, SE','19691018 200701 2 000','3a','1459136367','2016-04-19 08:01:29',NULL,1),('1461027802','33','ZAENAL ABIDIN','19581016 199001 1 001','2d','1459136367','2016-04-19 08:03:22',NULL,1),('1461027843','33','JUMADI','19631111 198509 1 001','2d','1459136367','2016-04-19 08:04:03',NULL,1),('1461027889','33','DJATMIKO','19590126 198509 1 001','2d','1459136367','2016-04-19 08:04:49',NULL,1),('1461027949','33','NENY TRIANA, AMD','19790127 201101 2 002','2d','1459136367','2016-04-19 08:05:49',NULL,1),('1461027995','33','SUMALI','19720720 200901 1 007','2b','1459136367','2016-04-19 08:06:35',NULL,1),('1461028039','33','AGUS SLAMET BUDIONO','19750813 200901 1 001','2b','1459136367','2016-04-19 08:07:19','2016-04-19 09:36:23',1),('1461028100','33','BAMBANG EKO S','19750725 200901 1 009','2b','1459136367','2016-04-19 08:08:20',NULL,1),('1461028158','33','SUGENG','19590110 199103 1 005','2a','1459136367','2016-04-19 08:09:18',NULL,1),('1461028202','33','WIDADA','19620817 198512 1 000','2a','1459136367','2016-04-19 08:10:02',NULL,1),('1461028247','33','BUDI UTOMO','19800426 200901 1 000','1d','1459136367','2016-04-19 08:10:47',NULL,1),('1461028320','99','ODAS BAMBANG','','phl','1459136367','2016-04-19 08:12:00',NULL,1),('1461028372','99','INDAH WIDIASTUTI, SH','','phl','1459136367','2016-04-19 08:12:52',NULL,1),('1461028407','99','TRIASTUTI, SE','','phl','1459136367','2016-04-19 08:13:27',NULL,1),('1461028438','99','DEWI RETNO W, SH','','phl','1459136367','2016-04-19 08:13:58',NULL,1),('1461028481','99','ISMALIA ANJARSARI, S.PD','','phl','1459136367','2016-04-19 08:14:41',NULL,1),('1461028512','99','MARCHELINA ERNAWATI, SE','','phl','1459136367','2016-04-19 08:15:12',NULL,1),('1461028540','99','IWHAN ISKANDAR, SE','','phl','1459136367','2016-04-19 08:15:40',NULL,1),('1461028565','99','YUSTISIA PUTRI, SH','','phl','1459136367','2016-04-19 08:16:05',NULL,1),('1461028589','99','FIFI SUSANTI','','phl','1459136367','2016-04-19 08:16:29',NULL,1),('1461028617','99','EDY DJOKO DARMAWAN, AMD','','phl','1459136367','2016-04-19 08:16:57',NULL,1),('1461028648','99','SUPARNO','','phl','1459136367','2016-04-19 08:17:28',NULL,1),('1461028682','99','ADI SUNDORO','','phl','1459136367','2016-04-19 08:18:02','2016-04-26 08:49:12',1),('1461029670','33','SUNARTO, SE','19580218 198503 1 000','3d','1459136367','2016-04-19 08:34:30',NULL,1);

/*Table structure for table `t_pegawai_backup` */

DROP TABLE IF EXISTS `t_pegawai_backup`;

CREATE TABLE `t_pegawai_backup` (
  `id_pegawai` char(15) NOT NULL,
  `id_sts_pegawai` char(3) NOT NULL,
  `nama_pegawai` char(100) NOT NULL,
  `nip` char(25) DEFAULT NULL,
  `id_pangkat` char(15) NOT NULL,
  `id_jabatan` char(15) NOT NULL,
  `id_user` char(15) NOT NULL,
  `history_buat` datetime DEFAULT NULL,
  `history_update` datetime DEFAULT NULL,
  `aktif` tinyint(1) NOT NULL DEFAULT '1',
  PRIMARY KEY (`id_pegawai`),
  KEY `id_sts_pegawai` (`id_sts_pegawai`),
  KEY `id_pangkat` (`id_pangkat`),
  KEY `id_jabatan` (`id_jabatan`),
  KEY `id_user` (`id_user`)
) ENGINE=InnoDB DEFAULT CHARSET=latin1;

/*Data for the table `t_pegawai_backup` */

/*Table structure for table `t_penyetor_pbbkb` */

DROP TABLE IF EXISTS `t_penyetor_pbbkb`;

CREATE TABLE `t_penyetor_pbbkb` (
  `id_lokasi_pbbkb` char(15) NOT NULL,
  `no_spbu` char(25) NOT NULL,
  `nama_spbu` char(50) NOT NULL,
  `alamat_spbu` char(100) NOT NULL,
  `id_lokasi` char(5) NOT NULL,
  `id_kecamatan` char(15) NOT NULL,
  `telp` char(25) NOT NULL,
  `aktif` tinyint(1) NOT NULL DEFAULT '1',
  `create_by` char(15) NOT NULL,
  `last_update` datetime NOT NULL,
  PRIMARY KEY (`id_lokasi_pbbkb`),
  KEY `id_kecamatan` (`id_kecamatan`),
  KEY `id_lokasi` (`id_lokasi`),
  KEY `nama_spbu` (`nama_spbu`),
  KEY `alamat_spbu` (`alamat_spbu`),
  KEY `nama_spbu_2` (`nama_spbu`,`alamat_spbu`),
  KEY `nama_spbu_3` (`nama_spbu`,`alamat_spbu`,`id_lokasi`),
  KEY `nama_spbu_4` (`nama_spbu`,`alamat_spbu`,`id_lokasi`,`id_kecamatan`),
  KEY `id_lokasi_2` (`id_lokasi`,`id_kecamatan`),
  CONSTRAINT `t_penyetor_pbbkb_ibfk_1` FOREIGN KEY (`id_kecamatan`) REFERENCES `t_kecamatan` (`id_kecamatan`) ON DELETE CASCADE ON UPDATE CASCADE
) ENGINE=InnoDB DEFAULT CHARSET=latin1;

/*Data for the table `t_penyetor_pbbkb` */

insert  into `t_penyetor_pbbkb`(`id_lokasi_pbbkb`,`no_spbu`,`nama_spbu`,`alamat_spbu`,`id_lokasi`,`id_kecamatan`,`telp`,`aktif`,`create_by`,`last_update`) values ('1462693760','44.511.05','SPBU Medono','alamat spbu medono','0501','1462673620','024',1,'1458608926','2016-05-09 07:27:28'),('1462809793','44.511.06','SPBU MANGKANG','mangkang','0503','1462669025','-',1,'1458608926','2016-05-09 23:03:13');

/*Table structure for table `t_pungut_pd` */

DROP TABLE IF EXISTS `t_pungut_pd`;

CREATE TABLE `t_pungut_pd` (
  `id_pungut_pd` char(15) NOT NULL,
  `id_lokasi` char(15) NOT NULL,
  `id_anggaran` char(15) NOT NULL,
  `id_bulan` char(15) NOT NULL,
  `id_rek_pd` char(15) NOT NULL,
  `jumlah` int(11) NOT NULL DEFAULT '0',
  `id_user` char(15) NOT NULL,
  `last_update` datetime NOT NULL,
  PRIMARY KEY (`id_pungut_pd`),
  KEY `id_anggaran` (`id_anggaran`),
  KEY `id_user` (`id_user`),
  KEY `id_rek_pd` (`id_rek_pd`),
  KEY `id_bulan` (`id_bulan`),
  CONSTRAINT `t_pungut_pd_ibfk_1` FOREIGN KEY (`id_anggaran`) REFERENCES `t_th_anggaran` (`id_anggaran`) ON DELETE CASCADE ON UPDATE CASCADE,
  CONSTRAINT `t_pungut_pd_ibfk_3` FOREIGN KEY (`id_user`) REFERENCES `t_users` (`id_user`) ON DELETE CASCADE ON UPDATE CASCADE,
  CONSTRAINT `t_pungut_pd_ibfk_4` FOREIGN KEY (`id_rek_pd`) REFERENCES `t_rek_pd` (`id_rek_pd`) ON DELETE CASCADE ON UPDATE CASCADE,
  CONSTRAINT `t_pungut_pd_ibfk_5` FOREIGN KEY (`id_bulan`) REFERENCES `t_bulan` (`id_bulan`) ON DELETE CASCADE ON UPDATE CASCADE
) ENGINE=InnoDB DEFAULT CHARSET=latin1;

/*Data for the table `t_pungut_pd` */

insert  into `t_pungut_pd`(`id_pungut_pd`,`id_lokasi`,`id_anggaran`,`id_bulan`,`id_rek_pd`,`jumlah`,`id_user`,`last_update`) values ('14593217000','0505','1458627189','2','011',20149,'1459136436','2016-03-30 14:08:20'),('14593217001','0505','1458627189','2','021',2526,'1459136436','2016-03-30 14:08:20'),('14593217002','0505','1458627189','2','022',624,'1459136436','2016-03-30 14:08:20'),('14593217003','0505','1458627189','2','03',0,'1459136436','2016-03-30 14:08:20'),('14593217004','0505','1458627189','2','04',64,'1459136436','2016-03-30 14:08:20'),('14593862870','0513','1458627189','1','011',26646,'1459134128','2016-03-31 08:04:47'),('14593862871','0513','1458627189','1','012',631,'1459134128','2016-03-31 08:04:47'),('14593862872','0513','1458627189','1','021',2698,'1459134128','2016-03-31 08:04:47'),('14593862873','0513','1458627189','1','022',848,'1459134128','2016-03-31 08:04:47'),('14593862874','0513','1458627189','1','03',21,'1459134128','2016-03-31 08:04:47'),('14593862875','0513','1458627189','1','04',2,'1459134128','2016-03-31 08:04:47'),('14593863720','0513','1458627189','2','011',23230,'1459134128','2016-03-31 08:06:12'),('14593863721','0513','1458627189','2','012',651,'1459134128','2016-03-31 08:06:12'),('14593863722','0513','1458627189','2','021',2237,'1459134128','2016-03-31 08:06:12'),('14593863723','0513','1458627189','2','022',800,'1459134128','2016-03-31 08:06:12'),('14593863724','0513','1458627189','2','03',24,'1459134128','2016-03-31 08:06:12'),('14593863725','0513','1458627189','2','04',2,'1459134128','2016-03-31 08:06:12'),('14594121710','05','1458627189','2','03',20,'1459297654','2016-03-31 15:16:11'),('14594121860','05','1458627189','3','03',20,'1459297654','2016-03-31 15:16:26'),('14594184640','0512','1458627189','2','011',16895,'1459240332','2016-03-31 17:01:04'),('14594184641','0512','1458627189','2','012',2121,'1459240332','2016-03-31 17:01:04'),('14594184642','0512','1458627189','2','021',1474,'1459240332','2016-03-31 17:01:04'),('14594184643','0512','1458627189','2','022',645,'1459240332','2016-03-31 17:01:04'),('14594184644','0512','1458627189','2','03',15,'1459240332','2016-03-31 17:01:04'),('14594184645','0512','1458627189','2','04',16,'1459240332','2016-03-31 17:01:04'),('14594185430','0512','1458627189','3','011',19826,'1459240332','2016-03-31 17:02:23'),('14594185431','0512','1458627189','3','012',1676,'1459240332','2016-03-31 17:02:23'),('14594185432','0512','1458627189','3','021',2877,'1459240332','2016-03-31 17:02:23'),('14594185433','0512','1458627189','3','022',647,'1459240332','2016-03-31 17:02:23'),('14594185434','0512','1458627189','3','03',15,'1459240332','2016-03-31 17:02:23'),('14594185435','0512','1458627189','3','04',16,'1459240332','2016-03-31 17:02:23'),('14594240000','0513','1458627189','3','011',27108,'1459134128','2016-03-31 18:33:20'),('14594240001','0513','1458627189','3','012',755,'1459134128','2016-03-31 18:33:20'),('14594240002','0513','1458627189','3','021',2214,'1459134128','2016-03-31 18:33:20'),('14594240003','0513','1458627189','3','022',758,'1459134128','2016-03-31 18:33:20'),('14594240004','0513','1458627189','3','03',24,'1459134128','2016-03-31 18:33:20'),('14594240005','0513','1458627189','3','04',2,'1459134128','2016-03-31 18:33:20'),('14594725340','0537','1458627189','1','011',14151,'1459133423','2016-04-01 08:02:14'),('14594725341','0537','1458627189','1','012',223,'1459133423','2016-04-01 08:02:14'),('14594725342','0537','1458627189','1','021',1240,'1459133423','2016-04-01 08:02:14'),('14594725343','0537','1458627189','1','022',998,'1459133423','2016-04-01 08:02:14'),('14594725344','0537','1458627189','1','03',9,'1459133423','2016-04-01 08:02:14'),('14594725345','0537','1458627189','1','04',23,'1459133423','2016-04-01 08:02:14'),('14594730230','0537','1458627189','2','011',12090,'1459133423','2016-04-01 08:10:23'),('14594730231','0537','1458627189','2','012',107,'1459133423','2016-04-01 08:10:23'),('14594730232','0537','1458627189','2','021',775,'1459133423','2016-04-01 08:10:23'),('14594730233','0537','1458627189','2','022',915,'1459133423','2016-04-01 08:10:23'),('14594730234','0537','1458627189','2','03',9,'1459133423','2016-04-01 08:10:23'),('14594730235','0537','1458627189','2','04',26,'1459133423','2016-04-01 08:10:23'),('14594734540','0537','1458627189','3','011',13373,'1459133423','2016-04-01 08:17:34'),('14594734541','0537','1458627189','3','012',241,'1459133423','2016-04-01 08:17:34'),('14594734542','0537','1458627189','3','021',1450,'1459133423','2016-04-01 08:17:34'),('14594734543','0537','1458627189','3','022',796,'1459133423','2016-04-01 08:17:34'),('14594734544','0537','1458627189','3','03',9,'1459133423','2016-04-01 08:17:34'),('14594734545','0537','1458627189','3','04',24,'1459133423','2016-04-01 08:17:34'),('14594761130','0511','1458627189','1','011',34867,'1459152424','2016-04-01 09:01:53'),('14594761131','0511','1458627189','1','012',4199,'1459152424','2016-04-01 09:01:53'),('14594761132','0511','1458627189','1','021',3970,'1459152424','2016-04-01 09:01:53'),('14594761133','0511','1458627189','1','022',1543,'1459152424','2016-04-01 09:01:53'),('14594761134','0511','1458627189','1','03',27,'1459152424','2016-04-01 09:01:53'),('14594761135','0511','1458627189','1','04',10,'1459152424','2016-04-01 09:01:53'),('14594761530','0511','1458627189','2','011',29884,'1459152424','2016-04-01 09:02:33'),('14594761531','0511','1458627189','2','012',3589,'1459152424','2016-04-01 09:02:33'),('14594761532','0511','1458627189','2','021',2990,'1459152424','2016-04-01 09:02:33'),('14594761533','0511','1458627189','2','022',1384,'1459152424','2016-04-01 09:02:33'),('14594761534','0511','1458627189','2','03',27,'1459152424','2016-04-01 09:02:33'),('14594761535','0511','1458627189','2','04',10,'1459152424','2016-04-01 09:02:33'),('14596788010','0505','1458627189','3','011',23844,'1459136436','2016-04-03 17:20:01'),('14596788011','0505','1458627189','3','012',3942,'1459136436','2016-04-03 17:20:01'),('14596788012','0505','1458627189','3','021',2548,'1459136436','2016-04-03 17:20:01'),('14596788013','0505','1458627189','3','022',632,'1459136436','2016-04-03 17:20:01'),('14596788014','0505','1458627189','3','03',0,'1459136436','2016-04-03 17:20:01'),('14596788015','0505','1458627189','3','04',50,'1459136436','2016-04-03 17:20:01'),('14597410820','0511','1458627189','3','011',31188,'1459152424','2016-04-04 10:38:02'),('14597410821','0511','1458627189','3','012',3963,'1459152424','2016-04-04 10:38:02'),('14597410822','0511','1458627189','3','021',3247,'1459152424','2016-04-04 10:38:02'),('14597410823','0511','1458627189','3','022',1478,'1459152424','2016-04-04 10:38:02'),('14597410824','0511','1458627189','3','03',27,'1459152424','2016-04-04 10:38:02'),('14597410825','0511','1458627189','3','04',10,'1459152424','2016-04-04 10:38:02'),('14597572970','0527','1458627189','2','011',25322,'1459389051','2016-04-04 15:08:17'),('14597572971','0527','1458627189','2','012',2373,'1459389051','2016-04-04 15:08:17'),('14597572972','0527','1458627189','2','021',3253,'1459389051','2016-04-04 15:08:17'),('14597572973','0527','1458627189','2','022',609,'1459389051','2016-04-04 15:08:17'),('14597572974','0527','1458627189','2','03',28,'1459389051','2016-04-04 15:08:17'),('14597572975','0527','1458627189','2','04',2,'1459389051','2016-04-04 15:08:17'),('14597573370','0527','1458627189','1','011',29703,'1459389051','2016-04-04 15:08:57'),('14597573371','0527','1458627189','1','012',2796,'1459389051','2016-04-04 15:08:57'),('14597573372','0527','1458627189','1','021',4982,'1459389051','2016-04-04 15:08:57'),('14597573373','0527','1458627189','1','022',704,'1459389051','2016-04-04 15:08:57'),('14597573374','0527','1458627189','1','03',28,'1459389051','2016-04-04 15:08:57'),('14597573375','0527','1458627189','1','04',2,'1459389051','2016-04-04 15:08:57'),('14597579740','0527','1458627189','3','011',26902,'1459389051','2016-04-04 15:19:34'),('14597579741','0527','1458627189','3','012',3208,'1459389051','2016-04-04 15:19:34'),('14597579742','0527','1458627189','3','021',3072,'1459389051','2016-04-04 15:19:34'),('14597579743','0527','1458627189','3','022',608,'1459389051','2016-04-04 15:19:34'),('14597579744','0527','1458627189','3','03',28,'1459389051','2016-04-04 15:19:34'),('14597579745','0527','1458627189','3','04',2,'1459389051','2016-04-04 15:19:34'),('14598235360','0529','1458627189','1','011',34683,'1459151511','2016-04-05 09:32:16'),('14598235361','0529','1458627189','1','012',1138,'1459151511','2016-04-05 09:32:16'),('14598235362','0529','1458627189','1','021',3242,'1459151511','2016-04-05 09:32:16'),('14598235363','0529','1458627189','1','022',1298,'1459151511','2016-04-05 09:32:16'),('14598235364','0529','1458627189','1','03',22,'1459151511','2016-04-05 09:32:16'),('14598235365','0529','1458627189','1','04',17,'1459151511','2016-04-05 09:32:16'),('14598235850','0529','1458627189','2','011',30978,'1459151511','2016-04-05 09:33:05'),('14598235851','0529','1458627189','2','012',936,'1459151511','2016-04-05 09:33:05'),('14598235852','0529','1458627189','2','021',3619,'1459151511','2016-04-05 09:33:05'),('14598235853','0529','1458627189','2','022',1075,'1459151511','2016-04-05 09:33:05'),('14598235854','0529','1458627189','2','03',22,'1459151511','2016-04-05 09:33:05'),('14598235855','0529','1458627189','2','04',3,'1459151511','2016-04-05 09:33:05'),('14598236300','0529','1458627189','3','011',32650,'1459151511','2016-04-05 09:33:50'),('14598236301','0529','1458627189','3','012',1003,'1459151511','2016-04-05 09:33:50'),('14598236302','0529','1458627189','3','021',3258,'1459151511','2016-04-05 09:33:50'),('14598236303','0529','1458627189','3','022',1255,'1459151511','2016-04-05 09:33:50'),('14598236304','0529','1458627189','3','03',22,'1459151511','2016-04-05 09:33:50'),('14598236305','0529','1458627189','3','04',16,'1459151511','2016-04-05 09:33:50'),('14599036740','0504','1458627189','2','011',5997,'1459133843','2016-04-06 07:47:54'),('14599036741','0504','1458627189','2','012',4011,'1459133843','2016-04-06 07:47:54'),('14599036742','0504','1458627189','2','021',589,'1459133843','2016-04-06 07:47:54'),('14599036743','0504','1458627189','2','022',192,'1459133843','2016-04-06 07:47:54'),('14599036744','0504','1458627189','2','03',8,'1459133843','2016-04-06 07:47:54'),('14599036745','0504','1458627189','2','04',5,'1459133843','2016-04-06 07:47:54'),('14599037910','0504','1458627189','3','011',6296,'1459133843','2016-04-06 07:49:51'),('14599037911','0504','1458627189','3','012',4399,'1459133843','2016-04-06 07:49:51'),('14599037912','0504','1458627189','3','021',540,'1459133843','2016-04-06 07:49:51'),('14599037913','0504','1458627189','3','022',187,'1459133843','2016-04-06 07:49:51'),('14599037914','0504','1458627189','3','03',8,'1459133843','2016-04-06 07:49:51'),('14599037915','0504','1458627189','3','04',5,'1459133843','2016-04-06 07:49:51'),('14600845690','0523','1458627189','1','011',11309,'1459150457','2016-04-08 10:02:49'),('14600845691','0523','1458627189','1','012',2065,'1459150457','2016-04-08 10:02:49'),('14600845692','0523','1458627189','1','021',1688,'1459150457','2016-04-08 10:02:49'),('14600845693','0523','1458627189','1','022',247,'1459150457','2016-04-08 10:02:49'),('14600845694','0523','1458627189','1','03',13,'1459150457','2016-04-08 10:02:49'),('14600845695','0523','1458627189','1','04',2,'1459150457','2016-04-08 10:02:49'),('14600845930','0523','1458627189','2','011',10774,'1459150457','2016-04-08 10:03:13'),('14600845931','0523','1458627189','2','012',3916,'1459150457','2016-04-08 10:03:13'),('14600845932','0523','1458627189','2','021',3420,'1459150457','2016-04-08 10:03:13'),('14600845933','0523','1458627189','2','022',477,'1459150457','2016-04-08 10:03:13'),('14600845934','0523','1458627189','2','03',13,'1459150457','2016-04-08 10:03:13'),('14600845935','0523','1458627189','2','04',2,'1459150457','2016-04-08 10:03:13'),('14603367920','0535','1458627189','1','011',22878,'1459130999','2016-04-11 08:06:32'),('14603367921','0535','1458627189','1','012',472,'1459130999','2016-04-11 08:06:32'),('14603367922','0535','1458627189','1','021',1806,'1459130999','2016-04-11 08:06:32'),('14603367923','0535','1458627189','1','022',1644,'1459130999','2016-04-11 08:06:32'),('14603367924','0535','1458627189','1','03',13,'1459130999','2016-04-11 08:06:32'),('14603367925','0535','1458627189','1','04',6,'1459130999','2016-04-11 08:06:32'),('14603368300','0535','1458627189','2','011',20858,'1459130999','2016-04-11 08:07:10'),('14603368301','0535','1458627189','2','012',459,'1459130999','2016-04-11 08:07:10'),('14603368302','0535','1458627189','2','021',1988,'1459130999','2016-04-11 08:07:10'),('14603368303','0535','1458627189','2','022',1401,'1459130999','2016-04-11 08:07:10'),('14603368304','0535','1458627189','2','03',13,'1459130999','2016-04-11 08:07:10'),('14603368305','0535','1458627189','2','04',6,'1459130999','2016-04-11 08:07:10'),('14603369980','0535','1458627189','3','011',22151,'1459130999','2016-04-11 08:09:58'),('14603369981','0535','1458627189','3','012',463,'1459130999','2016-04-11 08:09:58'),('14603369982','0535','1458627189','3','021',1966,'1459130999','2016-04-11 08:09:58'),('14603369983','0535','1458627189','3','022',1485,'1459130999','2016-04-11 08:09:58'),('14603369984','0535','1458627189','3','03',13,'1459130999','2016-04-11 08:09:58'),('14603369985','0535','1458627189','3','04',6,'1459130999','2016-04-11 08:09:58'),('14603510440','0531','1458627189','2','011',13979,'1459213265','2016-04-11 12:04:04'),('14603510441','0531','1458627189','2','012',155,'1459213265','2016-04-11 12:04:04'),('14603510442','0531','1458627189','2','021',1537,'1459213265','2016-04-11 12:04:04'),('14603510443','0531','1458627189','2','022',633,'1459213265','2016-04-11 12:04:04'),('14603510444','0531','1458627189','2','03',10,'1459213265','2016-04-11 12:04:04'),('14603510445','0531','1458627189','2','04',13,'1459213265','2016-04-11 12:04:04'),('14603514260','0531','1458627189','3','011',14807,'1459213265','2016-04-11 12:10:26'),('14603514261','0531','1458627189','3','012',165,'1459213265','2016-04-11 12:10:26'),('14603514262','0531','1458627189','3','021',1581,'1459213265','2016-04-11 12:10:26'),('14603514263','0531','1458627189','3','022',562,'1459213265','2016-04-11 12:10:26'),('14603514264','0531','1458627189','3','03',10,'1459213265','2016-04-11 12:10:26'),('14603514265','0531','1458627189','3','04',13,'1459213265','2016-04-11 12:10:26'),('14604271520','0504','1458627189','1','011',6370,'1459133843','2016-04-12 09:12:32'),('14604271521','0504','1458627189','1','012',4454,'1459133843','2016-04-12 09:12:32'),('14604271522','0504','1458627189','1','021',610,'1459133843','2016-04-12 09:12:32'),('14604271523','0504','1458627189','1','022',205,'1459133843','2016-04-12 09:12:32'),('14604271524','0504','1458627189','1','03',8,'1459133843','2016-04-12 09:12:32'),('14604271525','0504','1458627189','1','04',5,'1459133843','2016-04-12 09:12:32'),('14605931770','0519','1458627189','1','011',11730,'1459138022','2016-04-14 07:19:37'),('14605931771','0519','1458627189','1','012',1228,'1459138022','2016-04-14 07:19:37'),('14605931772','0519','1458627189','1','021',1244,'1459138022','2016-04-14 07:19:37'),('14605931773','0519','1458627189','1','022',197,'1459138022','2016-04-14 07:19:37'),('14605931774','0519','1458627189','1','03',20,'1459138022','2016-04-14 07:19:38'),('14605931775','0519','1458627189','1','04',1,'1459138022','2016-04-14 07:19:38'),('14605931950','0519','1458627189','2','011',10447,'1459138022','2016-04-14 07:19:55'),('14605931951','0519','1458627189','2','012',1175,'1459138022','2016-04-14 07:19:55'),('14605931952','0519','1458627189','2','021',1118,'1459138022','2016-04-14 07:19:55'),('14605931953','0519','1458627189','2','022',228,'1459138022','2016-04-14 07:19:55'),('14605931954','0519','1458627189','2','03',20,'1459138022','2016-04-14 07:19:55'),('14605931955','0519','1458627189','2','04',1,'1459138022','2016-04-14 07:19:55'),('14605932100','0519','1458627189','3','011',10639,'1459138022','2016-04-14 07:20:10'),('14605932101','0519','1458627189','3','012',1443,'1459138022','2016-04-14 07:20:10'),('14605932102','0519','1458627189','3','021',959,'1459138022','2016-04-14 07:20:10'),('14605932103','0519','1458627189','3','022',210,'1459138022','2016-04-14 07:20:10'),('14605932104','0519','1458627189','3','03',20,'1459138022','2016-04-14 07:20:10'),('14605932105','0519','1458627189','3','04',1,'1459138022','2016-04-14 07:20:10'),('14606005270','0524','1458627189','1','011',23768,'1459310660','2016-04-14 09:22:07'),('14606005271','0524','1458627189','1','012',1064,'1459310660','2016-04-14 09:22:07'),('14606005272','0524','1458627189','1','021',3623,'1459310660','2016-04-14 09:22:07'),('14606005273','0524','1458627189','1','022',603,'1459310660','2016-04-14 09:22:07'),('14606005274','0524','1458627189','1','03',17,'1459310660','2016-04-14 09:22:07'),('14606005275','0524','1458627189','1','04',3,'1459310660','2016-04-14 09:22:07'),('14606020470','0533','1458627189','1','011',20221,'1459310316','2016-04-14 09:47:27'),('14606020471','0533','1458627189','1','012',266,'1459310316','2016-04-14 09:47:27'),('14606020472','0533','1458627189','1','021',2176,'1459310316','2016-04-14 09:47:27'),('14606020473','0533','1458627189','1','022',774,'1459310316','2016-04-14 09:47:27'),('14606020474','0533','1458627189','1','03',23,'1459310316','2016-04-14 09:47:27'),('14606020475','0533','1458627189','1','04',2,'1459310316','2016-04-14 09:47:27'),('14606020860','0533','1458627189','2','011',17844,'1459310316','2016-04-14 09:48:06'),('14606020861','0533','1458627189','2','012',226,'1459310316','2016-04-14 09:48:06'),('14606020862','0533','1458627189','2','021',1607,'1459310316','2016-04-14 09:48:06'),('14606020863','0533','1458627189','2','022',642,'1459310316','2016-04-14 09:48:06'),('14606020864','0533','1458627189','2','03',23,'1459310316','2016-04-14 09:48:06'),('14606020865','0533','1458627189','2','04',2,'1459310316','2016-04-14 09:48:06'),('14606021120','0533','1458627189','3','011',18865,'1459310316','2016-04-14 09:48:32'),('14606021121','0533','1458627189','3','012',249,'1459310316','2016-04-14 09:48:32'),('14606021122','0533','1458627189','3','021',1819,'1459310316','2016-04-14 09:48:32'),('14606021123','0533','1458627189','3','022',748,'1459310316','2016-04-14 09:48:32'),('14606021124','0533','1458627189','3','03',23,'1459310316','2016-04-14 09:48:32'),('14606021125','0533','1458627189','3','04',2,'1459310316','2016-04-14 09:48:32'),('14606045330','0520','1458627189','3','011',16087,'1459138103','2016-04-14 10:28:53'),('14606045331','0520','1458627189','3','012',2098,'1459138103','2016-04-14 10:28:53'),('14606045332','0520','1458627189','3','021',1127,'1459138103','2016-04-14 10:28:53'),('14606045333','0520','1458627189','3','022',392,'1459138103','2016-04-14 10:28:53'),('14606045334','0520','1458627189','3','03',12,'1459138103','2016-04-14 10:28:53'),('14606045335','0520','1458627189','3','04',3,'1459138103','2016-04-14 10:28:53'),('14606051760','0520','1458627189','1','011',15020,'1459138103','2016-04-14 10:39:36'),('14606051761','0520','1458627189','1','012',1836,'1459138103','2016-04-14 10:39:36'),('14606051762','0520','1458627189','1','021',1426,'1459138103','2016-04-14 10:39:36'),('14606051763','0520','1458627189','1','022',334,'1459138103','2016-04-14 10:39:36'),('14606051764','0520','1458627189','1','03',12,'1459138103','2016-04-14 10:39:36'),('14606051765','0520','1458627189','1','04',3,'1459138103','2016-04-14 10:39:36'),('14606052510','0520','1458627189','2','011',14216,'1459138103','2016-04-14 10:40:51'),('14606052511','0520','1458627189','2','012',1696,'1459138103','2016-04-14 10:40:51'),('14606052512','0520','1458627189','2','021',1304,'1459138103','2016-04-14 10:40:51'),('14606052513','0520','1458627189','2','022',274,'1459138103','2016-04-14 10:40:51'),('14606052514','0520','1458627189','2','03',12,'1459138103','2016-04-14 10:40:51'),('14606052515','0520','1458627189','2','04',3,'1459138103','2016-04-14 10:40:51'),('14606185220','0532','1458627189','1','011',5082,'1459153920','2016-04-14 14:22:02'),('14606185221','0532','1458627189','1','012',4861,'1459153920','2016-04-14 14:22:02'),('14606185222','0532','1458627189','1','021',416,'1459153920','2016-04-14 14:22:02'),('14606185223','0532','1458627189','1','022',124,'1459153920','2016-04-14 14:22:02'),('14606185224','0532','1458627189','1','03',0,'1459153920','2016-04-14 14:22:02'),('14606185225','0532','1458627189','1','04',1,'1459153920','2016-04-14 14:22:02'),('14606186590','0532','1458627189','2','011',4593,'1459153920','2016-04-14 14:24:19'),('14606186591','0532','1458627189','2','012',4401,'1459153920','2016-04-14 14:24:19'),('14606186592','0532','1458627189','2','021',330,'1459153920','2016-04-14 14:24:19'),('14606186593','0532','1458627189','2','022',159,'1459153920','2016-04-14 14:24:19'),('14606186594','0532','1458627189','2','03',0,'1459153920','2016-04-14 14:24:19'),('14606186595','0532','1458627189','2','04',1,'1459153920','2016-04-14 14:24:19'),('14606187170','0532','1458627189','3','011',4696,'1459153920','2016-04-14 14:25:17'),('14606187171','0532','1458627189','3','012',4545,'1459153920','2016-04-14 14:25:17'),('14606187172','0532','1458627189','3','021',233,'1459153920','2016-04-14 14:25:17'),('14606187173','0532','1458627189','3','022',136,'1459153920','2016-04-14 14:25:17'),('14606187174','0532','1458627189','3','03',0,'1459153920','2016-04-14 14:25:17'),('14606187175','0532','1458627189','3','04',1,'1459153920','2016-04-14 14:25:17'),('14606212060','0526','1458627189','2','011',19252,'1459322702','2016-04-14 15:06:46'),('14606212061','0526','1458627189','2','012',815,'1459322702','2016-04-14 15:06:46'),('14606212062','0526','1458627189','2','021',3080,'1459322702','2016-04-14 15:06:46'),('14606212063','0526','1458627189','2','022',433,'1459322702','2016-04-14 15:06:46'),('14606212064','0526','1458627189','2','03',24,'1459322702','2016-04-14 15:06:46'),('14606212065','0526','1458627189','2','04',3,'1459322702','2016-04-14 15:06:46'),('14606212240','0526','1458627189','3','011',19786,'1459322702','2016-04-14 15:07:04'),('14606212241','0526','1458627189','3','012',713,'1459322702','2016-04-14 15:07:04'),('14606212242','0526','1458627189','3','021',2956,'1459322702','2016-04-14 15:07:04'),('14606212243','0526','1458627189','3','022',479,'1459322702','2016-04-14 15:07:04'),('14606212244','0526','1458627189','3','03',24,'1459322702','2016-04-14 15:07:04'),('14606212245','0526','1458627189','3','04',2,'1459322702','2016-04-14 15:07:04'),('14606842760','0518','1458627189','4','011',21504,'1459137509','2016-04-15 08:37:56'),('14606842761','0518','1458627189','4','012',631,'1459137509','2016-04-15 08:37:56'),('14606842762','0518','1458627189','4','021',1799,'1459137509','2016-04-15 08:37:56'),('14606842763','0518','1458627189','4','022',529,'1459137509','2016-04-15 08:37:56'),('14606842764','0518','1458627189','4','03',22,'1459137509','2016-04-15 08:37:56'),('14606842765','0518','1458627189','4','04',0,'1459137509','2016-04-15 08:37:56'),('14609492520','0514','1458627189','4','011',0,'1459150862','2016-04-18 10:14:12'),('14609492521','0514','1458627189','4','012',0,'1459150862','2016-04-18 10:14:12'),('14609492522','0514','1458627189','4','021',0,'1459150862','2016-04-18 10:14:12'),('14609492523','0514','1458627189','4','022',0,'1459150862','2016-04-18 10:14:12'),('14609492524','0514','1458627189','4','03',0,'1459150862','2016-04-18 10:14:12'),('14609492525','0514','1458627189','4','04',0,'1459150862','2016-04-18 10:14:12'),('14609539580','0531','1458627189','1','011',15935,'1459213265','2016-04-18 11:32:38'),('14609539581','0531','1458627189','1','012',157,'1459213265','2016-04-18 11:32:38'),('14609539582','0531','1458627189','1','021',2013,'1459213265','2016-04-18 11:32:38'),('14609539583','0531','1458627189','1','022',628,'1459213265','2016-04-18 11:32:38'),('14609539584','0531','1458627189','1','03',10,'1459213265','2016-04-18 11:32:38'),('14609539585','0531','1458627189','1','04',5,'1459213265','2016-04-18 11:32:39'),('14609540410','0507','1458627189','1','011',14657,'1459137270','2016-04-18 11:34:01'),('14609540411','0507','1458627189','1','012',1529,'1459137270','2016-04-18 11:34:01'),('14609540412','0507','1458627189','1','021',2744,'1459137270','2016-04-18 11:34:01'),('14609540413','0507','1458627189','1','022',245,'1459137270','2016-04-18 11:34:01'),('14609540414','0507','1458627189','1','03',0,'1459137270','2016-04-18 11:34:01'),('14609540415','0507','1458627189','1','04',6,'1459137270','2016-04-18 11:34:01'),('14609540620','0501','1458627189','1','011',24361,'1459065417','2016-04-18 11:34:22'),('14609540621','0501','1458627189','1','012',18041,'1459065417','2016-04-18 11:34:22'),('14609540622','0501','1458627189','1','021',3265,'1459065417','2016-04-18 11:34:22'),('14609540623','0501','1458627189','1','022',917,'1459065417','2016-04-18 11:34:22'),('14609540624','0501','1458627189','1','03',23,'1459065417','2016-04-18 11:34:22'),('14609540625','0501','1458627189','1','04',0,'1459065417','2016-04-18 11:34:22'),('14609541180','0517','1458627189','1','011',22200,'1459137438','2016-04-18 11:35:18'),('14609541181','0517','1458627189','1','012',1820,'1459137438','2016-04-18 11:35:18'),('14609541182','0517','1458627189','1','021',2483,'1459137438','2016-04-18 11:35:18'),('14609541183','0517','1458627189','1','022',364,'1459137438','2016-04-18 11:35:18'),('14609541184','0517','1458627189','1','03',17,'1459137438','2016-04-18 11:35:18'),('14609541185','0517','1458627189','1','04',3,'1459137438','2016-04-18 11:35:18'),('14609541430','0507','1458627189','2','011',15740,'1459137270','2016-04-18 11:35:43'),('14609541431','0507','1458627189','2','012',1489,'1459137270','2016-04-18 11:35:43'),('14609541432','0507','1458627189','2','021',3014,'1459137270','2016-04-18 11:35:43'),('14609541433','0507','1458627189','2','022',272,'1459137270','2016-04-18 11:35:43'),('14609541434','0507','1458627189','2','03',0,'1459137270','2016-04-18 11:35:43'),('14609541435','0507','1458627189','2','04',6,'1459137270','2016-04-18 11:35:43'),('14609541610','0501','1458627189','2','011',21668,'1459065417','2016-04-18 11:36:01'),('14609541611','0501','1458627189','2','012',16281,'1459065417','2016-04-18 11:36:01'),('14609541612','0501','1458627189','2','021',2522,'1459065417','2016-04-18 11:36:01'),('14609541613','0501','1458627189','2','022',713,'1459065417','2016-04-18 11:36:01'),('14609541614','0501','1458627189','2','03',23,'1459065417','2016-04-18 11:36:01'),('14609541615','0501','1458627189','2','04',0,'1459065417','2016-04-18 11:36:01'),('14609541740','0507','1458627189','3','011',17412,'1459137270','2016-04-18 11:36:14'),('14609541741','0507','1458627189','3','012',1684,'1459137270','2016-04-18 11:36:14'),('14609541742','0507','1458627189','3','021',2558,'1459137270','2016-04-18 11:36:14'),('14609541743','0507','1458627189','3','022',298,'1459137270','2016-04-18 11:36:14'),('14609541744','0507','1458627189','3','03',0,'1459137270','2016-04-18 11:36:14'),('14609541745','0507','1458627189','3','04',6,'1459137270','2016-04-18 11:36:14'),('14609542290','0517','1458627189','3','011',22608,'1459137438','2016-04-18 11:37:09'),('14609542291','0517','1458627189','3','012',1987,'1459137438','2016-04-18 11:37:09'),('14609542292','0517','1458627189','3','021',2218,'1459137438','2016-04-18 11:37:09'),('14609542293','0517','1458627189','3','022',325,'1459137438','2016-04-18 11:37:09'),('14609542294','0517','1458627189','3','03',17,'1459137438','2016-04-18 11:37:09'),('14609542295','0517','1458627189','3','04',3,'1459137438','2016-04-18 11:37:09'),('14609542780','0517','1458627189','2','011',21086,'1459137438','2016-04-18 11:37:58'),('14609542781','0517','1458627189','2','012',1868,'1459137438','2016-04-18 11:37:59'),('14609542782','0517','1458627189','2','021',2133,'1459137438','2016-04-18 11:37:59'),('14609542783','0517','1458627189','2','022',360,'1459137438','2016-04-18 11:37:59'),('14609542784','0517','1458627189','2','03',17,'1459137438','2016-04-18 11:37:59'),('14609542785','0517','1458627189','2','04',3,'1459137438','2016-04-18 11:37:59'),('14609543700','0501','1458627189','3','011',23717,'1459065417','2016-04-18 11:39:30'),('14609543701','0501','1458627189','3','012',17996,'1459065417','2016-04-18 11:39:30'),('14609543702','0501','1458627189','3','021',2549,'1459065417','2016-04-18 11:39:30'),('14609543703','0501','1458627189','3','022',812,'1459065417','2016-04-18 11:39:30'),('14609543704','0501','1458627189','3','03',23,'1459065417','2016-04-18 11:39:30'),('14609543705','0501','1458627189','3','04',0,'1459065417','2016-04-18 11:39:30'),('14609544710','0512','1458627189','1','011',21350,'1459240332','2016-04-18 11:41:11'),('14609544711','0512','1458627189','1','012',2506,'1459240332','2016-04-18 11:41:11'),('14609544712','0512','1458627189','1','021',2858,'1459240332','2016-04-18 11:41:11'),('14609544713','0512','1458627189','1','022',728,'1459240332','2016-04-18 11:41:11'),('14609544714','0512','1458627189','1','03',15,'1459240332','2016-04-18 11:41:11'),('14609544715','0512','1458627189','1','04',16,'1459240332','2016-04-18 11:41:11'),('14609544850','0536','1458627189','2','011',10769,'1459143349','2016-04-18 11:41:25'),('14609544851','0536','1458627189','2','012',492,'1459143349','2016-04-18 11:41:25'),('14609544852','0536','1458627189','2','021',1042,'1459143349','2016-04-18 11:41:25'),('14609544853','0536','1458627189','2','022',462,'1459143349','2016-04-18 11:41:25'),('14609544854','0536','1458627189','2','03',0,'1459143349','2016-04-18 11:41:25'),('14609544855','0536','1458627189','2','04',14,'1459143349','2016-04-18 11:41:25'),('14609546560','0536','1458627189','3','011',11240,'1459143349','2016-04-18 11:44:16'),('14609546561','0536','1458627189','3','012',557,'1459143349','2016-04-18 11:44:16'),('14609546562','0536','1458627189','3','021',948,'1459143349','2016-04-18 11:44:16'),('14609546563','0536','1458627189','3','022',469,'1459143349','2016-04-18 11:44:16'),('14609546564','0536','1458627189','3','03',0,'1459143349','2016-04-18 11:44:16'),('14609546565','0536','1458627189','3','04',14,'1459143349','2016-04-18 11:44:16'),('14609551210','0524','1458627189','2','011',19394,'1459310660','2016-04-18 11:52:01'),('14609551211','0524','1458627189','2','012',909,'1459310660','2016-04-18 11:52:01'),('14609551212','0524','1458627189','2','021',2569,'1459310660','2016-04-18 11:52:01'),('14609551213','0524','1458627189','2','022',553,'1459310660','2016-04-18 11:52:01'),('14609551214','0524','1458627189','2','03',17,'1459310660','2016-04-18 11:52:01'),('14609551215','0524','1458627189','2','04',3,'1459310660','2016-04-18 11:52:01'),('14609553330','0524','1458627189','3','011',19647,'1459310660','2016-04-18 11:55:33'),('14609553331','0524','1458627189','3','012',936,'1459310660','2016-04-18 11:55:33'),('14609553332','0524','1458627189','3','021',2283,'1459310660','2016-04-18 11:55:33'),('14609553333','0524','1458627189','3','022',628,'1459310660','2016-04-18 11:55:33'),('14609553334','0524','1458627189','3','03',17,'1459310660','2016-04-18 11:55:33'),('14609553335','0524','1458627189','3','04',3,'1459310660','2016-04-18 11:55:33'),('14609556100','0505','1458627189','1','011',23775,'1459136436','2016-04-18 12:00:10'),('14609556101','0505','1458627189','1','012',0,'1459136436','2016-04-18 12:00:10'),('14609556102','0505','1458627189','1','021',2664,'1459136436','2016-04-18 12:00:10'),('14609556103','0505','1458627189','1','022',623,'1459136436','2016-04-18 12:00:10'),('14609556104','0505','1458627189','1','03',70,'1459136436','2016-04-18 12:00:10'),('14609556105','0505','1458627189','1','04',50,'1459136436','2016-04-18 12:00:10'),('14609562250','0521','1458627189','1','011',8245,'1459151125','2016-04-18 12:10:25'),('14609562251','0521','1458627189','1','012',6542,'1459151125','2016-04-18 12:10:25'),('14609562252','0521','1458627189','1','021',913,'1459151125','2016-04-18 12:10:25'),('14609562253','0521','1458627189','1','022',137,'1459151125','2016-04-18 12:10:25'),('14609562254','0521','1458627189','1','03',8,'1459151125','2016-04-18 12:10:25'),('14609562255','0521','1458627189','1','04',0,'1459151125','2016-04-18 12:10:25'),('14609564830','0521','1458627189','2','011',7118,'1459151125','2016-04-18 12:14:43'),('14609564831','0521','1458627189','2','012',5400,'1459151125','2016-04-18 12:14:43'),('14609564832','0521','1458627189','2','021',723,'1459151125','2016-04-18 12:14:43'),('14609564833','0521','1458627189','2','022',128,'1459151125','2016-04-18 12:14:43'),('14609564834','0521','1458627189','2','03',8,'1459151125','2016-04-18 12:14:43'),('14609564835','0521','1458627189','2','04',0,'1459151125','2016-04-18 12:14:43'),('14609565410','0521','1458627189','3','011',7531,'1459151125','2016-04-18 12:15:41'),('14609565411','0521','1458627189','3','012',5830,'1459151125','2016-04-18 12:15:41'),('14609565412','0521','1458627189','3','021',779,'1459151125','2016-04-18 12:15:41'),('14609565413','0521','1458627189','3','022',133,'1459151125','2016-04-18 12:15:41'),('14609565414','0521','1458627189','3','03',8,'1459151125','2016-04-18 12:15:41'),('14609565415','0521','1458627189','3','04',0,'1459151125','2016-04-18 12:15:41'),('14609573160','0523','1458627189','3','011',11542,'1459150457','2016-04-18 12:28:36'),('14609573161','0523','1458627189','3','012',613,'1459150457','2016-04-18 12:28:36'),('14609573162','0523','1458627189','3','021',4704,'1459150457','2016-04-18 12:28:36'),('14609573163','0523','1458627189','3','022',709,'1459150457','2016-04-18 12:28:36'),('14609573164','0523','1458627189','3','03',13,'1459150457','2016-04-18 12:28:36'),('14609573165','0523','1458627189','3','04',3,'1459150457','2016-04-18 12:28:36'),('14609574360','0515','1458627189','1','011',20332,'1459413235','2016-04-18 12:30:36'),('14609574361','0515','1458627189','1','012',980,'1459413235','2016-04-18 12:30:36'),('14609574362','0515','1458627189','1','021',1864,'1459413235','2016-04-18 12:30:36'),('14609574363','0515','1458627189','1','022',907,'1459413235','2016-04-18 12:30:36'),('14609574364','0515','1458627189','1','03',14,'1459413235','2016-04-18 12:30:36'),('14609574365','0515','1458627189','1','04',8,'1459413235','2016-04-18 12:30:36'),('14609575080','0515','1458627189','2','011',16869,'1459413235','2016-04-18 12:31:48'),('14609575081','0515','1458627189','2','012',751,'1459413235','2016-04-18 12:31:48'),('14609575082','0515','1458627189','2','021',3145,'1459413235','2016-04-18 12:31:48'),('14609575083','0515','1458627189','2','022',2363,'1459413235','2016-04-18 12:31:48'),('14609575084','0515','1458627189','2','03',13,'1459413235','2016-04-18 12:31:48'),('14609575085','0515','1458627189','2','04',7,'1459413235','2016-04-18 12:31:48'),('14609575610','0515','1458627189','3','011',17325,'1459413235','2016-04-18 12:32:41'),('14609575611','0515','1458627189','3','012',816,'1459413235','2016-04-18 12:32:41'),('14609575612','0515','1458627189','3','021',4480,'1459413235','2016-04-18 12:32:41'),('14609575613','0515','1458627189','3','022',2311,'1459413235','2016-04-18 12:32:41'),('14609575614','0515','1458627189','3','03',14,'1459413235','2016-04-18 12:32:41'),('14609575615','0515','1458627189','3','04',11,'1459413235','2016-04-18 12:32:41'),('14609658570','0503','1458627189','1','011',15581,'1459136367','2016-04-18 14:50:57'),('14609658571','0503','1458627189','1','012',11734,'1459136367','2016-04-18 14:50:57'),('14609658572','0503','1458627189','1','021',2246,'1459136367','2016-04-18 14:50:57'),('14609658573','0503','1458627189','1','022',678,'1459136367','2016-04-18 14:50:57'),('14609658574','0503','1458627189','1','03',18,'1459136367','2016-04-18 14:50:57'),('14609658575','0503','1458627189','1','04',6,'1459136367','2016-04-18 14:50:57'),('14609660120','0503','1458627189','2','011',14140,'1459136367','2016-04-18 14:53:32'),('14609660121','0503','1458627189','2','012',10269,'1459136367','2016-04-18 14:53:32'),('14609660122','0503','1458627189','2','021',1963,'1459136367','2016-04-18 14:53:32'),('14609660123','0503','1458627189','2','022',595,'1459136367','2016-04-18 14:53:32'),('14609660124','0503','1458627189','2','03',18,'1459136367','2016-04-18 14:53:32'),('14609660125','0503','1458627189','2','04',6,'1459136367','2016-04-18 14:53:32'),('14609661610','0503','1458627189','3','011',15291,'1459136367','2016-04-18 14:56:01'),('14609661611','0503','1458627189','3','012',11025,'1459136367','2016-04-18 14:56:01'),('14609661612','0503','1458627189','3','021',2014,'1459136367','2016-04-18 14:56:01'),('14609661613','0503','1458627189','3','022',661,'1459136367','2016-04-18 14:56:01'),('14609661614','0503','1458627189','3','03',18,'1459136367','2016-04-18 14:56:01'),('14609661615','0503','1458627189','3','04',6,'1459136367','2016-04-18 14:56:01'),('14610320450','0526','1458627189','1','011',22917,'1459322702','2016-04-19 09:14:05'),('14610320451','0526','1458627189','1','012',753,'1459322702','2016-04-19 09:14:05'),('14610320452','0526','1458627189','1','021',4594,'1459322702','2016-04-19 09:14:05'),('14610320453','0526','1458627189','1','022',533,'1459322702','2016-04-19 09:14:05'),('14610320454','0526','1458627189','1','03',24,'1459322702','2016-04-19 09:14:05'),('14610320455','0526','1458627189','1','04',0,'1459322702','2016-04-19 09:14:05'),('14610387710','0502','1458627189','1','011',17660,'1459136279','2016-04-19 11:06:11'),('14610387711','0502','1458627189','1','012',17427,'1459136279','2016-04-19 11:06:11'),('14610387712','0502','1458627189','1','021',3203,'1459136279','2016-04-19 11:06:11'),('14610387713','0502','1458627189','1','022',775,'1459136279','2016-04-19 11:06:11'),('14610387714','0502','1458627189','1','03',16,'1459136279','2016-04-19 11:06:11'),('14610387715','0502','1458627189','1','04',5,'1459136279','2016-04-19 11:06:11'),('14610390620','0502','1458627189','2','011',15056,'1459136279','2016-04-19 11:11:02'),('14610390621','0502','1458627189','2','012',15545,'1459136279','2016-04-19 11:11:02'),('14610390622','0502','1458627189','2','021',2260,'1459136279','2016-04-19 11:11:02'),('14610390623','0502','1458627189','2','022',670,'1459136279','2016-04-19 11:11:02'),('14610390624','0502','1458627189','2','03',16,'1459136279','2016-04-19 11:11:02'),('14610390625','0502','1458627189','2','04',5,'1459136279','2016-04-19 11:11:02'),('14610390870','0502','1458627189','3','011',16301,'1459136279','2016-04-19 11:11:27'),('14610390871','0502','1458627189','3','012',15834,'1459136279','2016-04-19 11:11:27'),('14610390872','0502','1458627189','3','021',2135,'1459136279','2016-04-19 11:11:27'),('14610390873','0502','1458627189','3','022',753,'1459136279','2016-04-19 11:11:27'),('14610390874','0502','1458627189','3','03',16,'1459136279','2016-04-19 11:11:27'),('14610390875','0502','1458627189','3','04',5,'1459136279','2016-04-19 11:11:27'),('14610413880','0506','1458627189','1','011',21048,'1459136622','2016-04-19 11:49:48'),('14610413881','0506','1458627189','1','012',1327,'1459136622','2016-04-19 11:49:48'),('14610413882','0506','1458627189','1','021',2855,'1459136622','2016-04-19 11:49:48'),('14610413883','0506','1458627189','1','022',499,'1459136622','2016-04-19 11:49:48'),('14610413884','0506','1458627189','1','03',21,'1459136622','2016-04-19 11:49:48'),('14610413885','0506','1458627189','1','04',6,'1459136622','2016-04-19 11:49:48'),('14610414150','0506','1458627189','2','011',16561,'1459136622','2016-04-19 11:50:15'),('14610414151','0506','1458627189','2','012',1135,'1459136622','2016-04-19 11:50:15'),('14610414152','0506','1458627189','2','021',1952,'1459136622','2016-04-19 11:50:15'),('14610414153','0506','1458627189','2','022',420,'1459136622','2016-04-19 11:50:15'),('14610414154','0506','1458627189','2','03',21,'1459136622','2016-04-19 11:50:15'),('14610414155','0506','1458627189','2','04',6,'1459136622','2016-04-19 11:50:15'),('14610414390','0506','1458627189','3','011',19814,'1459136622','2016-04-19 11:50:39'),('14610414391','0506','1458627189','3','012',1391,'1459136622','2016-04-19 11:50:39'),('14610414392','0506','1458627189','3','021',2324,'1459136622','2016-04-19 11:50:39'),('14610414393','0506','1458627189','3','022',465,'1459136622','2016-04-19 11:50:39'),('14610414394','0506','1458627189','3','03',21,'1459136622','2016-04-19 11:50:39'),('14610414395','0506','1458627189','3','04',6,'1459136622','2016-04-19 11:50:39'),('14610425130','0525','1458627189','3','011',7025,'1459213035','2016-04-19 12:08:33'),('14610425131','0525','1458627189','3','012',3365,'1459213035','2016-04-19 12:08:33'),('14610425132','0525','1458627189','3','021',765,'1459213035','2016-04-19 12:08:33'),('14610425133','0525','1458627189','3','022',149,'1459213035','2016-04-19 12:08:33'),('14610425134','0525','1458627189','3','03',5,'1459213035','2016-04-19 12:08:33'),('14610425135','0525','1458627189','3','04',0,'1459213035','2016-04-19 12:08:33'),('14610430100','0525','1458627189','1','011',7626,'1459213035','2016-04-19 12:16:50'),('14610430101','0525','1458627189','1','012',3661,'1459213035','2016-04-19 12:16:50'),('14610430102','0525','1458627189','1','021',1005,'1459213035','2016-04-19 12:16:50'),('14610430103','0525','1458627189','1','022',149,'1459213035','2016-04-19 12:16:50'),('14610430104','0525','1458627189','1','03',5,'1459213035','2016-04-19 12:16:50'),('14610430105','0525','1458627189','1','04',0,'1459213035','2016-04-19 12:16:50'),('14610431190','0525','1458627189','2','011',6892,'1459213035','2016-04-19 12:18:39'),('14610431191','0525','1458627189','2','012',3132,'1459213035','2016-04-19 12:18:39'),('14610431192','0525','1458627189','2','021',778,'1459213035','2016-04-19 12:18:39'),('14610431193','0525','1458627189','2','022',184,'1459213035','2016-04-19 12:18:39'),('14610431194','0525','1458627189','2','03',5,'1459213035','2016-04-19 12:18:39'),('14610431195','0525','1458627189','2','04',0,'1459213035','2016-04-19 12:18:39'),('14610468020','0516','1458627189','3','011',26424,'1459137354','2016-04-19 13:20:02'),('14610468021','0516','1458627189','3','012',22,'1459137354','2016-04-19 13:20:02'),('14610468022','0516','1458627189','3','021',1959,'1459137354','2016-04-19 13:20:02'),('14610468023','0516','1458627189','3','022',340,'1459137354','2016-04-19 13:20:02'),('14610468024','0516','1458627189','3','03',36,'1459137354','2016-04-19 13:20:02'),('14610468025','0516','1458627189','3','04',3,'1459137354','2016-04-19 13:20:02'),('14610468650','0516','1458627189','2','011',23236,'1459137354','2016-04-19 13:21:05'),('14610468651','0516','1458627189','2','012',22,'1459137354','2016-04-19 13:21:05'),('14610468652','0516','1458627189','2','021',2094,'1459137354','2016-04-19 13:21:05'),('14610468653','0516','1458627189','2','022',286,'1459137354','2016-04-19 13:21:05'),('14610468654','0516','1458627189','2','03',36,'1459137354','2016-04-19 13:21:05'),('14610468655','0516','1458627189','2','04',3,'1459137354','2016-04-19 13:21:05'),('14610469410','0516','1458627189','1','011',22281,'1459137354','2016-04-19 13:22:21'),('14610469411','0516','1458627189','1','012',1058,'1459137354','2016-04-19 13:22:21'),('14610469412','0516','1458627189','1','021',2788,'1459137354','2016-04-19 13:22:21'),('14610469413','0516','1458627189','1','022',296,'1459137354','2016-04-19 13:22:21'),('14610469414','0516','1458627189','1','03',36,'1459137354','2016-04-19 13:22:21'),('14610469415','0516','1458627189','1','04',3,'1459137354','2016-04-19 13:22:21'),('14610493640','0509','1458627189','2','011',22527,'1459748694','2016-04-19 14:02:44'),('14610493641','0509','1458627189','2','012',8923,'1459748694','2016-04-19 14:02:44'),('14610493642','0509','1458627189','2','021',4040,'1459748694','2016-04-19 14:02:44'),('14610493643','0509','1458627189','2','022',1136,'1459748694','2016-04-19 14:02:44'),('14610493644','0509','1458627189','2','03',17,'1459748694','2016-04-19 14:02:44'),('14610493645','0509','1458627189','2','04',2,'1459748694','2016-04-19 14:02:44'),('14610493940','0509','1458627189','1','011',24578,'1459748694','2016-04-19 14:03:14'),('14610493941','0509','1458627189','1','012',10338,'1459748694','2016-04-19 14:03:14'),('14610493942','0509','1458627189','1','021',2294,'1459748694','2016-04-19 14:03:14'),('14610493943','0509','1458627189','1','022',613,'1459748694','2016-04-19 14:03:14'),('14610493944','0509','1458627189','1','03',17,'1459748694','2016-04-19 14:03:14'),('14610493945','0509','1458627189','1','04',2,'1459748694','2016-04-19 14:03:14'),('14610527350','0522','1458627189','3','011',11203,'1459486503','2016-04-19 14:58:55'),('14610527351','0522','1458627189','3','012',785,'1459486503','2016-04-19 14:58:55'),('14610527352','0522','1458627189','3','021',1430,'1459486503','2016-04-19 14:58:55'),('14610527353','0522','1458627189','3','022',308,'1459486503','2016-04-19 14:58:55'),('14610527354','0522','1458627189','3','03',0,'1459486503','2016-04-19 14:58:55'),('14610527355','0522','1458627189','3','04',5,'1459486503','2016-04-19 14:58:55'),('14610528360','0522','1458627189','2','011',11163,'1459486503','2016-04-19 15:00:36'),('14610528361','0522','1458627189','2','012',726,'1459486503','2016-04-19 15:00:36'),('14610528362','0522','1458627189','2','021',1982,'1459486503','2016-04-19 15:00:36'),('14610528363','0522','1458627189','2','022',275,'1459486503','2016-04-19 15:00:36'),('14610528364','0522','1458627189','2','03',0,'1459486503','2016-04-19 15:00:36'),('14610528365','0522','1458627189','2','04',5,'1459486503','2016-04-19 15:00:36'),('14610529120','0522','1458627189','1','011',13876,'1459486503','2016-04-19 15:01:52'),('14610529121','0522','1458627189','1','012',847,'1459486503','2016-04-19 15:01:52'),('14610529122','0522','1458627189','1','021',2195,'1459486503','2016-04-19 15:01:52'),('14610529123','0522','1458627189','1','022',376,'1459486503','2016-04-19 15:01:52'),('14610529124','0522','1458627189','1','03',0,'1459486503','2016-04-19 15:01:52'),('14610529125','0522','1458627189','1','04',4,'1459486503','2016-04-19 15:01:52'),('14611977200','0520','1458627189','4','011',0,'1459138103','2016-04-21 07:15:20'),('14611977201','0520','1458627189','4','012',0,'1459138103','2016-04-21 07:15:20'),('14611977202','0520','1458627189','4','021',0,'1459138103','2016-04-21 07:15:20'),('14611977203','0520','1458627189','4','022',0,'1459138103','2016-04-21 07:15:20'),('14611977204','0520','1458627189','4','03',12,'1459138103','2016-04-21 07:15:20'),('14611977205','0520','1458627189','4','04',3,'1459138103','2016-04-21 07:15:20'),('14615550850','0518','1458627189','1','011',23248,'1459137509','2016-04-25 10:31:25'),('14615550851','0518','1458627189','1','012',3210,'1459137509','2016-04-25 10:31:25'),('14615550852','0518','1458627189','1','021',2496,'1459137509','2016-04-25 10:31:25'),('14615550853','0518','1458627189','1','022',426,'1459137509','2016-04-25 10:31:25'),('14615550854','0518','1458627189','1','03',22,'1459137509','2016-04-25 10:31:25'),('14615550855','0518','1458627189','1','04',0,'1459137509','2016-04-25 10:31:25'),('14615551800','0518','1458627189','2','011',20463,'1459137509','2016-04-25 10:33:00'),('14615551801','0518','1458627189','2','012',546,'1459137509','2016-04-25 10:33:00'),('14615551802','0518','1458627189','2','021',2560,'1459137509','2016-04-25 10:33:00'),('14615551803','0518','1458627189','2','022',462,'1459137509','2016-04-25 10:33:00'),('14615551804','0518','1458627189','2','03',22,'1459137509','2016-04-25 10:33:00'),('14615551805','0518','1458627189','2','04',0,'1459137509','2016-04-25 10:33:00'),('14615552580','0518','1458627189','3','011',20873,'1459137509','2016-04-25 10:34:18'),('14615552581','0518','1458627189','3','012',631,'1459137509','2016-04-25 10:34:18'),('14615552582','0518','1458627189','3','021',1799,'1459137509','2016-04-25 10:34:18'),('14615552583','0518','1458627189','3','022',529,'1459137509','2016-04-25 10:34:18'),('14615552584','0518','1458627189','3','03',22,'1459137509','2016-04-25 10:34:18'),('14615552585','0518','1458627189','3','04',0,'1459137509','2016-04-25 10:34:18'),('14616318090','0534','1458627189','1','011',14333,'1459215531','2016-04-26 07:50:09'),('14616318091','0534','1458627189','1','012',3819,'1459215531','2016-04-26 07:50:09'),('14616318092','0534','1458627189','1','021',1493,'1459215531','2016-04-26 07:50:09'),('14616318093','0534','1458627189','1','022',883,'1459215531','2016-04-26 07:50:09'),('14616318094','0534','1458627189','1','03',13,'1459215531','2016-04-26 07:50:09'),('14616318095','0534','1458627189','1','04',1,'1459215531','2016-04-26 07:50:09'),('14616326140','0534','1458627189','2','011',12712,'1459215531','2016-04-26 08:03:34'),('14616326141','0534','1458627189','2','012',1958,'1459215531','2016-04-26 08:03:34'),('14616326142','0534','1458627189','2','021',1063,'1459215531','2016-04-26 08:03:34'),('14616326143','0534','1458627189','2','022',780,'1459215531','2016-04-26 08:03:34'),('14616326144','0534','1458627189','2','03',13,'1459215531','2016-04-26 08:03:34'),('14616326145','0534','1458627189','2','04',1,'1459215531','2016-04-26 08:03:34'),('14616334580','0534','1458627189','3','011',13974,'1459215531','2016-04-26 08:17:38'),('14616334581','0534','1458627189','3','012',2066,'1459215531','2016-04-26 08:17:38'),('14616334582','0534','1458627189','3','021',1271,'1459215531','2016-04-26 08:17:38'),('14616334583','0534','1458627189','3','022',806,'1459215531','2016-04-26 08:17:38'),('14616334584','0534','1458627189','3','03',13,'1459215531','2016-04-26 08:17:38'),('14616334585','0534','1458627189','3','04',1,'1459215531','2016-04-26 08:17:38'),('14617223270','0508','1458627189','3','011',24086,'1459394913','2016-04-27 08:58:47'),('14617223271','0508','1458627189','3','012',1858,'1459394913','2016-04-27 08:58:47'),('14617223272','0508','1458627189','3','021',1829,'1459394913','2016-04-27 08:58:47'),('14617223273','0508','1458627189','3','022',801,'1459394913','2016-04-27 08:58:47'),('14617223274','0508','1458627189','3','03',0,'1459394913','2016-04-27 08:58:47'),('14617223275','0508','1458627189','3','04',4,'1459394913','2016-04-27 08:58:47'),('14617233220','0530','1458627189','1','011',17885,'1459322919','2016-04-27 09:15:22'),('14617233221','0530','1458627189','1','012',2003,'1459322919','2016-04-27 09:15:22'),('14617233222','0530','1458627189','1','021',2052,'1459322919','2016-04-27 09:15:22'),('14617233223','0530','1458627189','1','022',591,'1459322919','2016-04-27 09:15:22'),('14617233224','0530','1458627189','1','03',11,'1459322919','2016-04-27 09:15:22'),('14617233225','0530','1458627189','1','04',8,'1459322919','2016-04-27 09:15:22'),('14617233370','0530','1458627189','2','011',15467,'1459322919','2016-04-27 09:15:37'),('14617233371','0530','1458627189','2','012',1962,'1459322919','2016-04-27 09:15:37'),('14617233372','0530','1458627189','2','021',1697,'1459322919','2016-04-27 09:15:37'),('14617233373','0530','1458627189','2','022',577,'1459322919','2016-04-27 09:15:37'),('14617233374','0530','1458627189','2','03',11,'1459322919','2016-04-27 09:15:37'),('14617233375','0530','1458627189','2','04',8,'1459322919','2016-04-27 09:15:37'),('14617233550','0530','1458627189','3','011',16392,'1459322919','2016-04-27 09:15:55'),('14617233551','0530','1458627189','3','012',2129,'1459322919','2016-04-27 09:15:55'),('14617233552','0530','1458627189','3','021',1528,'1459322919','2016-04-27 09:15:55'),('14617233553','0530','1458627189','3','022',596,'1459322919','2016-04-27 09:15:55'),('14617233554','0530','1458627189','3','03',11,'1459322919','2016-04-27 09:15:55'),('14617233555','0530','1458627189','3','04',8,'1459322919','2016-04-27 09:15:55'),('14617233920','0508','1458627189','1','011',21859,'1459394913','2016-04-27 09:16:32'),('14617233921','0508','1458627189','1','012',1744,'1459394913','2016-04-27 09:16:32'),('14617233922','0508','1458627189','1','021',2768,'1459394913','2016-04-27 09:16:32'),('14617233923','0508','1458627189','1','022',747,'1459394913','2016-04-27 09:16:32'),('14617233924','0508','1458627189','1','03',0,'1459394913','2016-04-27 09:16:32'),('14617233925','0508','1458627189','1','04',4,'1459394913','2016-04-27 09:16:32'),('14617234100','0508','1458627189','2','011',20749,'1459394913','2016-04-27 09:16:50'),('14617234101','0508','1458627189','2','012',1676,'1459394913','2016-04-27 09:16:50'),('14617234102','0508','1458627189','2','021',2325,'1459394913','2016-04-27 09:16:50'),('14617234103','0508','1458627189','2','022',644,'1459394913','2016-04-27 09:16:50'),('14617234104','0508','1458627189','2','03',0,'1459394913','2016-04-27 09:16:50'),('14617234105','0508','1458627189','2','04',4,'1459394913','2016-04-27 09:16:50'),('14617303400','0508','1458627189','4','011',0,'1459394913','2016-04-27 11:12:20'),('14617303401','0508','1458627189','4','012',0,'1459394913','2016-04-27 11:12:20'),('14617303402','0508','1458627189','4','021',0,'1459394913','2016-04-27 11:12:20'),('14617303403','0508','1458627189','4','022',0,'1459394913','2016-04-27 11:12:20'),('14617303404','0508','1458627189','4','03',0,'1459394913','2016-04-27 11:12:20'),('14617303405','0508','1458627189','4','04',0,'1459394913','2016-04-27 11:12:20'),('14618115950','0510','1458627189','1','011',23704,'1459152004','2016-04-28 09:46:35'),('14618115951','0510','1458627189','1','012',897,'1459152004','2016-04-28 09:46:35'),('14618115952','0510','1458627189','1','021',2712,'1459152004','2016-04-28 09:46:35'),('14618115953','0510','1458627189','1','022',624,'1459152004','2016-04-28 09:46:35'),('14618115954','0510','1458627189','1','03',23,'1459152004','2016-04-28 09:46:35'),('14618115955','0510','1458627189','1','04',7,'1459152004','2016-04-28 09:46:35'),('14618116160','0510','1458627189','2','011',19891,'1459152004','2016-04-28 09:46:56'),('14618116161','0510','1458627189','2','012',780,'1459152004','2016-04-28 09:46:56'),('14618116162','0510','1458627189','2','021',1975,'1459152004','2016-04-28 09:46:56'),('14618116163','0510','1458627189','2','022',617,'1459152004','2016-04-28 09:46:56'),('14618116164','0510','1458627189','2','03',23,'1459152004','2016-04-28 09:46:56'),('14618116165','0510','1458627189','2','04',7,'1459152004','2016-04-28 09:46:56'),('14618116360','0510','1458627189','3','011',20847,'1459152004','2016-04-28 09:47:16'),('14618116361','0510','1458627189','3','012',828,'1459152004','2016-04-28 09:47:16'),('14618116362','0510','1458627189','3','021',2123,'1459152004','2016-04-28 09:47:16'),('14618116363','0510','1458627189','3','022',557,'1459152004','2016-04-28 09:47:16'),('14618116364','0510','1458627189','3','03',23,'1459152004','2016-04-28 09:47:16'),('14618116365','0510','1458627189','3','04',7,'1459152004','2016-04-28 09:47:16'),('14618147460','0536','1458627189','1','011',12932,'1459143349','2016-04-28 10:39:06'),('14618147461','0536','1458627189','1','012',521,'1459143349','2016-04-28 10:39:06'),('14618147462','0536','1458627189','1','021',1198,'1459143349','2016-04-28 10:39:06'),('14618147463','0536','1458627189','1','022',582,'1459143349','2016-04-28 10:39:06'),('14618147464','0536','1458627189','1','03',0,'1459143349','2016-04-28 10:39:06'),('14618147465','0536','1458627189','1','04',0,'1459143349','2016-04-28 10:39:06'),('14618151050','0514','1458627189','1','011',24501,'1459150862','2016-04-28 10:45:05'),('14618151051','0514','1458627189','1','012',1683,'1459150862','2016-04-28 10:45:05'),('14618151052','0514','1458627189','1','021',2495,'1459150862','2016-04-28 10:45:05'),('14618151053','0514','1458627189','1','022',842,'1459150862','2016-04-28 10:45:05'),('14618151054','0514','1458627189','1','03',22,'1459150862','2016-04-28 10:45:05'),('14618151055','0514','1458627189','1','04',27,'1459150862','2016-04-28 10:45:05'),('14618151270','0514','1458627189','2','011',21209,'1459150862','2016-04-28 10:45:27'),('14618151271','0514','1458627189','2','012',1382,'1459150862','2016-04-28 10:45:27'),('14618151272','0514','1458627189','2','021',1987,'1459150862','2016-04-28 10:45:27'),('14618151273','0514','1458627189','2','022',835,'1459150862','2016-04-28 10:45:27'),('14618151274','0514','1458627189','2','03',21,'1459150862','2016-04-28 10:45:27'),('14618151275','0514','1458627189','2','04',27,'1459150862','2016-04-28 10:45:27'),('14618151500','0514','1458627189','3','011',22435,'1459150862','2016-04-28 10:45:50'),('14618151501','0514','1458627189','3','012',1482,'1459150862','2016-04-28 10:45:50'),('14618151502','0514','1458627189','3','021',1879,'1459150862','2016-04-28 10:45:50'),('14618151503','0514','1458627189','3','022',874,'1459150862','2016-04-28 10:45:50'),('14618151504','0514','1458627189','3','03',21,'1459150862','2016-04-28 10:45:50'),('14618151505','0514','1458627189','3','04',30,'1459150862','2016-04-28 10:45:50'),('14619086780','0528','1458627189','1','011',28932,'1459331835','2016-04-29 12:44:38'),('14619086781','0528','1458627189','1','012',2658,'1459331835','2016-04-29 12:44:38'),('14619086782','0528','1458627189','1','021',3300,'1459331835','2016-04-29 12:44:38'),('14619086783','0528','1458627189','1','022',1319,'1459331835','2016-04-29 12:44:38'),('14619086784','0528','1458627189','1','03',31,'1459331835','2016-04-29 12:44:38'),('14619086785','0528','1458627189','1','04',16,'1459331835','2016-04-29 12:44:38'),('14619087190','0528','1458627189','2','011',26778,'1459331835','2016-04-29 12:45:19'),('14619087191','0528','1458627189','2','012',2300,'1459331835','2016-04-29 12:45:19'),('14619087192','0528','1458627189','2','021',3125,'1459331835','2016-04-29 12:45:19'),('14619087193','0528','1458627189','2','022',11720,'1459331835','2016-04-29 12:45:19'),('14619087194','0528','1458627189','2','03',31,'1459331835','2016-04-29 12:45:19'),('14619087195','0528','1458627189','2','04',16,'1459331835','2016-04-29 12:45:19'),('14619087590','0528','1458627189','3','011',27816,'1459331835','2016-04-29 12:45:59'),('14619087591','0528','1458627189','3','012',24090,'1459331835','2016-04-29 12:45:59'),('14619087592','0528','1458627189','3','021',3231,'1459331835','2016-04-29 12:45:59'),('14619087593','0528','1458627189','3','022',12390,'1459331835','2016-04-29 12:45:59'),('14619087594','0528','1458627189','3','03',31,'1459331835','2016-04-29 12:45:59'),('14619087595','0528','1458627189','3','04',16,'1459331835','2016-04-29 12:45:59'),('14619090410','0528','1458627189','4','011',0,'1459331835','2016-04-29 12:50:41'),('14619090411','0528','1458627189','4','012',0,'1459331835','2016-04-29 12:50:41'),('14619090412','0528','1458627189','4','021',0,'1459331835','2016-04-29 12:50:41'),('14619090413','0528','1458627189','4','022',0,'1459331835','2016-04-29 12:50:41'),('14619090414','0528','1458627189','4','03',0,'1459331835','2016-04-29 12:50:41'),('14619090415','0528','1458627189','4','04',16,'1459331835','2016-04-29 12:50:41'),('14619998870','0509','1458627189','3','011',24144,'1459748694','2016-04-30 14:04:47'),('14619998871','0509','1458627189','3','012',9365,'1459748694','2016-04-30 14:04:47'),('14619998872','0509','1458627189','3','021',6009,'1459748694','2016-04-30 14:04:47'),('14619998873','0509','1458627189','3','022',1685,'1459748694','2016-04-30 14:04:47'),('14619998874','0509','1458627189','3','03',17,'1459748694','2016-04-30 14:04:47'),('14619998875','0509','1458627189','3','04',2,'1459748694','2016-04-30 14:04:47'),('14620040270','0524','1458627189','4','011',19962,'1459310660','2016-04-30 15:13:47'),('14620040271','0524','1458627189','4','012',1090,'1459310660','2016-04-30 15:13:47'),('14620040272','0524','1458627189','4','021',2413,'1459310660','2016-04-30 15:13:47'),('14620040273','0524','1458627189','4','022',325,'1459310660','2016-04-30 15:13:47'),('14620040274','0524','1458627189','4','03',18,'1459310660','2016-04-30 15:13:47'),('14620040275','0524','1458627189','4','04',3,'1459310660','2016-04-30 15:13:47'),('14620048200','0506','1458627189','4','011',19960,'1459136622','2016-04-30 15:27:00'),('14620048201','0506','1458627189','4','012',1197,'1459136622','2016-04-30 15:27:00'),('14620048202','0506','1458627189','4','021',2478,'1459136622','2016-04-30 15:27:00'),('14620048203','0506','1458627189','4','022',360,'1459136622','2016-04-30 15:27:00'),('14620048204','0506','1458627189','4','03',21,'1459136622','2016-04-30 15:27:00'),('14620048205','0506','1458627189','4','04',6,'1459136622','2016-04-30 15:27:00'),('14620183480','0513','1458627189','4','011',25916,'1459134128','2016-04-30 19:12:28'),('14620183481','0513','1458627189','4','012',1242,'1459134128','2016-04-30 19:12:28'),('14620183482','0513','1458627189','4','021',2173,'1459134128','2016-04-30 19:12:28'),('14620183483','0513','1458627189','4','022',452,'1459134128','2016-04-30 19:12:28'),('14620183484','0513','1458627189','4','03',24,'1459134128','2016-04-30 19:12:28'),('14620183485','0513','1458627189','4','04',3,'1459134128','2016-04-30 19:12:28'),('14620962620','0527','1458627189','4','011',25264,'1459389051','2016-05-01 16:51:02'),('14620962621','0527','1458627189','4','012',3259,'1459389051','2016-05-01 16:51:02'),('14620962622','0527','1458627189','4','021',255,'1459389051','2016-05-01 16:51:02'),('14620962623','0527','1458627189','4','022',2803,'1459389051','2016-05-01 16:51:02'),('14620962624','0527','1458627189','4','03',28,'1459389051','2016-05-01 16:51:02'),('14620962625','0527','1458627189','4','04',2,'1459389051','2016-05-01 16:51:02'),('14621510290','0525','1458627189','4','011',6442,'1459213035','2016-05-02 08:03:49'),('14621510291','0525','1458627189','4','012',3182,'1459213035','2016-05-02 08:03:49'),('14621510292','0525','1458627189','4','021',707,'1459213035','2016-05-02 08:03:49'),('14621510293','0525','1458627189','4','022',106,'1459213035','2016-05-02 08:03:49'),('14621510294','0525','1458627189','4','03',5,'1459213035','2016-05-02 08:03:49'),('14621510295','0525','1458627189','4','04',0,'1459213035','2016-05-02 08:03:49'),('14621530490','0502','1458627189','4','011',15449,'1459136279','2016-05-02 08:37:29'),('14621530491','0502','1458627189','4','012',15154,'1459136279','2016-05-02 08:37:29'),('14621530492','0502','1458627189','4','021',2167,'1459136279','2016-05-02 08:37:29'),('14621530493','0502','1458627189','4','022',638,'1459136279','2016-05-02 08:37:29'),('14621530494','0502','1458627189','4','03',16,'1459136279','2016-05-02 08:37:29'),('14621530495','0502','1458627189','4','04',5,'1459136279','2016-05-02 08:37:29'),('14621556170','0503','1458627189','4','011',14598,'1459136367','2016-05-02 09:20:17'),('14621556171','0503','1458627189','4','012',10801,'1459136367','2016-05-02 09:20:17'),('14621556172','0503','1458627189','4','021',1809,'1459136367','2016-05-02 09:20:17'),('14621556173','0503','1458627189','4','022',532,'1459136367','2016-05-02 09:20:17'),('14621556174','0503','1458627189','4','03',18,'1459136367','2016-05-02 09:20:17'),('14621556175','0503','1458627189','4','04',6,'1459136367','2016-05-02 09:20:17'),('14621566660','0523','1458627189','5','011',0,'1459150457','2016-05-02 09:37:46'),('14621566661','0523','1458627189','5','012',0,'1459150457','2016-05-02 09:37:46'),('14621566662','0523','1458627189','5','021',0,'1459150457','2016-05-02 09:37:46'),('14621566663','0523','1458627189','5','022',0,'1459150457','2016-05-02 09:37:46'),('14621566664','0523','1458627189','5','03',13,'1459150457','2016-05-02 09:37:46'),('14621566665','0523','1458627189','5','04',3,'1459150457','2016-05-02 09:37:46'),('14621572630','0523','1458627189','4','011',558,'1459150457','2016-05-02 09:47:43'),('14621572631','0523','1458627189','4','012',1999,'1459150457','2016-05-02 09:47:43'),('14621572632','0523','1458627189','4','021',1228,'1459150457','2016-05-02 09:47:43'),('14621572633','0523','1458627189','4','022',150,'1459150457','2016-05-02 09:47:43'),('14621572634','0523','1458627189','4','03',13,'1459150457','2016-05-02 09:47:43'),('14621572635','0523','1458627189','4','04',3,'1459150457','2016-05-02 09:47:43'),('14621618700','0519','1458627189','4','011',10650,'1459138022','2016-05-02 11:04:30'),('14621618701','0519','1458627189','4','012',1217,'1459138022','2016-05-02 11:04:30'),('14621618702','0519','1458627189','4','021',989,'1459138022','2016-05-02 11:04:30'),('14621618703','0519','1458627189','4','022',180,'1459138022','2016-05-02 11:04:30'),('14621618704','0519','1458627189','4','03',20,'1459138022','2016-05-02 11:04:30'),('14621618705','0519','1458627189','4','04',1,'1459138022','2016-05-02 11:04:30'),('14621684530','0532','1458627189','4','011',4730,'1459153920','2016-05-02 12:54:13'),('14621684531','0532','1458627189','4','012',4311,'1459153920','2016-05-02 12:54:13'),('14621684532','0532','1458627189','4','021',508,'1459153920','2016-05-02 12:54:13'),('14621684533','0532','1458627189','4','022',76,'1459153920','2016-05-02 12:54:13'),('14621684534','0532','1458627189','4','03',0,'1459153920','2016-05-02 12:54:13'),('14621684535','0532','1458627189','4','04',1,'1459153920','2016-05-02 12:54:13'),('14621710090','0537','1458627189','4','011',12109,'1459133423','2016-05-02 13:36:49'),('14621710091','0537','1458627189','4','012',262,'1459133423','2016-05-02 13:36:49'),('14621710092','0537','1458627189','4','021',1059,'1459133423','2016-05-02 13:36:49'),('14621710093','0537','1458627189','4','022',321,'1459133423','2016-05-02 13:36:49'),('14621710094','0537','1458627189','4','03',9,'1459133423','2016-05-02 13:36:49'),('14621710095','0537','1458627189','4','04',25,'1459133423','2016-05-02 13:36:49'),('14621714050','0515','1458627189','4','011',17271,'1459413235','2016-05-02 13:43:25'),('14621714051','0515','1458627189','4','012',885,'1459413235','2016-05-02 13:43:25'),('14621714052','0515','1458627189','4','021',1255,'1459413235','2016-05-02 13:43:25'),('14621714053','0515','1458627189','4','022',404,'1459413235','2016-05-02 13:43:25'),('14621714054','0515','1458627189','4','03',14,'1459413235','2016-05-02 13:43:25'),('14621714055','0515','1458627189','4','04',11,'1459413235','2016-05-02 13:43:25'),('14622361320','0512','1458627189','5','011',18178,'1459240332','2016-05-03 07:42:12'),('14622361321','0512','1458627189','5','012',1613,'1459240332','2016-05-03 07:42:12'),('14622361322','0512','1458627189','5','021',2192,'1459240332','2016-05-03 07:42:12'),('14622361323','0512','1458627189','5','022',359,'1459240332','2016-05-03 07:42:12'),('14622361324','0512','1458627189','5','03',15,'1459240332','2016-05-03 07:42:12'),('14622361325','0512','1458627189','5','04',15,'1459240332','2016-05-03 07:42:12'),('14622374610','0521','1458627189','4','011',7564,'1459151125','2016-05-03 08:04:21'),('14622374611','0521','1458627189','4','012',6092,'1459151125','2016-05-03 08:04:21'),('14622374612','0521','1458627189','4','021',706,'1459151125','2016-05-03 08:04:21'),('14622374613','0521','1458627189','4','022',88,'1459151125','2016-05-03 08:04:21'),('14622374614','0521','1458627189','4','03',8,'1459151125','2016-05-03 08:04:21'),('14622374615','0521','1458627189','4','04',0,'1459151125','2016-05-03 08:04:21'),('14622454860','0511','1458627189','4','011',29279,'1459152424','2016-05-03 10:18:06'),('14622454861','0511','1458627189','4','012',3824,'1459152424','2016-05-03 10:18:06'),('14622454862','0511','1458627189','4','021',3203,'1459152424','2016-05-03 10:18:06'),('14622454863','0511','1458627189','4','022',1036,'1459152424','2016-05-03 10:18:06'),('14622454864','0511','1458627189','4','03',27,'1459152424','2016-05-03 10:18:06'),('14622454865','0511','1458627189','4','04',10,'1459152424','2016-05-03 10:18:06'),('14622455540','0530','1458627189','4','011',15885,'1459322919','2016-05-03 10:19:14'),('14622455541','0530','1458627189','4','012',2227,'1459322919','2016-05-03 10:19:14'),('14622455542','0530','1458627189','4','021',1563,'1459322919','2016-05-03 10:19:14'),('14622455543','0530','1458627189','4','022',265,'1459322919','2016-05-03 10:19:14'),('14622455544','0530','1458627189','4','03',11,'1459322919','2016-05-03 10:19:14'),('14622455545','0530','1458627189','4','04',8,'1459322919','2016-05-03 10:19:14'),('14622474240','0509','1458627189','4','011',23374,'1459748694','2016-05-03 10:50:24'),('14622474241','0509','1458627189','4','012',9518,'1459748694','2016-05-03 10:50:24'),('14622474242','0509','1458627189','4','021',1928,'1459748694','2016-05-03 10:50:24'),('14622474243','0509','1458627189','4','022',364,'1459748694','2016-05-03 10:50:24'),('14622474244','0509','1458627189','4','03',17,'1459748694','2016-05-03 10:50:24'),('14622474245','0509','1458627189','4','04',2,'1459748694','2016-05-03 10:50:24'),('14622499560','0501','1458627189','4','011',22940,'1459065417','2016-05-03 11:32:36'),('14622499561','0501','1458627189','4','012',17527,'1459065417','2016-05-03 11:32:36'),('14622499562','0501','1458627189','4','021',2412,'1459065417','2016-05-03 11:32:36'),('14622499563','0501','1458627189','4','022',725,'1459065417','2016-05-03 11:32:36'),('14622499564','0501','1458627189','4','03',23,'1459065417','2016-05-03 11:32:36'),('14622499565','0501','1458627189','4','04',0,'1459065417','2016-05-03 11:32:36'),('14622509410','0517','1458627189','5','011',0,'1459137438','2016-05-03 11:49:01'),('14622509411','0517','1458627189','5','012',0,'1459137438','2016-05-03 11:49:01'),('14622509412','0517','1458627189','5','021',0,'1459137438','2016-05-03 11:49:01'),('14622509413','0517','1458627189','5','022',0,'1459137438','2016-05-03 11:49:01'),('14622509414','0517','1458627189','5','03',0,'1459137438','2016-05-03 11:49:01'),('14622509415','0517','1458627189','5','04',0,'1459137438','2016-05-03 11:49:01'),('14622510260','0517','1458627189','4','011',24367,'1459137438','2016-05-03 11:50:26'),('14622510261','0517','1458627189','4','012',1968,'1459137438','2016-05-03 11:50:26'),('14622510262','0517','1458627189','4','021',2351,'1459137438','2016-05-03 11:50:26'),('14622510263','0517','1458627189','4','022',254,'1459137438','2016-05-03 11:50:26'),('14622510264','0517','1458627189','4','03',0,'1459137438','2016-05-03 11:50:26'),('14622510265','0517','1458627189','4','04',0,'1459137438','2016-05-03 11:50:26'),('14622552400','0531','1458627189','4','011',13037,'1459213265','2016-05-03 13:00:40'),('14622552401','0531','1458627189','4','012',191,'1459213265','2016-05-03 13:00:40'),('14622552402','0531','1458627189','4','021',1002,'1459213265','2016-05-03 13:00:40'),('14622552403','0531','1458627189','4','022',293,'1459213265','2016-05-03 13:00:40'),('14622552404','0531','1458627189','4','03',0,'1459213265','2016-05-03 13:00:40'),('14622552405','0531','1458627189','4','04',13,'1459213265','2016-05-03 13:00:40'),('14622598180','0507','1458627189','4','011',16694,'1459137270','2016-05-03 14:16:58'),('14622598181','0507','1458627189','4','012',1589,'1459137270','2016-05-03 14:16:58'),('14622598182','0507','1458627189','4','021',2819,'1459137270','2016-05-03 14:16:58'),('14622598183','0507','1458627189','4','022',202,'1459137270','2016-05-03 14:16:58'),('14622598184','0507','1458627189','4','03',0,'1459137270','2016-05-03 14:16:58'),('14622598185','0507','1458627189','4','04',6,'1459137270','2016-05-03 14:16:58'),('14623311410','0510','1458627189','4','011',20207,'1459152004','2016-05-04 10:05:41'),('14623311411','0510','1458627189','4','012',800,'1459152004','2016-05-04 10:05:41'),('14623311412','0510','1458627189','4','021',2203,'1459152004','2016-05-04 10:05:41'),('14623311413','0510','1458627189','4','022',357,'1459152004','2016-05-04 10:05:41'),('14623311414','0510','1458627189','4','03',23,'1459152004','2016-05-04 10:05:41'),('14623311415','0510','1458627189','4','04',7,'1459152004','2016-05-04 10:05:41'),('14623519850','0516','1458627189','4','011',481,'1459137354','2016-05-04 15:53:05'),('14623519851','0516','1458627189','4','012',22,'1459137354','2016-05-04 15:53:05'),('14623519852','0516','1458627189','4','021',2813,'1459137354','2016-05-04 15:53:05'),('14623519853','0516','1458627189','4','022',1083,'1459137354','2016-05-04 15:53:05'),('14623519854','0516','1458627189','4','03',36,'1459137354','2016-05-04 15:53:05'),('14623519855','0516','1458627189','4','04',1,'1459137354','2016-05-04 15:53:05'),('14627625240','0534','1458627189','4','011',13309,'1459215531','2016-05-09 09:55:24'),('14627625241','0534','1458627189','4','012',2055,'1459215531','2016-05-09 09:55:24'),('14627625242','0534','1458627189','4','021',1211,'1459215531','2016-05-09 09:55:24'),('14627625243','0534','1458627189','4','022',388,'1459215531','2016-05-09 09:55:24'),('14627625244','0534','1458627189','4','03',13,'1459215531','2016-05-09 09:55:24'),('14627625245','0534','1458627189','4','04',1,'1459215531','2016-05-09 09:55:24');

/*Table structure for table `t_rek_pd` */

DROP TABLE IF EXISTS `t_rek_pd`;

CREATE TABLE `t_rek_pd` (
  `id_rek_pd` char(15) NOT NULL,
  `sub_rek_pd` char(15) NOT NULL,
  `no_rekening` char(50) DEFAULT NULL,
  `nama_rekening` char(50) NOT NULL,
  `urutan` smallint(6) NOT NULL DEFAULT '1',
  `pusat` tinyint(1) NOT NULL DEFAULT '1',
  `show_rekam` tinyint(1) NOT NULL DEFAULT '1',
  `urutan_rekam` tinyint(1) NOT NULL DEFAULT '0',
  `nama_class` char(15) DEFAULT NULL,
  `disabled` tinyint(4) NOT NULL DEFAULT '1',
  `aktif` tinyint(1) NOT NULL DEFAULT '1',
  PRIMARY KEY (`id_rek_pd`)
) ENGINE=InnoDB DEFAULT CHARSET=latin1;

/*Data for the table `t_rek_pd` */

insert  into `t_rek_pd`(`id_rek_pd`,`sub_rek_pd`,`no_rekening`,`nama_rekening`,`urutan`,`pusat`,`show_rekam`,`urutan_rekam`,`nama_class`,`disabled`,`aktif`) values ('01','00','','PKB',1,0,0,3,'totalpkb',1,1),('011','01',NULL,'PKB Lokal',2,0,1,1,'pkb',0,1),('012','01','','PKB Online (memproses samsat lain)',3,0,1,2,'pkb',0,1),('02','00',NULL,'BBNKB',4,0,0,6,'totalbbnkb',1,1),('021','02',NULL,'BBNKB 1',5,0,1,4,'bbnkb',0,1),('022','02',NULL,'BBNKB 2',6,0,1,5,'bbnkb',0,1),('03','00',NULL,'PBBKB',7,1,1,7,NULL,0,1),('04','00',NULL,'PAP',8,0,1,8,NULL,0,1);

/*Table structure for table `t_riwayat_lokasi_pegawai` */

DROP TABLE IF EXISTS `t_riwayat_lokasi_pegawai`;

CREATE TABLE `t_riwayat_lokasi_pegawai` (
  `id_riwayat_lokasi` char(15) NOT NULL,
  `id_pegawai` char(15) NOT NULL,
  `id_lokasi` char(15) NOT NULL,
  `id_user` char(15) NOT NULL,
  `riwayat_buat` datetime DEFAULT NULL,
  `riwayat_ubah` datetime DEFAULT NULL,
  `aktif` tinyint(1) NOT NULL DEFAULT '0',
  PRIMARY KEY (`id_riwayat_lokasi`),
  KEY `id_pegawai` (`id_pegawai`),
  KEY `id_user` (`id_user`),
  CONSTRAINT `t_riwayat_lokasi_pegawai_ibfk_1` FOREIGN KEY (`id_pegawai`) REFERENCES `t_pegawai` (`id_pegawai`) ON DELETE CASCADE ON UPDATE CASCADE,
  CONSTRAINT `t_riwayat_lokasi_pegawai_ibfk_2` FOREIGN KEY (`id_user`) REFERENCES `t_users` (`id_user`) ON DELETE CASCADE ON UPDATE CASCADE
) ENGINE=InnoDB DEFAULT CHARSET=latin1;

/*Data for the table `t_riwayat_lokasi_pegawai` */

/*Table structure for table `t_set_ttd_pejabat_upad` */

DROP TABLE IF EXISTS `t_set_ttd_pejabat_upad`;

CREATE TABLE `t_set_ttd_pejabat_upad` (
  `id_set_ttd` char(15) NOT NULL,
  `id_ttd` char(15) NOT NULL,
  `id_lokasi` char(15) NOT NULL,
  `nama_pejabat` char(50) NOT NULL,
  `nip` char(25) NOT NULL,
  `aktif` tinyint(1) NOT NULL DEFAULT '1',
  PRIMARY KEY (`id_set_ttd`),
  KEY `id_lokasi` (`id_lokasi`),
  KEY `id_ttd` (`id_ttd`,`id_lokasi`),
  KEY `id_ttd_2` (`id_ttd`),
  CONSTRAINT `t_set_ttd_pejabat_upad_ibfk_1` FOREIGN KEY (`id_ttd`) REFERENCES `t_tanda_tangan` (`id_ttd`) ON DELETE CASCADE ON UPDATE CASCADE
) ENGINE=InnoDB DEFAULT CHARSET=latin1;

/*Data for the table `t_set_ttd_pejabat_upad` */

/*Table structure for table `t_status_pendidikan` */

DROP TABLE IF EXISTS `t_status_pendidikan`;

CREATE TABLE `t_status_pendidikan` (
  `id_status_pendidikan` char(15) NOT NULL,
  `pendidikan` char(25) NOT NULL,
  `aktif` tinyint(1) NOT NULL DEFAULT '1',
  PRIMARY KEY (`id_status_pendidikan`)
) ENGINE=InnoDB DEFAULT CHARSET=latin1;

/*Data for the table `t_status_pendidikan` */

insert  into `t_status_pendidikan`(`id_status_pendidikan`,`pendidikan`,`aktif`) values ('sd3','SMA / D3',1),('sjn','S1 / S2 / S3',1);

/*Table structure for table `t_sts_pegawai` */

DROP TABLE IF EXISTS `t_sts_pegawai`;

CREATE TABLE `t_sts_pegawai` (
  `id_sts_pegawai` char(3) NOT NULL,
  `status_pegawai` char(15) NOT NULL,
  `aktif` tinyint(1) NOT NULL DEFAULT '1',
  PRIMARY KEY (`id_sts_pegawai`)
) ENGINE=InnoDB DEFAULT CHARSET=latin1;

/*Data for the table `t_sts_pegawai` */

insert  into `t_sts_pegawai`(`id_sts_pegawai`,`status_pegawai`,`aktif`) values ('33','ASN',1),('99','Non ASN',1);

/*Table structure for table `t_tanda_tangan` */

DROP TABLE IF EXISTS `t_tanda_tangan`;

CREATE TABLE `t_tanda_tangan` (
  `id_ttd` char(15) NOT NULL,
  `jabatan_ttd` char(50) NOT NULL,
  `posisi` char(10) NOT NULL,
  `aktif` tinyint(1) NOT NULL,
  PRIMARY KEY (`id_ttd`)
) ENGINE=InnoDB DEFAULT CHARSET=latin1;

/*Data for the table `t_tanda_tangan` */

/*Table structure for table `t_target_d2d` */

DROP TABLE IF EXISTS `t_target_d2d`;

CREATE TABLE `t_target_d2d` (
  `id_target` char(15) NOT NULL,
  `id_anggaran` char(15) NOT NULL,
  `id_triwulan` char(15) NOT NULL,
  `id_jabatan` char(15) NOT NULL,
  `total` int(11) NOT NULL DEFAULT '0',
  PRIMARY KEY (`id_target`),
  KEY `id_jabatan` (`id_jabatan`),
  KEY `id_target` (`id_target`,`id_anggaran`),
  KEY `id_target_2` (`id_target`,`id_triwulan`),
  KEY `id_target_3` (`id_target`,`id_jabatan`),
  KEY `id_anggaran` (`id_anggaran`,`id_triwulan`),
  KEY `id_anggaran_2` (`id_anggaran`,`id_jabatan`),
  KEY `id_triwulan` (`id_triwulan`,`id_jabatan`),
  KEY `id_target_4` (`id_target`,`id_anggaran`,`id_triwulan`,`id_jabatan`),
  KEY `id_anggaran_3` (`id_anggaran`),
  KEY `id_triwulan_2` (`id_triwulan`),
  CONSTRAINT `t_target_d2d_ibfk_1` FOREIGN KEY (`id_anggaran`) REFERENCES `t_th_anggaran` (`id_anggaran`) ON DELETE CASCADE ON UPDATE CASCADE,
  CONSTRAINT `t_target_d2d_ibfk_2` FOREIGN KEY (`id_triwulan`) REFERENCES `t_triwulan` (`id_triwulan`) ON DELETE CASCADE ON UPDATE CASCADE,
  CONSTRAINT `t_target_d2d_ibfk_3` FOREIGN KEY (`id_jabatan`) REFERENCES `t_jabatan` (`id_jabatan`) ON DELETE CASCADE ON UPDATE CASCADE
) ENGINE=InnoDB DEFAULT CHARSET=latin1;

/*Data for the table `t_target_d2d` */

insert  into `t_target_d2d`(`id_target`,`id_anggaran`,`id_triwulan`,`id_jabatan`,`total`) values ('14605210521','1458627189','01','e1',0),('146052105210','1458627189','02','e3',25),('146052105211','1458627189','03','e3',25),('146052105212','1458627189','04','e3',25),('146052105213','1458627189','01','e4',30),('146052105214','1458627189','02','e4',30),('146052105215','1458627189','03','e4',30),('146052105216','1458627189','04','e4',30),('146052105217','1458627189','01','s',35),('146052105218','1458627189','02','s',35),('146052105219','1458627189','03','s',35),('14605210522','1458627189','02','e1',0),('146052105220','1458627189','04','s',35),('146052105221','1458627189','01','sd3',35),('146052105222','1458627189','02','sd3',35),('146052105223','1458627189','03','sd3',35),('146052105224','1458627189','04','sd3',35),('146052105225','1458627189','01','srjn',35),('146052105226','1458627189','02','srjn',35),('146052105227','1458627189','03','srjn',35),('146052105228','1458627189','04','srjn',35),('14605210523','1458627189','03','e1',0),('14605210524','1458627189','04','e1',0),('14605210525','1458627189','01','e2',15),('14605210526','1458627189','02','e2',15),('14605210527','1458627189','03','e2',15),('14605210528','1458627189','04','e2',15),('14605210529','1458627189','01','e3',25);

/*Table structure for table `t_target_pely_pd` */

DROP TABLE IF EXISTS `t_target_pely_pd`;

CREATE TABLE `t_target_pely_pd` (
  `id_target` char(15) NOT NULL,
  `id_anggaran` char(15) NOT NULL,
  `id_triwulan` char(15) NOT NULL,
  `id_rek_pd` char(15) NOT NULL,
  `total` int(11) NOT NULL DEFAULT '0',
  PRIMARY KEY (`id_target`),
  KEY `id_jabatan` (`id_rek_pd`),
  KEY `id_target` (`id_target`,`id_anggaran`),
  KEY `id_target_2` (`id_target`,`id_triwulan`),
  KEY `id_target_3` (`id_target`,`id_rek_pd`),
  KEY `id_anggaran` (`id_anggaran`,`id_triwulan`),
  KEY `id_anggaran_2` (`id_anggaran`,`id_rek_pd`),
  KEY `id_triwulan` (`id_triwulan`,`id_rek_pd`),
  KEY `id_target_4` (`id_target`,`id_anggaran`,`id_triwulan`,`id_rek_pd`),
  KEY `id_anggaran_3` (`id_anggaran`),
  KEY `id_triwulan_2` (`id_triwulan`),
  CONSTRAINT `t_target_pely_pd_ibfk_1` FOREIGN KEY (`id_rek_pd`) REFERENCES `t_rek_pd` (`id_rek_pd`)
) ENGINE=InnoDB DEFAULT CHARSET=latin1;

/*Data for the table `t_target_pely_pd` */

insert  into `t_target_pely_pd`(`id_target`,`id_anggaran`,`id_triwulan`,`id_rek_pd`,`total`) values ('14591536811','1458627189','01','01',2230000),('145915368110','1458627189','02','03',1908),('145915368111','1458627189','03','03',1908),('145915368112','1458627189','04','03',1908),('145915368113','1458627189','01','04',2430),('145915368114','1458627189','02','04',2430),('145915368115','1458627189','03','04',2430),('145915368116','1458627189','04','04',2430),('14591536812','1458627189','02','01',2280000),('14591536813','1458627189','03','01',2580000),('14591536814','1458627189','04','01',2540000),('14591536815','1458627189','01','02',317000),('14591536816','1458627189','02','02',308000),('14591536817','1458627189','03','02',328000),('14591536818','1458627189','04','02',250000),('14591536819','1458627189','01','03',1908);

/*Table structure for table `t_th_anggaran` */

DROP TABLE IF EXISTS `t_th_anggaran`;

CREATE TABLE `t_th_anggaran` (
  `id_anggaran` char(15) NOT NULL,
  `th_anggaran` year(4) NOT NULL,
  `keterangan` text,
  `aktif` tinyint(1) NOT NULL DEFAULT '0',
  PRIMARY KEY (`id_anggaran`)
) ENGINE=InnoDB DEFAULT CHARSET=latin1;

/*Data for the table `t_th_anggaran` */

insert  into `t_th_anggaran`(`id_anggaran`,`th_anggaran`,`keterangan`,`aktif`) values ('1458627189',2016,'awal penghitungan kinerja',1),('1458634522',2015,'Coba Tahun Lalu',0);

/*Table structure for table `t_transaksi_pbbkb` */

DROP TABLE IF EXISTS `t_transaksi_pbbkb`;

CREATE TABLE `t_transaksi_pbbkb` (
  `id_transaksi_pbbkb` char(15) NOT NULL,
  `id_lokasi_pbbkb` char(15) NOT NULL,
  `id_anggaran` char(15) NOT NULL,
  `id_bulan` char(5) NOT NULL,
  `id_dasar_trx_pbbkb` char(5) NOT NULL,
  `id_item_pbbkb` char(15) NOT NULL,
  `jumlah` int(11) NOT NULL DEFAULT '0',
  `create_by` char(15) NOT NULL,
  `last_update` datetime NOT NULL,
  PRIMARY KEY (`id_transaksi_pbbkb`),
  KEY `id_lokasi_pbbkb` (`id_lokasi_pbbkb`),
  KEY `id_bulan` (`id_bulan`),
  KEY `id_dasar_trx_pbbkb` (`id_dasar_trx_pbbkb`),
  KEY `id_anggaran` (`id_anggaran`),
  KEY `id_item_pbbkb` (`id_item_pbbkb`),
  CONSTRAINT `t_transaksi_pbbkb_ibfk_1` FOREIGN KEY (`id_lokasi_pbbkb`) REFERENCES `t_penyetor_pbbkb` (`id_lokasi_pbbkb`) ON DELETE CASCADE ON UPDATE CASCADE,
  CONSTRAINT `t_transaksi_pbbkb_ibfk_2` FOREIGN KEY (`id_bulan`) REFERENCES `t_bulan` (`id_bulan`) ON DELETE CASCADE ON UPDATE CASCADE,
  CONSTRAINT `t_transaksi_pbbkb_ibfk_3` FOREIGN KEY (`id_dasar_trx_pbbkb`) REFERENCES `t_dasar_transaksi_pbbkb` (`id_dasar_trx_pbbkb`) ON DELETE CASCADE ON UPDATE CASCADE,
  CONSTRAINT `t_transaksi_pbbkb_ibfk_4` FOREIGN KEY (`id_anggaran`) REFERENCES `t_th_anggaran` (`id_anggaran`) ON DELETE CASCADE ON UPDATE CASCADE,
  CONSTRAINT `t_transaksi_pbbkb_ibfk_5` FOREIGN KEY (`id_item_pbbkb`) REFERENCES `t_item_pbbkb` (`id_item_pbbkb`) ON DELETE CASCADE ON UPDATE CASCADE
) ENGINE=InnoDB DEFAULT CHARSET=latin1;

/*Data for the table `t_transaksi_pbbkb` */

insert  into `t_transaksi_pbbkb`(`id_transaksi_pbbkb`,`id_lokasi_pbbkb`,`id_anggaran`,`id_bulan`,`id_dasar_trx_pbbkb`,`id_item_pbbkb`,`jumlah`,`create_by`,`last_update`) values ('14628098240','1462693760','1458627189','2','D0','1462583952',450000,'1458608926','2016-05-09 23:03:44'),('14628098241','1462693760','1458627189','2','D0','1462585185',10000,'1458608926','2016-05-09 23:03:44'),('14628098242','1462693760','1458627189','2','D0','1462585261',0,'1458608926','2016-05-09 23:03:44'),('14628098243','1462693760','1458627189','2','D0','1462585266',0,'1458608926','2016-05-09 23:03:44'),('14628098244','1462693760','1458627189','2','D0','1462585276',0,'1458608926','2016-05-09 23:03:44'),('14628098245','1462693760','1458627189','2','D0','1462585282',0,'1458608926','2016-05-09 23:03:44'),('14628098246','1462693760','1458627189','2','D0','1462585290',0,'1458608926','2016-05-09 23:03:44'),('14628098247','1462693760','1458627189','2','D0','1462611704',0,'1458608926','2016-05-09 23:03:44'),('14628098440','1462809793','1458627189','2','D0','1462583952',120000,'1458608926','2016-05-09 23:04:04'),('14628098441','1462809793','1458627189','2','D0','1462585185',0,'1458608926','2016-05-09 23:04:04'),('14628098442','1462809793','1458627189','2','D0','1462585261',0,'1458608926','2016-05-09 23:04:04'),('14628098443','1462809793','1458627189','2','D0','1462585266',50000,'1458608926','2016-05-09 23:04:04'),('14628098444','1462809793','1458627189','2','D0','1462585276',0,'1458608926','2016-05-09 23:04:04'),('14628098445','1462809793','1458627189','2','D0','1462585282',0,'1458608926','2016-05-09 23:04:04'),('14628098446','1462809793','1458627189','2','D0','1462585290',0,'1458608926','2016-05-09 23:04:04'),('14628098447','1462809793','1458627189','2','D0','1462611704',0,'1458608926','2016-05-09 23:04:04'),('14628413840','1462693760','1458627189','1','D0','1462583952',0,'1458608926','2016-05-10 07:49:44'),('14628413841','1462693760','1458627189','1','D0','1462585185',123400,'1458608926','2016-05-10 07:49:44'),('14628413842','1462693760','1458627189','1','D0','1462585261',55000000,'1458608926','2016-05-10 07:49:44'),('14628413843','1462693760','1458627189','1','D0','1462585266',123456,'1458608926','2016-05-10 07:49:44'),('14628413844','1462693760','1458627189','1','D0','1462585276',123450,'1458608926','2016-05-10 07:49:44'),('14628413845','1462693760','1458627189','1','D0','1462585282',12000,'1458608926','2016-05-10 07:49:44'),('14628413846','1462693760','1458627189','1','D0','1462585290',556000000,'1458608926','2016-05-10 07:49:44'),('14628413847','1462693760','1458627189','1','D0','1462611704',0,'1458608926','2016-05-10 07:49:44');

/*Table structure for table `t_triwulan` */

DROP TABLE IF EXISTS `t_triwulan`;

CREATE TABLE `t_triwulan` (
  `id_triwulan` char(15) NOT NULL,
  `triwulan` char(15) NOT NULL,
  `aktif` tinyint(1) NOT NULL DEFAULT '1',
  PRIMARY KEY (`id_triwulan`)
) ENGINE=InnoDB DEFAULT CHARSET=latin1;

/*Data for the table `t_triwulan` */

insert  into `t_triwulan`(`id_triwulan`,`triwulan`,`aktif`) values ('01','I',1),('02','II',1),('03','III',1),('04','IV',1);

/*Table structure for table `t_trx_d2d` */

DROP TABLE IF EXISTS `t_trx_d2d`;

CREATE TABLE `t_trx_d2d` (
  `id_trx` char(15) NOT NULL,
  `id_mutasi` char(15) NOT NULL,
  `id_bulan` char(15) NOT NULL,
  `id_anggaran` char(15) NOT NULL,
  `jumlah` int(11) NOT NULL DEFAULT '0',
  `id_user` char(15) NOT NULL,
  PRIMARY KEY (`id_trx`),
  KEY `id_bulan` (`id_bulan`),
  KEY `id_anggaran` (`id_anggaran`),
  KEY `id_mutasi` (`id_mutasi`),
  CONSTRAINT `t_trx_d2d_ibfk_1` FOREIGN KEY (`id_bulan`) REFERENCES `t_bulan` (`id_bulan`) ON DELETE CASCADE ON UPDATE CASCADE,
  CONSTRAINT `t_trx_d2d_ibfk_2` FOREIGN KEY (`id_anggaran`) REFERENCES `t_th_anggaran` (`id_anggaran`) ON DELETE CASCADE ON UPDATE CASCADE,
  CONSTRAINT `t_trx_d2d_ibfk_3` FOREIGN KEY (`id_mutasi`) REFERENCES `t_mutasi` (`id_mutasi`) ON DELETE CASCADE ON UPDATE CASCADE
) ENGINE=InnoDB DEFAULT CHARSET=latin1;

/*Data for the table `t_trx_d2d` */

insert  into `t_trx_d2d`(`id_trx`,`id_mutasi`,`id_bulan`,`id_anggaran`,`jumlah`,`id_user`) values ('145915058080','145913513199','1','1458627189',20,'1459134128'),('145915058081','145913513199','2','1458627189',15,'1459134128'),('145915058082','145913513199','3','1458627189',15,'1459134128'),('145915062480','145915046099','1','1458627189',20,'1459134128'),('145915062481','145915046099','2','1458627189',20,'1459134128'),('145915062482','145915046099','3','1458627189',20,'1459134128'),('145915064780','145915043999','1','1458627189',20,'1459134128'),('145915064781','145915043999','2','1458627189',20,'1459134128'),('145915064782','145915043999','3','1458627189',20,'1459134128'),('145915079080','145913525699','1','1458627189',60,'1459134128'),('145915079081','145913525699','2','1458627189',16,'1459134128'),('145915079082','145913525699','3','1458627189',15,'1459134128'),('145915081680','145913534999','1','1458627189',47,'1458608926'),('145915081681','145913534999','2','1458627189',15,'1458608926'),('145915081682','145913534999','3','1458627189',15,'1458608926'),('145915084280','145913544399','1','1458627189',27,'1459134128'),('145915084281','145913544399','2','1458627189',29,'1459134128'),('145915084282','145913544399','3','1458627189',15,'1459134128'),('145915087180','145913553399','1','1458627189',27,'1459134128'),('145915087181','145913553399','2','1458627189',15,'1459134128'),('145915087182','145913553399','3','1458627189',15,'1459134128'),('145915092280','145913567199','1','1458627189',25,'1459134128'),('145915092281','145913567199','2','1458627189',10,'1459134128'),('145915092282','145913567199','3','1458627189',10,'1459134128'),('145915096080','145914963999','1','1458627189',23,'1459134128'),('145915096081','145914963999','2','1458627189',20,'1459134128'),('145915096082','145914963999','3','1458627189',20,'1459134128'),('145915098880','145914996799','1','1458627189',25,'1459134128'),('145915098881','145914996799','2','1458627189',21,'1459134128'),('145915098882','145914996799','3','1458627189',20,'1459134128'),('145915102580','145914974499','1','1458627189',60,'1459134128'),('145915102581','145914974499','2','1458627189',20,'1459134128'),('145915102582','145914974499','3','1458627189',20,'1459134128'),('145915105780','145914980899','1','1458627189',23,'1459134128'),('145915105781','145914980899','2','1458627189',18,'1459134128'),('145915105782','145914980899','3','1458627189',20,'1459134128'),('145915107980','145914991599','1','1458627189',25,'1459134128'),('145915107981','145914991599','2','1458627189',20,'1459134128'),('145915107982','145914991599','3','1458627189',20,'1459134128'),('145915112780','145915002999','1','1458627189',25,'1459134128'),('145915112781','145915002999','2','1458627189',26,'1459134128'),('145915112782','145915002999','3','1458627189',20,'1459134128'),('145915115680','145915008099','1','1458627189',22,'1459134128'),('145915115681','145915008099','2','1458627189',23,'1459134128'),('145915115682','145915008099','3','1458627189',20,'1459134128'),('145915118380','145915015999','1','1458627189',22,'1459134128'),('145915118381','145915015999','2','1458627189',20,'1459134128'),('145915118382','145915015999','3','1458627189',20,'1459134128'),('145915120780','145915021199','1','1458627189',20,'1459134128'),('145915120781','145915021199','2','1458627189',20,'1459134128'),('145915120782','145915021199','3','1458627189',20,'1459134128'),('145915123480','145915028799','1','1458627189',20,'1459134128'),('145915123481','145915028799','2','1458627189',20,'1459134128'),('145915123482','145915028799','3','1458627189',20,'1459134128'),('145915125880','145915032699','1','1458627189',22,'1459134128'),('145915125881','145915032699','2','1458627189',20,'1459134128'),('145915125882','145915032699','3','1458627189',20,'1459134128'),('145915824480','145915809699','1','1458627189',30,'1459065329'),('145915824481','145915809699','2','1458627189',30,'1459065329'),('145915824482','145915809699','3','1458627189',20,'1459065329'),('145917837380','145915813599','1','1458627189',20,'1459136279'),('145917837381','145915813599','2','1458627189',22,'1459136279'),('145917837382','145915813599','3','1458627189',20,'1459136279'),('145921544981','145921412899','2','1458627189',28,'1459213035'),('145921544982','145921412899','3','1458627189',5,'1459213035'),('145921549981','145921422599','2','1458627189',34,'1459213035'),('145921549982','145921422599','3','1458627189',11,'1459213035'),('145921561881','145921431999','2','1458627189',23,'1459213035'),('145921561882','145921431999','3','1458627189',22,'1459213035'),('145921565581','145921446499','2','1458627189',31,'1459213035'),('145921565582','145921446499','3','1458627189',14,'1459213035'),('145921567981','145921455299','2','1458627189',26,'1459213035'),('145921567982','145921455299','3','1458627189',19,'1459213035'),('145921570781','145921460199','2','1458627189',67,'1459213035'),('145921570782','145921460199','3','1458627189',10,'1459213035'),('145921577681','145921467799','2','1458627189',28,'1459213035'),('145921577682','145921467799','3','1458627189',32,'1459213035'),('145921580281','145921473599','2','1458627189',32,'1459213035'),('145921580282','145921473599','3','1458627189',28,'1459213035'),('145921584481','145921478599','2','1458627189',24,'1459213035'),('145921584482','145921478599','3','1458627189',36,'1459213035'),('145921587181','145921484099','2','1458627189',32,'1459213035'),('145921587182','145921484099','3','1458627189',28,'1459213035'),('145921590081','145921487899','2','1458627189',25,'1459213035'),('145921590082','145921487899','3','1458627189',35,'1459213035'),('145921592481','145921494399','2','1458627189',33,'1459213035'),('145921592482','145921494399','3','1458627189',27,'1459213035'),('145921984880','145921973899','1','1458627189',22,'1459136367'),('145921984881','145921973899','2','1458627189',20,'1459136367'),('145921984882','145921973899','3','1458627189',20,'1459136367'),('145922102380','145921896199','1','1458627189',34,'1459130999'),('145922102381','145921896199','2','1458627189',13,'1459130999'),('145922102382','145921896199','3','1458627189',10,'1459130999'),('145922108780','145921914099','1','1458627189',53,'1459130999'),('145922108781','145921914099','2','1458627189',16,'1459130999'),('145922108782','145921914099','3','1458627189',15,'1459130999'),('145922111680','145921901799','1','1458627189',38,'1459130999'),('145922111681','145921901799','2','1458627189',17,'1459130999'),('145922111682','145921901799','3','1458627189',15,'1459130999'),('145922113980','145921908299','1','1458627189',52,'1459130999'),('145922113981','145921908299','2','1458627189',17,'1459130999'),('145922113982','145921908299','3','1458627189',15,'1459130999'),('145922119380','145921927899','1','1458627189',52,'1459130999'),('145922119381','145921927899','2','1458627189',24,'1459130999'),('145922119382','145921927899','3','1458627189',20,'1459130999'),('145922126780','145921932399','1','1458627189',53,'1459130999'),('145922126781','145921932399','2','1458627189',22,'1459130999'),('145922126782','145921932399','3','1458627189',20,'1459130999'),('145922199580','145921954099','1','1458627189',51,'1459130999'),('145922199581','145921954099','2','1458627189',22,'1459130999'),('145922199582','145921954099','3','1458627189',20,'1459130999'),('145922202580','145921960299','1','1458627189',53,'1459130999'),('145922202581','145921960299','2','1458627189',23,'1459130999'),('145922202582','145921960299','3','1458627189',20,'1459130999'),('145922205180','145921966299','1','1458627189',52,'1459130999'),('145922205181','145921966299','2','1458627189',21,'1459130999'),('145922205182','145921966299','3','1458627189',20,'1459130999'),('145922208280','145921944299','1','1458627189',50,'1459130999'),('145922208281','145921944299','2','1458627189',23,'1459130999'),('145922208282','145921944299','3','1458627189',20,'1459130999'),('145922210480','145921923499','1','1458627189',45,'1459130999'),('145922210481','145921923499','2','1458627189',24,'1459130999'),('145922210482','145921923499','3','1458627189',20,'1459130999'),('145922213580','145921970999','1','1458627189',50,'1459130999'),('145922213581','145921970999','2','1458627189',21,'1459130999'),('145922213582','145921970999','3','1458627189',20,'1459130999'),('145922216181','145921940299','2','1458627189',22,'1459130999'),('145922216182','145921940299','3','1458627189',20,'1459130999'),('145922217980','145921976699','1','1458627189',51,'1459130999'),('145922224880','145922221899','1','1458627189',43,'1459130999'),('145922224881','145922221899','2','1458627189',18,'1459130999'),('145922254780','145916658499','1','1458627189',20,'1459136279'),('145922254781','145916658499','2','1458627189',20,'1459136279'),('145922254782','145916658499','3','1458627189',20,'1459136279'),('145922257180','145922250199','1','1458627189',20,'1459136367'),('145922257181','145922250199','2','1458627189',20,'1459136367'),('145922257182','145922250199','3','1458627189',20,'1459136367'),('145922415680','145921284299','1','1458627189',47,'1459150457'),('145922415681','145921284299','2','1458627189',35,'1459150457'),('145922429380','145921195499','1','1458627189',52,'1459150457'),('145922429381','145921195499','2','1458627189',33,'1459150457'),('145922434380','145921212399','1','1458627189',61,'1459150457'),('145922434381','145921212399','2','1458627189',57,'1459150457'),('145922440580','145921223299','1','1458627189',45,'1459150457'),('145922440581','145921223299','2','1458627189',33,'1459150457'),('145922447680','145921355599','1','1458627189',48,'1459150457'),('145922447681','145921355599','2','1458627189',42,'1459150457'),('145922451380','145921362399','1','1458627189',50,'1459150457'),('145922451381','145921362399','2','1458627189',56,'1459150457'),('145922455880','145921329399','1','1458627189',37,'1459150457'),('145922455881','145921329399','2','1458627189',60,'1459150457'),('145922462480','145921370799','1','1458627189',40,'1459150457'),('145922462481','145921370799','2','1458627189',30,'1459150457'),('145922494380','145921347799','1','1458627189',47,'1459150457'),('145922494381','145921347799','2','1458627189',30,'1459150457'),('145922502980','145921393499','1','1458627189',32,'1459150457'),('145922502981','145921393499','2','1458627189',37,'1459150457'),('145922508080','145921399899','1','1458627189',40,'1459150457'),('145922508081','145921399899','2','1458627189',30,'1459150457'),('145922513280','145921376999','1','1458627189',39,'1459150457'),('145922513281','145921376999','2','1458627189',35,'1459150457'),('145922554580','145922537599','1','1458627189',65,'1459150457'),('145922554581','145922537599','2','1458627189',55,'1459150457'),('145922576380','145921736599','1','1458627189',70,'1459152424'),('145922585080','145921744399','1','1458627189',70,'1459152424'),('145922587280','145921751299','1','1458627189',70,'1459152424'),('145922590980','145921757099','1','1458627189',70,'1459152424'),('145922593180','145921762899','1','1458627189',70,'1459152424'),('145922598080','145921771499','1','1458627189',70,'1459152424'),('145922601080','145921776599','1','1458627189',70,'1459152424'),('145922602980','145921810699','1','1458627189',70,'1459152424'),('145922605180','145921818499','1','1458627189',70,'1459152424'),('145922607180','145921824299','1','1458627189',70,'1459152424'),('145922610480','145921836399','1','1458627189',70,'1459152424'),('145922612380','145921844999','1','1458627189',70,'1459152424'),('145922614480','145921857699','1','1458627189',70,'1459152424'),('145922616780','145921865799','1','1458627189',70,'1459152424'),('145922619480','145921871499','1','1458627189',71,'1459152424'),('145922622580','145921876699','1','1458627189',70,'1459152424'),('145922624880','145921881199','1','1458627189',70,'1459152424'),('145922626980','145921885699','1','1458627189',70,'1459152424'),('145922629180','145921890999','1','1458627189',70,'1459152424'),('145922631480','145921895099','1','1458627189',70,'1459152424'),('145922635880','145921904899','1','1458627189',70,'1459152424'),('145922637780','145921910299','1','1458627189',70,'1459152424'),('145922641080','145921920499','1','1458627189',76,'1459152424'),('145922643280','145921915699','1','1458627189',70,'1459152424'),('145922645480','145921925199','1','1458627189',71,'1459152424'),('145922647580','145921931999','1','1458627189',70,'1459152424'),('145922652280','145922550399','1','1458627189',70,'1459152424'),('145922654080','145922553399','1','1458627189',71,'1459152424'),('145922655880','145922556399','1','1458627189',70,'1459152424'),('145922658380','145922558399','1','1458627189',72,'1459152424'),('145922660880','145922560899','1','1458627189',70,'1459152424'),('145922664480','145922563199','1','1458627189',70,'1459152424'),('145922666080','145922565199','1','1458627189',70,'1459152424'),('145922685381','145921736599','2','1458627189',10,'1459152424'),('145922687081','145921744399','2','1458627189',15,'1459152424'),('145922689181','145921751299','2','1458627189',15,'1459152424'),('145922691381','145921757099','2','1458627189',15,'1459152424'),('145922693281','145921762899','2','1458627189',15,'1459152424'),('145922695381','145921771499','2','1458627189',15,'1459152424'),('145922697281','145921776599','2','1458627189',20,'1459152424'),('145922700481','145921810699','2','1458627189',20,'1459152424'),('145922704481','145921818499','2','1458627189',20,'1459152424'),('145922706381','145921824299','2','1458627189',20,'1459152424'),('145922709281','145921836399','2','1458627189',20,'1459152424'),('145922711181','145921844999','2','1458627189',20,'1459152424'),('145922713081','145921857699','2','1458627189',20,'1459152424'),('145922714781','145921865799','2','1458627189',20,'1459152424'),('145922716681','145921871499','2','1458627189',20,'1459152424'),('145922718381','145921876699','2','1458627189',20,'1459152424'),('145922720081','145921881199','2','1458627189',20,'1459152424'),('145922722081','145921885699','2','1458627189',20,'1459152424'),('145922723881','145921890999','2','1458627189',20,'1459152424'),('145922725781','145921895099','2','1458627189',20,'1459152424'),('145922727981','145921900699','2','1458627189',0,'1459152424'),('145922729681','145921904899','2','1458627189',20,'1459152424'),('145922731581','145921910299','2','1458627189',20,'1459152424'),('145922733381','145921915699','2','1458627189',20,'1459152424'),('145922735181','145921920499','2','1458627189',20,'1459152424'),('145922736981','145921925199','2','1458627189',20,'1459152424'),('145922738781','145921931999','2','1458627189',20,'1459152424'),('145922740481','145922550399','2','1458627189',20,'1459152424'),('145922742481','145922553399','2','1458627189',20,'1459152424'),('145922744181','145922556399','2','1458627189',20,'1459152424'),('145922748381','145922558399','2','1458627189',20,'1459152424'),('145922751081','145922560899','2','1458627189',20,'1459152424'),('145922752981','145922563199','2','1458627189',20,'1459152424'),('145922755281','145922565199','2','1458627189',20,'1459152424'),('145922802981','145922786599','2','1458627189',0,'1459152424'),('145922979880','145922974399','1','1458627189',15,'1459136367'),('145922979881','145922974399','2','1458627189',15,'1459136367'),('145922979882','145922974399','3','1458627189',15,'1459136367'),('145923010780','145922048299','1','1458627189',36,'1459215531'),('145923010781','145922048299','2','1458627189',75,'1459215531'),('145923015480','145922061599','1','1458627189',37,'1459215531'),('145923015481','145922061599','2','1458627189',73,'1459215531'),('145923018580','145922447199','1','1458627189',35,'1459215531'),('145923018581','145922447199','2','1458627189',55,'1459215531'),('145923021980','145922459899','1','1458627189',32,'1459215531'),('145923021981','145922459899','2','1458627189',49,'1459215531'),('145923026480','145922536699','1','1458627189',40,'1459215531'),('145923026481','145922536699','2','1458627189',70,'1459215531'),('145923030180','145922544799','1','1458627189',41,'1459215531'),('145923030181','145922544799','2','1458627189',94,'1459215531'),('145923033880','145922551099','1','1458627189',30,'1459215531'),('145923033881','145922551099','2','1458627189',50,'1459215531'),('145923036780','145922557999','1','1458627189',37,'1459215531'),('145923036781','145922557999','2','1458627189',61,'1459215531'),('145923039680','145922567299','1','1458627189',77,'1459215531'),('145923039681','145922567299','2','1458627189',68,'1459215531'),('145923042680','145922572799','1','1458627189',44,'1459215531'),('145923042681','145922572799','2','1458627189',75,'1459215531'),('145923047280','145922578999','1','1458627189',66,'1459215531'),('145923047281','145922578999','2','1458627189',86,'1459215531'),('145923050380','145922592899','1','1458627189',68,'1459215531'),('145923050381','145922592899','2','1458627189',67,'1459215531'),('145923053480','145922598799','1','1458627189',37,'1459215531'),('145923053481','145922598799','2','1458627189',75,'1459215531'),('145923057180','145922604899','1','1458627189',73,'1459215531'),('145923057181','145922604899','2','1458627189',113,'1459215531'),('145923060380','145922609899','1','1458627189',44,'1459215531'),('145923060381','145922609899','2','1458627189',52,'1459215531'),('145923064080','145922616499','1','1458627189',34,'1459215531'),('145923064081','145922616499','2','1458627189',39,'1459215531'),('145923066980','145922623999','1','1458627189',48,'1459215531'),('145923066981','145922623999','2','1458627189',72,'1459215531'),('145923069880','145922749099','1','1458627189',35,'1459215531'),('145923069881','145922749099','2','1458627189',55,'1459215531'),('145923073180','145922756899','1','1458627189',33,'1459215531'),('145923073181','145922756899','2','1458627189',31,'1459215531'),('145923076280','145922774399','1','1458627189',46,'1459215531'),('145923076281','145922774399','2','1458627189',60,'1459215531'),('145923173180','145913825399','1','1458627189',50,'1459136436'),('145923173181','145913825399','2','1458627189',50,'1459136436'),('145923173182','145913825399','3','1458627189',0,'1459136436'),('145923180680','145913973399','1','1458627189',50,'1459136436'),('145923180681','145913973399','2','1458627189',40,'1459136436'),('145923180682','145913973399','3','1458627189',0,'1459136436'),('145923186280','145923162299','1','1458627189',15,'1459136436'),('145923186281','145923162299','2','1458627189',15,'1459136436'),('145923224480','145913983599','1','1458627189',30,'1459136436'),('145923224481','145913983599','2','1458627189',30,'1459136436'),('145923228880','145913989399','1','1458627189',40,'1459136436'),('145923228881','145913989399','2','1458627189',40,'1459136436'),('145923241780','145913995999','1','1458627189',25,'1459136436'),('145923241781','145913995999','2','1458627189',25,'1459136436'),('145923294780','145914067699','1','1458627189',40,'1459136436'),('145923294781','145914067699','2','1458627189',40,'1459136436'),('145923298080','145914264899','1','1458627189',22,'1459136436'),('145923298081','145914264899','2','1458627189',40,'1459136436'),('145923303580','145914111099','1','1458627189',40,'1459136436'),('145923303581','145914111099','2','1458627189',40,'1459136436'),('145923311280','145914254599','1','1458627189',30,'1459136436'),('145923311281','145914254599','2','1458627189',30,'1459136436'),('145923361280','145921317299','1','1458627189',45,'1459150457'),('145923361281','145921317299','2','1458627189',40,'1459150457'),('145923365880','145915261599','1','1458627189',20,'1459152004'),('145923365881','145915261599','2','1458627189',15,'1459152004'),('145923365882','145915261599','3','1458627189',10,'1459152004'),('145923371780','145923024199','1','1458627189',20,'1459152004'),('145923371781','145923024199','2','1458627189',15,'1459152004'),('145923371782','145923024199','3','1458627189',10,'1459152004'),('145923375480','145923030899','1','1458627189',20,'1459152004'),('145923375481','145923030899','2','1458627189',15,'1459152004'),('145923375482','145923030899','3','1458627189',10,'1459152004'),('145923378380','145923039099','1','1458627189',20,'1459152004'),('145923378381','145923039099','2','1458627189',15,'1459152004'),('145923378382','145923039099','3','1458627189',10,'1459152004'),('145923381580','145923044699','1','1458627189',20,'1459152004'),('145923381581','145923044699','2','1458627189',10,'1459152004'),('145923383980','145923056399','1','1458627189',20,'1459152004'),('145923383981','145923056399','2','1458627189',20,'1459152004'),('145923383982','145923056399','3','1458627189',20,'1459152004'),('145923385780','145923063299','1','1458627189',20,'1459152004'),('145923385781','145923063299','2','1458627189',20,'1459152004'),('145923385782','145923063299','3','1458627189',20,'1459152004'),('145923388080','145923072599','1','1458627189',20,'1459152004'),('145923388081','145923072599','2','1458627189',20,'1459152004'),('145923388082','145923072599','3','1458627189',20,'1459152004'),('145923391180','145923079199','1','1458627189',20,'1459152004'),('145923391181','145923079199','2','1458627189',20,'1459152004'),('145923391182','145923079199','3','1458627189',20,'1459152004'),('145923393480','145923084099','1','1458627189',20,'1459152004'),('145923393481','145923084099','2','1458627189',20,'1459152004'),('145923393482','145923084099','3','1458627189',20,'1459152004'),('145923395980','145923089699','1','1458627189',20,'1459152004'),('145923395981','145923089699','2','1458627189',20,'1459152004'),('145923395982','145923089699','3','1458627189',20,'1459152004'),('145923397780','145923096399','1','1458627189',20,'1459152004'),('145923397781','145923096399','2','1458627189',20,'1459152004'),('145923397782','145923096399','3','1458627189',20,'1459152004'),('145923399680','145923102499','1','1458627189',20,'1459152004'),('145923399681','145923102499','2','1458627189',20,'1459152004'),('145923399682','145923102499','3','1458627189',20,'1459152004'),('145923402580','145923109699','1','1458627189',20,'1459152004'),('145923402581','145923109699','2','1458627189',20,'1459152004'),('145923402582','145923109699','3','1458627189',20,'1459152004'),('145923404780','145923120299','1','1458627189',20,'1459152004'),('145923404781','145923120299','2','1458627189',20,'1459152004'),('145923404782','145923120299','3','1458627189',20,'1459152004'),('145923406680','145923132099','1','1458627189',20,'1459152004'),('145923406681','145923132099','2','1458627189',20,'1459152004'),('145923406682','145923132099','3','1458627189',20,'1459152004'),('145923409280','145923153399','1','1458627189',20,'1459152004'),('145923409281','145923153399','2','1458627189',20,'1459152004'),('145923409282','145923153399','3','1458627189',20,'1459152004'),('145923411980','145923157299','1','1458627189',20,'1459152004'),('145923411981','145923157299','2','1458627189',20,'1459152004'),('145923411982','145923157299','3','1458627189',20,'1459152004'),('145923414080','145923161699','1','1458627189',20,'1459152004'),('145923414081','145923161699','2','1458627189',20,'1459152004'),('145923414082','145923161699','3','1458627189',20,'1459152004'),('145923416180','145923168399','1','1458627189',20,'1459152004'),('145923416181','145923168399','2','1458627189',20,'1459152004'),('145923416182','145923168399','3','1458627189',20,'1459152004'),('145923419080','145923170899','1','1458627189',20,'1459152004'),('145923419081','145923170899','2','1458627189',20,'1459152004'),('145923419082','145923170899','3','1458627189',20,'1459152004'),('145923421080','145923173799','1','1458627189',20,'1459152004'),('145923421081','145923173799','2','1458627189',20,'1459152004'),('145923421082','145923173799','3','1458627189',20,'1459152004'),('145923422980','145923176499','1','1458627189',20,'1459152004'),('145923422981','145923176499','2','1458627189',20,'1459152004'),('145923422982','145923176499','3','1458627189',20,'1459152004'),('145923788080','145914272099','1','1458627189',39,'1459136436'),('145923788081','145914272099','2','1458627189',40,'1459136436'),('145923792780','145914310799','1','1458627189',24,'1459136436'),('145923792781','145914310799','2','1458627189',25,'1459136436'),('145923792782','145914310799','3','1458627189',11,'1459136436'),('145923822480','145922237899','1','1458627189',35,'1459136436'),('145923822481','145922237899','2','1458627189',40,'1459136436'),('145923832580','145922250799','1','1458627189',45,'1459136436'),('145923832581','145922250799','2','1458627189',40,'1459136436'),('145924457380','145922783399','1','1458627189',32,'1459215531'),('145924457381','145922783399','2','1458627189',76,'1459215531'),('145924461480','145922789099','1','1458627189',50,'1459215531'),('145924461481','145922789099','2','1458627189',93,'1459215531'),('145929687780','145929592399','1','1458627189',20,'1459137438'),('145929687781','145929592399','2','1458627189',20,'1459137438'),('145929859080','145929693299','1','1458627189',45,'1459240332'),('145929859081','145929693299','2','1458627189',10,'1459240332'),('145929898680','145929714099','1','1458627189',30,'1459240332'),('145929898681','145929714099','2','1458627189',15,'1459240332'),('145929902580','145929703599','1','1458627189',50,'1459240332'),('145929902581','145929703599','2','1458627189',15,'1459240332'),('145929906780','145929698299','1','1458627189',50,'1459240332'),('145929906781','145929698299','2','1458627189',15,'1459240332'),('145929908880','145929708899','1','1458627189',50,'1459240332'),('145929908881','145929708899','2','1458627189',15,'1459240332'),('145929911280','145929718799','1','1458627189',50,'1459240332'),('145929911281','145929718799','2','1458627189',20,'1459240332'),('145929913780','145929726099','1','1458627189',50,'1459240332'),('145929913781','145929726099','2','1458627189',20,'1459240332'),('145929915680','145929737399','1','1458627189',50,'1459240332'),('145929915681','145929737399','2','1458627189',20,'1459240332'),('145929917980','145929743999','1','1458627189',50,'1459240332'),('145929917981','145929743999','2','1458627189',20,'1459240332'),('145929920080','145929751399','1','1458627189',50,'1459240332'),('145929920081','145929751399','2','1458627189',20,'1459240332'),('145929923880','145929756599','1','1458627189',70,'1459240332'),('145929923881','145929756599','2','1458627189',20,'1459240332'),('145929925980','145929760999','1','1458627189',100,'1459240332'),('145929925981','145929760999','2','1458627189',20,'1459240332'),('145929927780','145929764799','1','1458627189',50,'1459240332'),('145929927781','145929764799','2','1458627189',20,'1459240332'),('145929929580','145929768299','1','1458627189',80,'1459240332'),('145929929581','145929768299','2','1458627189',20,'1459240332'),('145929931280','145929774099','1','1458627189',50,'1459240332'),('145929931281','145929774099','2','1458627189',20,'1459240332'),('145929932980','145929785899','1','1458627189',50,'1459240332'),('145929932981','145929785899','2','1458627189',20,'1459240332'),('145929934580','145929791299','1','1458627189',50,'1459240332'),('145929934581','145929791299','2','1458627189',20,'1459240332'),('145929936480','145929798699','1','1458627189',50,'1459240332'),('145929936481','145929798699','2','1458627189',20,'1459240332'),('145929938280','145929803399','1','1458627189',45,'1459240332'),('145929938281','145929803399','2','1458627189',20,'1459240332'),('145929940280','145929808999','1','1458627189',40,'1459240332'),('145929940281','145929808999','2','1458627189',20,'1459240332'),('145929941780','145929811299','1','1458627189',45,'1459240332'),('145929941781','145929811299','2','1458627189',20,'1459240332'),('145929944780','145929813699','1','1458627189',45,'1459240332'),('145929944781','145929813699','2','1458627189',20,'1459240332'),('145929948980','145922257499','1','1458627189',41,'1459136436'),('145929948981','145922257499','2','1458627189',46,'1459136436'),('145929950080','145929816099','1','1458627189',75,'1459240332'),('145929950081','145929816099','2','1458627189',20,'1459240332'),('145929959980','145922262699','1','1458627189',30,'1459136436'),('145929961580','145929679899','1','1458627189',20,'1459137438'),('145929961581','145929679899','2','1458627189',20,'1459137438'),('145929962982','145922262699','3','1458627189',35,'1459136436'),('145929963680','145929594499','1','1458627189',15,'1459137438'),('145929963681','145929594499','2','1458627189',20,'1459137438'),('145929965680','145922267899','1','1458627189',50,'1459136436'),('145929965681','145922267899','2','1458627189',39,'1459136436'),('145929970680','145922272199','1','1458627189',40,'1459136436'),('145929970681','145922272199','2','1458627189',56,'1459136436'),('145929983680','145914098899','1','1458627189',25,'1459136436'),('145929983681','145914098899','2','1458627189',24,'1459136436'),('145929983682','145914098899','3','1458627189',12,'1459136436'),('145929987880','145914289199','1','1458627189',26,'1459136436'),('145929987881','145914289199','2','1458627189',25,'1459136436'),('145929987882','145914289199','3','1458627189',10,'1459136436'),('145929992580','145922187099','1','1458627189',25,'1459136436'),('145929992581','145922187099','2','1458627189',25,'1459136436'),('145929992582','145922187099','3','1458627189',10,'1459136436'),('145929998880','145922202799','1','1458627189',31,'1459136436'),('145929998881','145922202799','2','1458627189',23,'1459136436'),('145929998882','145922202799','3','1458627189',10,'1459136436'),('145930007880','145922332199','1','1458627189',36,'1459136436'),('145930007881','145922332199','2','1458627189',32,'1459136436'),('145930015080','145922327099','1','1458627189',30,'1459136436'),('145930015081','145922327099','2','1458627189',20,'1459136436'),('145930015082','145922327099','3','1458627189',15,'1459136436'),('145930021380','145914392099','1','1458627189',50,'1459143349'),('145930021381','145914392099','2','1458627189',50,'1459143349'),('145930026580','145914298399','1','1458627189',24,'1459136436'),('145930026581','145914298399','2','1458627189',31,'1459136436'),('145930026582','145914298399','3','1458627189',5,'1459136436'),('145930026980','145914401099','1','1458627189',10,'1459143349'),('145930026981','145914401099','2','1458627189',10,'1459143349'),('145930026982','145914401099','3','1458627189',10,'1459143349'),('145930030680','145914421599','1','1458627189',50,'1459143349'),('145930030681','145914421599','2','1458627189',50,'1459143349'),('145930033580','145914434699','1','1458627189',50,'1459143349'),('145930033581','145914434699','2','1458627189',50,'1459143349'),('145930036380','145914445699','1','1458627189',50,'1459143349'),('145930036381','145914445699','2','1458627189',50,'1459143349'),('145930036880','145922067899','1','1458627189',22,'1459136436'),('145930036881','145922067899','2','1458627189',20,'1459136436'),('145930036882','145922067899','3','1458627189',20,'1459136436'),('145930039080','145914456099','1','1458627189',50,'1459143349'),('145930039081','145914456099','2','1458627189',50,'1459143349'),('145930041680','145914464499','1','1458627189',50,'1459143349'),('145930041681','145914464499','2','1458627189',50,'1459143349'),('145930044080','145914472399','1','1458627189',50,'1459143349'),('145930044081','145914472399','2','1458627189',50,'1459143349'),('145930046480','145914483599','1','1458627189',50,'1459143349'),('145930046481','145914483599','2','1458627189',50,'1459143349'),('145930049080','145914490999','1','1458627189',50,'1459143349'),('145930049081','145914490999','2','1458627189',50,'1459143349'),('145930051880','145914497499','1','1458627189',50,'1459143349'),('145930051881','145914497499','2','1458627189',50,'1459143349'),('145930053880','145914503999','1','1458627189',50,'1459143349'),('145930053881','145914503999','2','1458627189',50,'1459143349'),('145930056480','145914510899','1','1458627189',50,'1459143349'),('145930056481','145914510899','2','1458627189',50,'1459143349'),('145930058680','145914519799','1','1458627189',50,'1459143349'),('145930058681','145914519799','2','1458627189',50,'1459143349'),('145930060880','145914526599','1','1458627189',50,'1459143349'),('145930060881','145914526599','2','1458627189',50,'1459143349'),('145930063080','145914532999','1','1458627189',50,'1459143349'),('145930063081','145914532999','2','1458627189',50,'1459143349'),('145930137880','145922178699','1','1458627189',34,'1459136436'),('145930137881','145922178699','2','1458627189',30,'1459136436'),('145930140980','145915426699','1','1458627189',25,'1459136436'),('145930140981','145915426699','2','1458627189',35,'1459136436'),('145930144680','145922212199','1','1458627189',34,'1459136436'),('145930144681','145922212199','2','1458627189',34,'1459136436'),('145930148780','145922405399','1','1458627189',30,'1459136436'),('145930148781','145922405399','2','1458627189',45,'1459136436'),('145930153480','145921232699','1','1458627189',32,'1459150457'),('145930153481','145921232699','2','1458627189',54,'1459150457'),('145930640180','145930619899','1','1458627189',20,'1459065417'),('145930640181','145930619899','2','1458627189',20,'1459065417'),('145930640182','145930619899','3','1458627189',20,'1459065417'),('145931037480','145922453799','1','1458627189',60,'1459138103'),('145931037481','145922453799','2','1458627189',15,'1459138103'),('145931037482','145922453799','3','1458627189',15,'1459138103'),('145931054280','145922474599','1','1458627189',60,'1459138103'),('145931054281','145922474599','2','1458627189',15,'1459138103'),('145931054282','145922474599','3','1458627189',15,'1459138103'),('145931058680','145922492999','1','1458627189',60,'1459138103'),('145931058681','145922492999','2','1458627189',15,'1459138103'),('145931058682','145922492999','3','1458627189',15,'1459138103'),('145931062580','145922518199','1','1458627189',60,'1459138103'),('145931062581','145922518199','2','1458627189',15,'1459138103'),('145931062582','145922518199','3','1458627189',15,'1459138103'),('145931067680','145922537999','1','1458627189',60,'1459138103'),('145931067681','145922537999','2','1458627189',10,'1459138103'),('145931067682','145922537999','3','1458627189',10,'1459138103'),('145931071680','145922552099','1','1458627189',60,'1459138103'),('145931071681','145922552099','2','1458627189',20,'1459138103'),('145931071682','145922552099','3','1458627189',20,'1459138103'),('145931075480','145922560399','1','1458627189',60,'1459138103'),('145931075481','145922560399','2','1458627189',20,'1459138103'),('145931075482','145922560399','3','1458627189',20,'1459138103'),('145931080080','145922567199','1','1458627189',60,'1459138103'),('145931080081','145922567199','2','1458627189',20,'1459138103'),('145931080082','145922567199','3','1458627189',20,'1459138103'),('145931083380','145922573099','1','1458627189',60,'1459138103'),('145931083381','145922573099','2','1458627189',20,'1459138103'),('145931083382','145922573099','3','1458627189',20,'1459138103'),('145931083680','145929589199','1','1458627189',21,'1459137438'),('145931083681','145929589199','2','1458627189',15,'1459137438'),('145931083682','145929589199','3','1458627189',15,'1459137438'),('145931085880','145929574999','1','1458627189',21,'1459137438'),('145931085881','145929574999','2','1458627189',15,'1459137438'),('145931085882','145929574999','3','1458627189',15,'1459137438'),('145931086280','145922580699','1','1458627189',60,'1459138103'),('145931086281','145922580699','2','1458627189',20,'1459138103'),('145931086282','145922580699','3','1458627189',20,'1459138103'),('145931089880','145922586399','1','1458627189',60,'1459138103'),('145931089881','145922586399','2','1458627189',20,'1459138103'),('145931089882','145922586399','3','1458627189',20,'1459138103'),('145931090880','145929658799','1','1458627189',20,'1459137438'),('145931090881','145929658799','2','1458627189',20,'1459137438'),('145931090882','145929658799','3','1458627189',20,'1459137438'),('145931092880','145929585699','1','1458627189',21,'1459137438'),('145931092881','145929585699','2','1458627189',15,'1459137438'),('145931092882','145929585699','3','1458627189',15,'1459137438'),('145931093880','145922595999','1','1458627189',60,'1459138103'),('145931093881','145922595999','2','1458627189',20,'1459138103'),('145931093882','145922595999','3','1458627189',20,'1459138103'),('145931094382','145929592399','3','1458627189',20,'1459137438'),('145931096180','145929665599','1','1458627189',20,'1459137438'),('145931096181','145929665599','2','1458627189',20,'1459137438'),('145931096182','145929665599','3','1458627189',20,'1459137438'),('145931096780','145922602899','1','1458627189',60,'1459138103'),('145931096781','145922602899','2','1458627189',20,'1459138103'),('145931096782','145922602899','3','1458627189',20,'1459138103'),('145931098082','145929679899','3','1458627189',20,'1459137438'),('145931099580','145922608299','1','1458627189',60,'1459138103'),('145931099581','145922608299','2','1458627189',20,'1459138103'),('145931099582','145922608299','3','1458627189',20,'1459138103'),('145931101980','145922621199','1','1458627189',60,'1459138103'),('145931101981','145922621199','2','1458627189',20,'1459138103'),('145931101982','145922621199','3','1458627189',20,'1459138103'),('145931105280','145922693699','1','1458627189',60,'1459138103'),('145931105281','145922693699','2','1458627189',20,'1459138103'),('145931105282','145922693699','3','1458627189',20,'1459138103'),('145931107580','145922700899','1','1458627189',60,'1459138103'),('145931107581','145922700899','2','1458627189',20,'1459138103'),('145931107582','145922700899','3','1458627189',20,'1459138103'),('145931110080','145922707799','1','1458627189',60,'1459138103'),('145931110081','145922707799','2','1458627189',20,'1459138103'),('145931110082','145922707799','3','1458627189',20,'1459138103'),('145931112380','145922713599','1','1458627189',60,'1459138103'),('145931112381','145922713599','2','1458627189',20,'1459138103'),('145931112382','145922713599','3','1458627189',20,'1459138103'),('145931116180','145922719899','1','1458627189',60,'1459138103'),('145931116181','145922719899','2','1458627189',20,'1459138103'),('145931116182','145922719899','3','1458627189',20,'1459138103'),('145931123080','145922727099','1','1458627189',60,'1459138103'),('145931123081','145922727099','2','1458627189',20,'1459138103'),('145931123082','145922727099','3','1458627189',20,'1459138103'),('145931149980','145931141499','1','1458627189',60,'1459138103'),('145931149981','145931141499','2','1458627189',15,'1459138103'),('145931149982','145931141499','3','1458627189',15,'1459138103'),('145931245780','145931230899','1','1458627189',15,'1459303811'),('145931245781','145931230899','2','1458627189',20,'1459303811'),('145931245782','145931230899','3','1458627189',20,'1459303811'),('145931261880','145922079299','1','1458627189',30,'1459136436'),('145931261881','145922079299','2','1458627189',30,'1459136436'),('145931268380','145922085799','1','1458627189',30,'1459136436'),('145931268381','145922085799','2','1458627189',30,'1459136436'),('145931528680','145915277899','1','1458627189',51,'1459150862'),('145931531480','145915424599','1','1458627189',100,'1459150862'),('145931532780','145915428299','1','1458627189',108,'1459150862'),('145931534980','145915433999','1','1458627189',50,'1459150862'),('145931536580','145915440999','1','1458627189',50,'1459150862'),('145931538080','145915444499','1','1458627189',100,'1459150862'),('145931539380','145915451399','1','1458627189',50,'1459150862'),('145931540780','145915454899','1','1458627189',100,'1459150862'),('145931542080','145915459299','1','1458627189',100,'1459150862'),('145931543780','145915462899','1','1458627189',50,'1459150862'),('145931546580','145915467499','1','1458627189',100,'1459150862'),('145931547880','145915470699','1','1458627189',60,'1459150862'),('145931549180','145915476499','1','1458627189',50,'1459150862'),('145931550480','145915480999','1','1458627189',50,'1459150862'),('145931551880','145915484899','1','1458627189',50,'1459150862'),('145931553180','145915489199','1','1458627189',50,'1459150862'),('145931555280','145915448599','1','1458627189',100,'1459150862'),('145931557080','145915491799','1','1458627189',100,'1459150862'),('145931558480','145915493799','1','1458627189',100,'1459150862'),('145931559680','145915495399','1','1458627189',100,'1459150862'),('145931636780','145931295999','1','1458627189',120,'1459133843'),('145931636781','145931295999','2','1458627189',120,'1459133843'),('145931636782','145931295999','3','1458627189',15,'1459133843'),('145931776380','145921574999','1','1458627189',64,'1459213265'),('145931776381','145921574999','2','1458627189',62,'1459213265'),('145931783680','145921601199','1','1458627189',63,'1459213265'),('145931783681','145921601199','2','1458627189',61,'1459213265'),('145931807980','145921634199','1','1458627189',64,'1459213265'),('145931807981','145921634199','2','1458627189',62,'1459213265'),('145931813180','145921646499','1','1458627189',64,'1459213265'),('145931813181','145921646499','2','1458627189',64,'1459213265'),('145931814580','145931471499','1','1458627189',30,'1459310660'),('145931817680','145921659499','1','1458627189',64,'1459213265'),('145931817681','145921659499','2','1458627189',64,'1459213265'),('145931822580','145921743999','1','1458627189',65,'1459213265'),('145931822581','145921743999','2','1458627189',62,'1459213265'),('145931825480','145921750499','1','1458627189',60,'1459213265'),('145931825481','145921750499','2','1458627189',62,'1459213265'),('145931828880','145931496999','1','1458627189',45,'1459310660'),('145931831880','145931506199','1','1458627189',45,'1459310660'),('145931834980','145931514599','1','1458627189',45,'1459310660'),('145931838280','145931520899','1','1458627189',45,'1459310660'),('145931842480','145931532399','1','1458627189',60,'1459310660'),('145931846180','145931538699','1','1458627189',60,'1459310660'),('145931852480','145931544099','1','1458627189',60,'1459310660'),('145931854580','145921756599','1','1458627189',64,'1459213265'),('145931854581','145921756599','2','1458627189',60,'1459213265'),('145931855380','145931561299','1','1458627189',60,'1459310660'),('145931858380','145921761699','1','1458627189',61,'1459213265'),('145931858381','145921761699','2','1458627189',61,'1459213265'),('145931861780','145931573299','1','1458627189',33,'1459310660'),('145931861781','145931573299','2','1458627189',27,'1459310660'),('145931862180','145921858699','1','1458627189',64,'1459213265'),('145931862181','145921858699','2','1458627189',60,'1459213265'),('145931865481','145931583599','2','1458627189',60,'1459310660'),('145931866080','145921864499','1','1458627189',64,'1459213265'),('145931866081','145921864499','2','1458627189',62,'1459213265'),('145931868381','145931597999','2','1458627189',60,'1459310660'),('145931869680','145921876799','1','1458627189',64,'1459213265'),('145931869681','145921876799','2','1458627189',64,'1459213265'),('145931873680','145921946899','1','1458627189',63,'1459213265'),('145931873681','145921946899','2','1458627189',62,'1459213265'),('145931874681','145931606199','2','1458627189',57,'1459310660'),('145931874682','145931606199','3','1458627189',3,'1459310660'),('145931876580','145921952099','1','1458627189',61,'1459213265'),('145931876581','145921952099','2','1458627189',66,'1459213265'),('145931877382','145931615699','3','1458627189',60,'1459310660'),('145931879582','145931629999','3','1458627189',60,'1459310660'),('145931881582','145931637599','3','1458627189',60,'1459310660'),('145931883580','145921957799','1','1458627189',64,'1459213265'),('145931883581','145921957799','2','1458627189',64,'1459213265'),('145931885082','145931643499','3','1458627189',60,'1459310660'),('145931886580','145921965399','1','1458627189',63,'1459213265'),('145931886581','145921965399','2','1458627189',60,'1459213265'),('145931888780','145921969099','1','1458627189',62,'1459213265'),('145931888781','145921969099','2','1458627189',63,'1459213265'),('145931910680','145931127599','1','1458627189',40,'1459136279'),('145931910681','145931127599','2','1458627189',30,'1459136279'),('145931910682','145931127599','3','1458627189',20,'1459136279'),('145931914580','145931148399','1','1458627189',40,'1459136279'),('145931914581','145931148399','2','1458627189',40,'1459136279'),('145931914582','145931148399','3','1458627189',20,'1459136279'),('145931927080','145931162799','1','1458627189',40,'1459136279'),('145931927081','145931162799','2','1458627189',40,'1459136279'),('145931927082','145931162799','3','1458627189',20,'1459136279'),('145931931080','145931202599','1','1458627189',40,'1459136279'),('145931931081','145931202599','2','1458627189',40,'1459136279'),('145931931082','145931202599','3','1458627189',20,'1459136279'),('145931935680','145931216499','1','1458627189',40,'1459136279'),('145931935681','145931216499','2','1458627189',40,'1459136279'),('145931935682','145931216499','3','1458627189',20,'1459136279'),('145931940880','145931227199','1','1458627189',40,'1459136279'),('145931940881','145931227199','2','1458627189',40,'1459136279'),('145931940882','145931227199','3','1458627189',20,'1459136279'),('145931944880','145931232999','1','1458627189',40,'1459136279'),('145931944881','145931232999','2','1458627189',40,'1459136279'),('145931944882','145931232999','3','1458627189',20,'1459136279'),('145931947080','145931240299','1','1458627189',40,'1459136279'),('145931947081','145931240299','2','1458627189',40,'1459136279'),('145931947082','145931240299','3','1458627189',20,'1459136279'),('145931950280','145931251999','1','1458627189',40,'1459136279'),('145931950281','145931251999','2','1458627189',40,'1459136279'),('145931950282','145931251999','3','1458627189',20,'1459136279'),('145931953880','145931258199','1','1458627189',40,'1459136279'),('145931953881','145931258199','2','1458627189',40,'1459136279'),('145931953882','145931258199','3','1458627189',20,'1459136279'),('145931956080','145931268399','1','1458627189',40,'1459136279'),('145931956081','145931268399','2','1458627189',40,'1459136279'),('145931956082','145931268399','3','1458627189',20,'1459136279'),('145931959480','145931277299','1','1458627189',40,'1459136279'),('145931959481','145931277299','2','1458627189',40,'1459136279'),('145931959482','145931277299','3','1458627189',20,'1459136279'),('145931961480','145931284899','1','1458627189',40,'1459136279'),('145931961481','145931284899','2','1458627189',40,'1459136279'),('145931961482','145931284899','3','1458627189',20,'1459136279'),('145931963680','145931294299','1','1458627189',40,'1459136279'),('145931963681','145931294299','2','1458627189',40,'1459136279'),('145931963682','145931294299','3','1458627189',20,'1459136279'),('145931966280','145931356199','1','1458627189',40,'1459136279'),('145931966281','145931356199','2','1458627189',40,'1459136279'),('145931966282','145931356199','3','1458627189',20,'1459136279'),('145931968780','145931373299','1','1458627189',40,'1459136279'),('145931968781','145931373299','2','1458627189',40,'1459136279'),('145931968782','145931373299','3','1458627189',20,'1459136279'),('145931970580','145931565899','1','1458627189',40,'1459136279'),('145931970581','145931565899','2','1458627189',40,'1459136279'),('145931970582','145931565899','3','1458627189',20,'1459136279'),('145931972480','145931574199','1','1458627189',40,'1459136279'),('145931972481','145931574199','2','1458627189',40,'1459136279'),('145931972482','145931574199','3','1458627189',20,'1459136279'),('145931974280','145931586499','1','1458627189',40,'1459136279'),('145931974281','145931586499','2','1458627189',40,'1459136279'),('145931974282','145931586499','3','1458627189',20,'1459136279'),('145931975880','145931604699','1','1458627189',40,'1459136279'),('145931975881','145931604699','2','1458627189',40,'1459136279'),('145931975882','145931604699','3','1458627189',20,'1459136279'),('145931977680','145931591199','1','1458627189',40,'1459136279'),('145931977681','145931591199','2','1458627189',40,'1459136279'),('145931977682','145931591199','3','1458627189',20,'1459136279'),('145931979180','145931599999','1','1458627189',40,'1459136279'),('145931979181','145931599999','2','1458627189',40,'1459136279'),('145931979182','145931599999','3','1458627189',20,'1459136279'),('145931981980','145931608699','1','1458627189',40,'1459136279'),('145931981981','145931608699','2','1458627189',40,'1459136279'),('145931981982','145931608699','3','1458627189',20,'1459136279'),('145931983580','145931624999','1','1458627189',40,'1459136279'),('145931983581','145931624999','2','1458627189',40,'1459136279'),('145931983582','145931624999','3','1458627189',20,'1459136279'),('145931985680','145931649199','1','1458627189',40,'1459136279'),('145931985681','145931649199','2','1458627189',40,'1459136279'),('145931985682','145931649199','3','1458627189',20,'1459136279'),('145931990080','145931656299','1','1458627189',40,'1459136279'),('145931990081','145931656299','2','1458627189',40,'1459136279'),('145931990082','145931656299','3','1458627189',20,'1459136279'),('145931992780','145931658999','1','1458627189',40,'1459136279'),('145931992781','145931658999','2','1458627189',40,'1459136279'),('145931992782','145931658999','3','1458627189',20,'1459136279'),('145931994480','145931664799','1','1458627189',40,'1459136279'),('145931994481','145931664799','2','1458627189',40,'1459136279'),('145931994482','145931664799','3','1458627189',20,'1459136279'),('145931996080','145931798799','1','1458627189',40,'1459136279'),('145931996081','145931798799','2','1458627189',40,'1459136279'),('145931996082','145931798799','3','1458627189',20,'1459136279'),('145931997880','145931802599','1','1458627189',40,'1459136279'),('145931997881','145931802599','2','1458627189',40,'1459136279'),('145931997882','145931802599','3','1458627189',20,'1459136279'),('145931999680','145931809799','1','1458627189',40,'1459136279'),('145931999681','145931809799','2','1458627189',40,'1459136279'),('145931999682','145931809799','3','1458627189',20,'1459136279'),('145932001280','145931824199','1','1458627189',40,'1459136279'),('145932001281','145931824199','2','1458627189',40,'1459136279'),('145932001282','145931824199','3','1458627189',20,'1459136279'),('145932007080','145931827399','1','1458627189',20,'1459136279'),('145932007081','145931827399','2','1458627189',20,'1459136279'),('145932007082','145931827399','3','1458627189',20,'1459136279'),('145932011680','145931830299','1','1458627189',40,'1459136279'),('145932011681','145931830299','2','1458627189',40,'1459136279'),('145932011682','145931830299','3','1458627189',20,'1459136279'),('145932014380','145931833599','1','1458627189',40,'1459136279'),('145932014381','145931833599','2','1458627189',40,'1459136279'),('145932014382','145931833599','3','1458627189',20,'1459136279'),('145932015680','145931835999','1','1458627189',40,'1459136279'),('145932015681','145931835999','2','1458627189',40,'1459136279'),('145932015682','145931835999','3','1458627189',20,'1459136279'),('145932141780','145929668899','1','1458627189',21,'1459137438'),('145932141781','145929668899','2','1458627189',20,'1459137438'),('145932141782','145929668899','3','1458627189',20,'1459137438'),('145932209282','145921736599','3','1458627189',10,'1459152424'),('145932212882','145921744399','3','1458627189',15,'1459152424'),('145932216482','145921751299','3','1458627189',15,'1459152424'),('145932218580','145931653199','1','1458627189',40,'1459136279'),('145932218581','145931653199','2','1458627189',40,'1459136279'),('145932218582','145931653199','3','1458627189',20,'1459136279'),('145932219482','145921757099','3','1458627189',15,'1459152424'),('145932222581','145922020399','2','1458627189',70,'1459151125'),('145932223881','145922027599','2','1458627189',80,'1459151125'),('145932225081','145922042599','2','1458627189',80,'1459151125'),('145932225582','145921762899','3','1458627189',15,'1459152424'),('145932226281','145922054299','2','1458627189',80,'1459151125'),('145932227781','145922059399','2','1458627189',80,'1459151125'),('145932228182','145921771499','3','1458627189',15,'1459152424'),('145932229181','145922064299','2','1458627189',80,'1459151125'),('145932230781','145922069499','2','1458627189',80,'1459151125'),('145932231782','145921776599','3','1458627189',20,'1459152424'),('145932233381','145922073699','2','1458627189',80,'1459151125'),('145932234581','145922078699','2','1458627189',80,'1459151125'),('145932234882','145921810699','3','1458627189',20,'1459152424'),('145932235781','145922082999','2','1458627189',80,'1459151125'),('145932237282','145921818499','3','1458627189',20,'1459152424'),('145932237781','145922091299','2','1458627189',80,'1459151125'),('145932239081','145922096799','2','1458627189',80,'1459151125'),('145932239982','145921824299','3','1458627189',20,'1459152424'),('145932240581','145922102599','2','1458627189',70,'1459151125'),('145932241981','145922108999','2','1458627189',80,'1459151125'),('145932243281','145922118199','2','1458627189',80,'1459151125'),('145932244182','145921836399','3','1458627189',20,'1459152424'),('145932244481','145922169199','2','1458627189',80,'1459151125'),('145932245681','145922173899','2','1458627189',80,'1459151125'),('145932246882','145921844999','3','1458627189',20,'1459152424'),('145932250382','145921857699','3','1458627189',20,'1459152424'),('145932253782','145921865799','3','1458627189',20,'1459152424'),('145932256782','145921871499','3','1458627189',20,'1459152424'),('145932259982','145921876699','3','1458627189',20,'1459152424'),('145932263782','145921881199','3','1458627189',20,'1459152424'),('145932267382','145921885699','3','1458627189',20,'1459152424'),('145932270182','145921890999','3','1458627189',20,'1459152424'),('145932272382','145921895099','3','1458627189',20,'1459152424'),('145932276382','145921900699','3','1458627189',20,'1459152424'),('145932283082','145921904899','3','1458627189',20,'1459152424'),('145932288682','145921910299','3','1458627189',20,'1459152424'),('145932292482','145921915699','3','1458627189',20,'1459152424'),('145932298482','145921920499','3','1458627189',20,'1459152424'),('145932303282','145921925199','3','1458627189',20,'1459152424'),('145932305782','145921931999','3','1458627189',20,'1459152424'),('145932309982','145922550399','3','1458627189',20,'1459152424'),('145932311682','145922553399','3','1458627189',20,'1459152424'),('145932314282','145922556399','3','1458627189',20,'1459152424'),('145932317682','145922558399','3','1458627189',20,'1459152424'),('145932320182','145922560899','3','1458627189',20,'1459152424'),('145932323382','145922563199','3','1458627189',20,'1459152424'),('145932325582','145922565199','3','1458627189',20,'1459152424'),('145932329382','145922776799','3','1458627189',20,'1459152424'),('145932441980','145931726899','1','1458627189',10,'1459137270'),('145932441981','145931726899','2','1458627189',10,'1459137270'),('145932441982','145931726899','3','1458627189',10,'1459137270'),('145932446180','145931796699','1','1458627189',15,'1459137270'),('145932446181','145931796699','2','1458627189',15,'1459137270'),('145932446182','145931796699','3','1458627189',15,'1459137270'),('145932451580','145931801899','1','1458627189',15,'1459137270'),('145932451581','145931801899','2','1458627189',15,'1459137270'),('145932451582','145931801899','3','1458627189',15,'1459137270'),('145932455880','145931806099','1','1458627189',15,'1459137270'),('145932455881','145931806099','2','1458627189',15,'1459137270'),('145932455882','145931806099','3','1458627189',15,'1459137270'),('145932459480','145931816499','1','1458627189',15,'1459137270'),('145932459481','145931816499','2','1458627189',15,'1459137270'),('145932459482','145931816499','3','1458627189',15,'1459137270'),('145932462480','145932123399','1','1458627189',15,'1459137270'),('145932462481','145932123399','2','1458627189',16,'1459137270'),('145932462482','145932123399','3','1458627189',15,'1459137270'),('145932465780','145932168199','1','1458627189',20,'1459137270'),('145932465781','145932168199','2','1458627189',20,'1459137270'),('145932465782','145932168199','3','1458627189',20,'1459137270'),('145932468980','145932182299','1','1458627189',20,'1459137270'),('145932468981','145932182299','2','1458627189',20,'1459137270'),('145932468982','145932182299','3','1458627189',20,'1459137270'),('145932471580','145932193799','1','1458627189',20,'1459137270'),('145932471581','145932193799','2','1458627189',20,'1459137270'),('145932471582','145932193799','3','1458627189',20,'1459137270'),('145932473980','145932200099','1','1458627189',20,'1459137270'),('145932473981','145932200099','2','1458627189',20,'1459137270'),('145932473982','145932200099','3','1458627189',20,'1459137270'),('145932477780','145932225799','1','1458627189',20,'1459137270'),('145932477781','145932225799','2','1458627189',22,'1459137270'),('145932477782','145932225799','3','1458627189',20,'1459137270'),('145932480180','145932236999','1','1458627189',19,'1459137270'),('145932480181','145932236999','2','1458627189',20,'1459137270'),('145932480182','145932236999','3','1458627189',20,'1459137270'),('145932482180','145932266199','1','1458627189',20,'1459137270'),('145932482181','145932266199','2','1458627189',20,'1459137270'),('145932482182','145932266199','3','1458627189',20,'1459137270'),('145932486580','145932277699','1','1458627189',20,'1459137270'),('145932486581','145932277699','2','1458627189',21,'1459137270'),('145932486582','145932277699','3','1458627189',20,'1459137270'),('145932488680','145932339999','1','1458627189',20,'1459137270'),('145932488681','145932339999','2','1458627189',20,'1459137270'),('145932488682','145932339999','3','1458627189',20,'1459137270'),('145932490580','145932348199','1','1458627189',20,'1459137270'),('145932490581','145932348199','2','1458627189',20,'1459137270'),('145932490582','145932348199','3','1458627189',20,'1459137270'),('145932493480','145932356499','1','1458627189',20,'1459137270'),('145932493481','145932356499','2','1458627189',20,'1459137270'),('145932493482','145932356499','3','1458627189',20,'1459137270'),('145932495380','145932380599','1','1458627189',20,'1459137270'),('145932495381','145932380599','2','1458627189',20,'1459137270'),('145932495382','145932380599','3','1458627189',20,'1459137270'),('145932497380','145932387699','1','1458627189',20,'1459137270'),('145932497381','145932387699','2','1458627189',20,'1459137270'),('145932497382','145932387699','3','1458627189',20,'1459137270'),('145932499480','145932399199','1','1458627189',20,'1459137270'),('145932499481','145932399199','2','1458627189',18,'1459137270'),('145932499482','145932399199','3','1458627189',20,'1459137270'),('145932501980','145932408399','1','1458627189',20,'1459137270'),('145932501981','145932408399','2','1458627189',20,'1459137270'),('145932501982','145932408399','3','1458627189',20,'1459137270'),('145932503980','145932415399','1','1458627189',20,'1459137270'),('145932503981','145932415399','2','1458627189',20,'1459137270'),('145932503982','145932415399','3','1458627189',20,'1459137270'),('145932506280','145932420499','1','1458627189',20,'1459137270'),('145932506281','145932420499','2','1458627189',20,'1459137270'),('145932506282','145932420499','3','1458627189',20,'1459137270'),('145932508180','145932426599','1','1458627189',21,'1459137270'),('145932508181','145932426599','2','1458627189',20,'1459137270'),('145932508182','145932426599','3','1458627189',20,'1459137270'),('145934323481','145933322199','2','1458627189',90,'1459331835'),('145934324981','145933339899','2','1458627189',85,'1459331835'),('145934326781','145933357399','2','1458627189',95,'1459331835'),('145934328581','145933364299','2','1458627189',80,'1459331835'),('145934330481','145933389899','2','1458627189',83,'1459331835'),('145934334081','145933395999','2','1458627189',90,'1459331835'),('145934336881','145933408999','2','1458627189',100,'1459331835'),('145934339681','145933414699','2','1458627189',100,'1459331835'),('145934342081','145933422699','2','1458627189',90,'1459331835'),('145934344081','145933431099','2','1458627189',75,'1459331835'),('145934347681','145933437199','2','1458627189',85,'1459331835'),('145934349681','145933445999','2','1458627189',93,'1459331835'),('145934351781','145933453099','2','1458627189',80,'1459331835'),('145934353481','145933460799','2','1458627189',80,'1459331835'),('145934355581','145933465899','2','1458627189',25,'1459331835'),('145934357181','145933470599','2','1458627189',85,'1459331835'),('145934359181','145933482199','2','1458627189',80,'1459331835'),('145934361081','145933489699','2','1458627189',85,'1459331835'),('145934362681','145933494499','2','1458627189',80,'1459331835'),('145934364381','145933498299','2','1458627189',70,'1459331835'),('145934367281','145933503399','2','1458627189',76,'1459331835'),('145934368581','145933507799','2','1458627189',70,'1459331835'),('145934371181','145934206799','2','1458627189',66,'1459331835'),('145934373081','145934201699','2','1458627189',100,'1459331835'),('145934375181','145934197099','2','1458627189',65,'1459331835'),('145934377481','145934192699','2','1458627189',80,'1459331835'),('145934429181','145934223399','2','1458627189',55,'1459331835'),('145934431681','145934226199','2','1458627189',70,'1459331835'),('145934433881','145934230899','2','1458627189',81,'1459331835'),('145934435781','145934235499','2','1458627189',40,'1459331835'),('145934438581','145934243699','2','1458627189',39,'1459331835'),('145934439981','145934281599','2','1458627189',49,'1459331835'),('145934441881','145934285299','2','1458627189',60,'1459331835'),('145938059480','145931443999','1','1458627189',120,'1459133843'),('145938059481','145931443999','2','1458627189',120,'1459133843'),('145938059482','145931443999','3','1458627189',20,'1459133843'),('145938529780','145914974399','1','1458627189',20,'1459133423'),('145938543780','145914980699','1','1458627189',20,'1459133423'),('145938548280','145914990299','1','1458627189',21,'1459133423'),('145938552180','145914986799','1','1458627189',20,'1459133423'),('145938554080','145914996199','1','1458627189',20,'1459133423'),('145938556980','145915041299','1','1458627189',20,'1459133423'),('145938565980','145915001999','1','1458627189',30,'1459133423'),('145938569280','145915017299','1','1458627189',30,'1459133423'),('145938573280','145915010099','1','1458627189',30,'1459133423'),('145938575280','145915023099','1','1458627189',30,'1459133423'),('145938579180','145915031899','1','1458627189',30,'1459133423'),('145938582280','145915035899','1','1458627189',30,'1459133423'),('145938600681','145915041299','2','1458627189',10,'1459133423'),('145938604381','145914996199','2','1458627189',15,'1459133423'),('145938606681','145914986799','2','1458627189',15,'1459133423'),('145938609181','145914980699','2','1458627189',15,'1459133423'),('145938610881','145914974399','2','1458627189',15,'1459133423'),('145938612781','145914990299','2','1458627189',15,'1459133423'),('145938615581','145915001999','2','1458627189',20,'1459133423'),('145938617781','145915017299','2','1458627189',20,'1459133423'),('145938619581','145915010099','2','1458627189',20,'1459133423'),('145938621281','145915023099','2','1458627189',20,'1459133423'),('145938624180','145915028199','1','1458627189',30,'1459133423'),('145938624181','145915028199','2','1458627189',20,'1459133423'),('145938627181','145915031899','2','1458627189',20,'1459133423'),('145938628882','145929594499','3','1458627189',25,'1459137438'),('145938629281','145915035899','2','1458627189',20,'1459133423'),('145938689580','145938485999','1','1458627189',40,'1459310316'),('145938697781','145938485999','2','1458627189',10,'1459310316'),('145938701680','145938537299','1','1458627189',60,'1459310316'),('145938701681','145938537299','2','1458627189',15,'1459310316'),('145938706680','145938544599','1','1458627189',40,'1459310316'),('145938706681','145938544599','2','1458627189',15,'1459310316'),('145938709580','145938551299','1','1458627189',40,'1459310316'),('145938709581','145938551299','2','1458627189',15,'1459310316'),('145938712580','145938555699','1','1458627189',60,'1459310316'),('145938712581','145938555699','2','1458627189',15,'1459310316'),('145938715580','145938561999','1','1458627189',40,'1459310316'),('145938715581','145938561999','2','1458627189',15,'1459310316'),('145938718580','145938566299','1','1458627189',40,'1459310316'),('145938718581','145938566299','2','1458627189',20,'1459310316'),('145938723080','145938570199','1','1458627189',30,'1459310316'),('145938723081','145938570199','2','1458627189',30,'1459310316'),('145938723880','145929650499','1','1458627189',6,'1459137438'),('145938723881','145929650499','2','1458627189',20,'1459137438'),('145938723882','145929650499','3','1458627189',35,'1459137438'),('145938727680','145938574099','1','1458627189',30,'1459310316'),('145938727681','145938574099','2','1458627189',30,'1459310316'),('145938730680','145938578999','1','1458627189',30,'1459310316'),('145938733081','145938578999','2','1458627189',30,'1459310316'),('145938809780','145938583099','1','1458627189',60,'1459310316'),('145938809781','145938583099','2','1458627189',20,'1459310316'),('145938812080','145938586499','1','1458627189',30,'1459310316'),('145938812081','145938586499','2','1458627189',30,'1459310316'),('145938814980','145938589499','1','1458627189',35,'1459310316'),('145938814981','145938589499','2','1458627189',30,'1459310316'),('145938817980','145938592799','1','1458627189',30,'1459310316'),('145938817981','145938592799','2','1458627189',30,'1459310316'),('145938820080','145938595099','1','1458627189',30,'1459310316'),('145938820081','145938595099','2','1458627189',30,'1459310316'),('145938822080','145938596799','1','1458627189',40,'1459310316'),('145938822081','145938596799','2','1458627189',20,'1459310316'),('145938828080','145924321299','1','1458627189',10,'1459137509'),('145938828081','145924321299','2','1458627189',10,'1459137509'),('145938828082','145924321299','3','1458627189',10,'1459137509'),('145938831580','145924682899','1','1458627189',0,'1459137509'),('145938831581','145924682899','2','1458627189',20,'1459137509'),('145938831582','145924682899','3','1458627189',40,'1459137509'),('145938845080','145924460399','1','1458627189',20,'1459137509'),('145938845081','145924460399','2','1458627189',20,'1459137509'),('145938845082','145924460399','3','1458627189',20,'1459137509'),('145938847980','145924698799','1','1458627189',0,'1459137509'),('145938847981','145924698799','2','1458627189',20,'1459137509'),('145938847982','145924698799','3','1458627189',40,'1459137509'),('145938852880','145924624199','1','1458627189',12,'1459137509'),('145938852881','145924624199','2','1458627189',20,'1459137509'),('145938852882','145924624199','3','1458627189',29,'1459137509'),('145938855480','145924657199','1','1458627189',21,'1459137509'),('145938855481','145924657199','2','1458627189',20,'1459137509'),('145938855482','145924657199','3','1458627189',20,'1459137509'),('145938858680','145924713299','1','1458627189',20,'1459137509'),('145938858681','145924713299','2','1458627189',20,'1459137509'),('145938858682','145924713299','3','1458627189',20,'1459137509'),('145938861780','145924666499','1','1458627189',20,'1459137509'),('145938861781','145924666499','2','1458627189',20,'1459137509'),('145938861782','145924666499','3','1458627189',20,'1459137509'),('145938864780','145924640499','1','1458627189',0,'1459137509'),('145938864781','145924640499','2','1458627189',20,'1459137509'),('145938864782','145924640499','3','1458627189',40,'1459137509'),('145938868080','145924426099','1','1458627189',20,'1459137509'),('145938868081','145924426099','2','1458627189',20,'1459137509'),('145938868082','145924426099','3','1458627189',15,'1459137509'),('145938893582','145915041299','3','1458627189',11,'1459133423'),('145938894982','145914996199','3','1458627189',19,'1459133423'),('145938895680','145924434699','1','1458627189',15,'1459137509'),('145938895681','145924434699','2','1458627189',15,'1459137509'),('145938895682','145924434699','3','1458627189',15,'1459137509'),('145938896282','145914980699','3','1458627189',16,'1459133423'),('145938897582','145914986799','3','1458627189',16,'1459133423'),('145938898882','145914990299','3','1458627189',16,'1459133423'),('145938899380','145924355399','1','1458627189',16,'1459137509'),('145938899381','145924355399','2','1458627189',15,'1459137509'),('145938899382','145924355399','3','1458627189',15,'1459137509'),('145938899580','145932421199','1','1458627189',20,'1459322702'),('145938899581','145932421199','2','1458627189',10,'1459322702'),('145938900382','145914974399','3','1458627189',16,'1459133423'),('145938901582','145915010099','3','1458627189',20,'1459133423'),('145938902882','145915031899','3','1458627189',21,'1459133423'),('145938903280','145932473899','1','1458627189',30,'1459322702'),('145938903281','145932473899','2','1458627189',15,'1459322702'),('145938904082','145915017299','3','1458627189',21,'1459133423'),('145938904180','145924380099','1','1458627189',20,'1459137509'),('145938904181','145924380099','2','1458627189',15,'1459137509'),('145938904182','145924380099','3','1458627189',15,'1459137509'),('145938905382','145915001999','3','1458627189',20,'1459133423'),('145938908680','145932489299','1','1458627189',30,'1459322702'),('145938908681','145932489299','2','1458627189',15,'1459322702'),('145938910082','145915023099','3','1458627189',23,'1459133423'),('145938912182','145915035899','3','1458627189',21,'1459133423'),('145938913280','145932437399','1','1458627189',30,'1459322702'),('145938913281','145932437399','2','1458627189',15,'1459322702'),('145938914582','145915028199','3','1458627189',21,'1459133423'),('145938916480','145932439099','1','1458627189',30,'1459322702'),('145938916481','145932439099','2','1458627189',15,'1459322702'),('145938919080','145932420099','1','1458627189',30,'1459322702'),('145938919081','145932420099','2','1458627189',15,'1459322702'),('145938922480','145932507199','1','1458627189',40,'1459322702'),('145938922481','145932507199','2','1458627189',20,'1459322702'),('145938925680','145932510599','1','1458627189',40,'1459322702'),('145938925681','145932510599','2','1458627189',20,'1459322702'),('145938929180','145932481199','1','1458627189',40,'1459322702'),('145938929181','145932481199','2','1458627189',20,'1459322702'),('145938946780','145932500899','1','1458627189',40,'1459322702'),('145938946781','145932500899','2','1458627189',20,'1459322702'),('145939073980','145938912099','1','1458627189',21,'1459297654'),('145939073981','145938912099','2','1458627189',10,'1459297654'),('145939073982','145938912099','3','1458627189',4,'1459297654'),('145939077780','145938935899','1','1458627189',21,'1459153920'),('145939077781','145938935899','2','1458627189',20,'1459153920'),('145939077782','145938935899','3','1458627189',10,'1459153920'),('145939081180','145938939199','1','1458627189',32,'1459153920'),('145939081181','145938939199','2','1458627189',20,'1459153920'),('145939081182','145938939199','3','1458627189',4,'1459153920'),('145939084380','145938942699','1','1458627189',20,'1459153920'),('145939084381','145938942699','2','1458627189',20,'1459153920'),('145939084382','145938942699','3','1458627189',5,'1459153920'),('145939087480','145938928099','1','1458627189',21,'1459153920'),('145939087481','145938928099','2','1458627189',20,'1459153920'),('145939087482','145938928099','3','1458627189',4,'1459153920'),('145939089880','145938932399','1','1458627189',20,'1459153920'),('145939089881','145938932399','2','1458627189',20,'1459153920'),('145939089882','145938932399','3','1458627189',10,'1459153920'),('145939094280','145938966799','1','1458627189',24,'1459153920'),('145939094281','145938966799','2','1458627189',20,'1459153920'),('145939094282','145938966799','3','1458627189',16,'1459153920'),('145939096880','145938947399','1','1458627189',20,'1459153920'),('145939096881','145938947399','2','1458627189',20,'1459153920'),('145939096882','145938947399','3','1458627189',20,'1459153920'),('145939101680','145938955499','1','1458627189',26,'1459153920'),('145939101681','145938955499','2','1458627189',20,'1459153920'),('145939101682','145938955499','3','1458627189',14,'1459153920'),('145939105380','145938958999','1','1458627189',20,'1459153920'),('145939105381','145938958999','2','1458627189',20,'1459153920'),('145939105382','145938958999','3','1458627189',21,'1459153920'),('145939107680','145938962499','1','1458627189',19,'1459153920'),('145939107681','145938962499','2','1458627189',20,'1459153920'),('145939107682','145938962499','3','1458627189',21,'1459153920'),('145939110580','145938976099','1','1458627189',21,'1459153920'),('145939110581','145938976099','2','1458627189',20,'1459153920'),('145939110582','145938976099','3','1458627189',19,'1459153920'),('145939112780','145938978499','1','1458627189',10,'1459153920'),('145939112781','145938978499','2','1458627189',20,'1459153920'),('145939112782','145938978499','3','1458627189',30,'1459153920'),('145939115980','145938970199','1','1458627189',22,'1459153920'),('145939115981','145938970199','2','1458627189',20,'1459153920'),('145939115982','145938970199','3','1458627189',20,'1459153920'),('145939325380','145923874499','1','1458627189',30,'1459065417'),('145939325381','145923874499','2','1458627189',29,'1459065417'),('145939327180','145929652299','1','1458627189',5,'1459137438'),('145939327181','145929652299','2','1458627189',20,'1459137438'),('145939327182','145929652299','3','1458627189',35,'1459137438'),('145939330880','145931930799','1','1458627189',30,'1459065417'),('145939330881','145931930799','2','1458627189',29,'1459065417'),('145939332880','145931937899','1','1458627189',30,'1459065417'),('145939332881','145931937899','2','1458627189',21,'1459065417'),('145939335980','145931943299','1','1458627189',28,'1459065417'),('145939335981','145931943299','2','1458627189',28,'1459065417'),('145939338080','145939334199','1','1458627189',15,'1459137438'),('145939338081','145939334199','2','1458627189',20,'1459137438'),('145939338082','145939334199','3','1458627189',25,'1459137438'),('145939340180','145931948699','1','1458627189',30,'1459065417'),('145939340181','145931948699','2','1458627189',27,'1459065417'),('145939344080','145931955199','1','1458627189',30,'1459065417'),('145939344081','145931955199','2','1458627189',32,'1459065417'),('145939346680','145931990699','1','1458627189',30,'1459065417'),('145939346681','145931990699','2','1458627189',25,'1459065417'),('145939756880','145931963199','1','1458627189',30,'1459065417'),('145939756881','145931963199','2','1458627189',29,'1459065417'),('145939762880','145932060499','1','1458627189',30,'1459065417'),('145939762881','145932060499','2','1458627189',30,'1459065417'),('145939806280','145939685399','1','1458627189',27,'1459297654'),('145939806281','145939685399','2','1458627189',25,'1459297654'),('145939817780','145939692399','1','1458627189',25,'1459065329'),('145939817781','145939692399','2','1458627189',25,'1459065329'),('145939817782','145939692399','3','1458627189',23,'1459065329'),('145939821780','145939625899','1','1458627189',15,'1459065329'),('145939821781','145939625899','2','1458627189',16,'1459065329'),('145939825380','145932218999','1','1458627189',30,'1459065417'),('145939825381','145932218999','2','1458627189',10,'1459065417'),('145939826780','145939632799','1','1458627189',17,'1459297654'),('145939826781','145939632799','2','1458627189',22,'1459297654'),('145939831380','145939738799','1','1458627189',22,'1459065329'),('145939831381','145939738799','2','1458627189',22,'1459065329'),('145939831382','145939738799','3','1458627189',20,'1459065329'),('145939834180','145931974299','1','1458627189',30,'1459065417'),('145939834181','145931974299','2','1458627189',24,'1459065417'),('145939835580','145939637899','1','1458627189',20,'1458608926'),('145939835581','145939637899','2','1458627189',22,'1458608926'),('145939841880','145931968699','1','1458627189',30,'1459065417'),('145939841881','145931968699','2','1458627189',26,'1459065417'),('145939844880','145939642799','1','1458627189',15,'1459297654'),('145939844881','145939642799','2','1458627189',20,'1459297654'),('145939851280','145939647799','1','1458627189',20,'1459297654'),('145939854780','145932206199','1','1458627189',30,'1459065417'),('145939854781','145932206199','2','1458627189',23,'1459065417'),('145939856080','145939699799','1','1458627189',25,'1459065329'),('145939856081','145939699799','2','1458627189',25,'1459065329'),('145939856082','145939699799','3','1458627189',23,'1459065329'),('145939859280','145932201499','1','1458627189',30,'1459065417'),('145939859281','145932201499','2','1458627189',19,'1459065417'),('145939859780','145939745799','1','1458627189',19,'1459297654'),('145939859781','145939745799','2','1458627189',20,'1459297654'),('145939862480','145931995299','1','1458627189',30,'1459065417'),('145939862481','145931995299','2','1458627189',29,'1459065417'),('145939865080','145939658099','1','1458627189',20,'1459297654'),('145939865280','145932196699','1','1458627189',29,'1459065417'),('145939865281','145932196699','2','1458627189',18,'1459065417'),('145939871780','145932130899','1','1458627189',29,'1459065417'),('145939871781','145932130899','2','1458627189',30,'1459065417'),('145939874680','145932215099','1','1458627189',30,'1459065417'),('145939874681','145932215099','2','1458627189',22,'1459065417'),('145939877380','145932210999','1','1458627189',30,'1459065417'),('145939877381','145932210999','2','1458627189',20,'1459065417'),('145939879980','145939875799','1','1458627189',10,'1458608926'),('145939879981','145939875799','2','1458627189',10,'1458608926'),('145939879982','145939875799','3','1458627189',5,'1458608926'),('145939880180','145932054999','1','1458627189',29,'1459065417'),('145939880181','145932054999','2','1458627189',25,'1459065417'),('145939882380','145932047099','1','1458627189',28,'1459065417'),('145939882381','145932047099','2','1458627189',29,'1459065417'),('145939885780','145932143699','1','1458627189',30,'1459065417'),('145939885781','145932143699','2','1458627189',27,'1459065417'),('145939888580','145932139699','1','1458627189',30,'1459065417'),('145939888581','145932139699','2','1458627189',27,'1459065417'),('145939912980','145932012599','1','1458627189',30,'1459065417'),('145939912981','145932012599','2','1458627189',25,'1459065417'),('145939915680','145932192499','1','1458627189',30,'1459065417'),('145939915681','145932192499','2','1458627189',28,'1459065417'),('145939918880','145932185599','1','1458627189',31,'1459065417'),('145939918881','145932185599','2','1458627189',27,'1459065417'),('145939926580','145931984499','1','1458627189',30,'1459065417'),('145939926581','145931984499','2','1458627189',15,'1459065417'),('145939929280','145932042599','1','1458627189',30,'1459065417'),('145939929281','145932042599','2','1458627189',27,'1459065417'),('145939943480','145932353599','1','1458627189',30,'1459065417'),('145939943481','145932353599','2','1458627189',25,'1459065417'),('145939945480','145932373899','1','1458627189',29,'1459065417'),('145939945481','145932373899','2','1458627189',28,'1459065417'),('145939953480','145932358199','1','1458627189',30,'1459065417'),('145939953481','145932358199','2','1458627189',28,'1459065417'),('145939957380','145932382999','1','1458627189',30,'1459065417'),('145939957381','145932382999','2','1458627189',10,'1459065417'),('145939959980','145932359899','1','1458627189',29,'1459065417'),('145939959981','145932359899','2','1458627189',29,'1459065417'),('145939962880','145932364099','1','1458627189',30,'1459065417'),('145939962881','145932364099','2','1458627189',24,'1459065417'),('145939965180','145932346199','1','1458627189',30,'1459065417'),('145939965181','145932346199','2','1458627189',26,'1459065417'),('145939967680','145932361999','1','1458627189',28,'1459065417'),('145939967681','145932361999','2','1458627189',29,'1459065417'),('145939971180','145932355999','1','1458627189',27,'1459065417'),('145939971181','145932355999','2','1458627189',28,'1459065417'),('145939973680','145932380499','1','1458627189',30,'1459065417'),('145939973681','145932380499','2','1458627189',17,'1459065417'),('145939984280','145932351299','1','1458627189',28,'1459065417'),('145939984281','145932351299','2','1458627189',25,'1459065417'),('145939987080','145932367999','1','1458627189',26,'1459065417'),('145939987081','145932367999','2','1458627189',15,'1459065417'),('145939989880','145932348699','1','1458627189',29,'1459065417'),('145939989881','145932348699','2','1458627189',29,'1459065417'),('145939992580','145932365699','1','1458627189',40,'1459065417'),('145939992581','145932365699','2','1458627189',30,'1459065417'),('145939998280','145932028499','1','1458627189',29,'1459065417'),('145939998281','145932028499','2','1458627189',27,'1459065417'),('145940019881','145940007999','2','1458627189',22,'1459065417'),('145940029080','145932223699','1','1458627189',28,'1459065417'),('145940029081','145932223699','2','1458627189',26,'1459065417'),('145940044180','145940015999','1','1458627189',30,'1459065417'),('145940044181','145940015999','2','1458627189',26,'1459065417'),('145940048980','145940012099','1','1458627189',30,'1459065417'),('145940048981','145940012099','2','1458627189',16,'1459065417'),('145940113282','145923044699','3','1458627189',10,'1459152004'),('145940171882','145939637899','3','1458627189',20,'1458608926'),('145940174082','145939625899','3','1458627189',16,'1459065329'),('145940242880','145939660999','1','1458627189',20,'1459297654'),('145940242881','145939660999','2','1458627189',20,'1459297654'),('145940251780','145939651999','1','1458627189',19,'1459065329'),('145940251781','145939651999','2','1458627189',23,'1459065329'),('145940251782','145939651999','3','1458627189',20,'1459065329'),('145940256780','145939749299','1','1458627189',20,'1458608926'),('145940256781','145939749299','2','1458627189',10,'1458608926'),('145940256782','145939749299','3','1458627189',10,'1458608926'),('145940301080','145929675899','1','1458627189',7,'1459137438'),('145940301081','145929675899','2','1458627189',20,'1459137438'),('145940301082','145929675899','3','1458627189',32,'1459137438'),('145940540380','145940532599','1','1458627189',20,'1458608926'),('145940540381','145940532599','2','1458627189',20,'1458608926'),('145940540382','145940532599','3','1458627189',25,'1458608926'),('145940616980','145940613099','1','1458627189',20,'1458608926'),('145940616981','145940613099','2','1458627189',20,'1458608926'),('145940616982','145940613099','3','1458627189',20,'1458608926'),('145940677382','145932210999','3','1458627189',10,'1459065417'),('145940678982','145931990699','3','1458627189',5,'1459065417'),('145940681582','145931963199','3','1458627189',5,'1459065417'),('145940683982','145931974299','3','1458627189',10,'1459065417'),('145940761980','145930292999','1','1458627189',15,'1459136367'),('145940761981','145930292999','2','1458627189',15,'1459136367'),('145940761982','145930292999','3','1458627189',15,'1459136367'),('145940890180','145917315199','1','1458627189',20,'1459136279'),('145940890181','145917315199','2','1458627189',20,'1459136279'),('145940890182','145917315199','3','1458627189',20,'1459136279'),('145940982881','145939754899','2','1458627189',20,'1459303811'),('145940982882','145939754899','3','1458627189',19,'1459303811'),('145941150680','145941018099','1','1458627189',24,'1459297654'),('145941150681','145941018099','2','1458627189',25,'1459297654'),('145941153880','145941013399','1','1458627189',30,'1458608926'),('145941163480','145941129199','1','1458627189',23,'1459297654'),('145941163481','145941129199','2','1458627189',20,'1459297654'),('145941163482','145941129199','3','1458627189',21,'1459297654'),('145941169580','145941133199','1','1458627189',20,'1459297654'),('145941169582','145941133199','3','1458627189',20,'1459297654'),('145941175180','145941077999','1','1458627189',20,'1459297654'),('145941175181','145941077999','2','1458627189',20,'1459297654'),('145941175182','145941077999','3','1458627189',20,'1459297654'),('145941182980','145941044399','1','1458627189',20,'1458608926'),('145941182981','145941044399','2','1458627189',20,'1458608926'),('145941186880','145941116699','1','1458627189',25,'1459297654'),('145941186881','145941116699','2','1458627189',25,'1459297654'),('145941191980','145941111499','1','1458627189',20,'1459297654'),('145941191981','145941111499','2','1458627189',40,'1459297654'),('145941196380','145941035799','1','1458627189',25,'1458608926'),('145941199580','145941066099','1','1458627189',20,'1458608926'),('145941207180','145941106099','1','1458627189',20,'1458608926'),('145941207182','145941106099','3','1458627189',20,'1458608926'),('145941211182','145940007999','3','1458627189',38,'1459065417'),('145941212982','145932054999','3','1458627189',10,'1459065417'),('145941214180','145941097499','1','1458627189',20,'1459297654'),('145941214182','145941097499','3','1458627189',20,'1459297654'),('145941215082','145932012599','3','1458627189',5,'1459065417'),('145941216182','145932003799','3','1458627189',60,'1459303811'),('145941217482','145931995299','3','1458627189',5,'1459065417'),('145941218682','145932139699','3','1458627189',5,'1459065417'),('145941219480','145941073199','1','1458627189',20,'1459297654'),('145941219481','145941073199','2','1458627189',19,'1459297654'),('145941219482','145941073199','3','1458627189',19,'1459297654'),('145941219682','145940015999','3','1458627189',5,'1459065417'),('145941228281','145939658099','2','1458627189',20,'1459297654'),('145941228282','145939658099','3','1458627189',20,'1459297654'),('145941228382','145932218999','3','1458627189',20,'1459065417'),('145941230282','145932215099','3','1458627189',10,'1459065417'),('145941231382','145932185599','3','1458627189',5,'1459065417'),('145941234082','145932201499','3','1458627189',15,'1459065417'),('145941236282','145932143699','3','1458627189',5,'1459065417'),('145941238282','145932028499','3','1458627189',5,'1459065417'),('145941240282','145932353599','3','1458627189',5,'1459065417'),('145941261780','145941244999','1','1458627189',20,'1459297654'),('145941261781','145941244999','2','1458627189',20,'1459297654'),('145941261782','145941244999','3','1458627189',20,'1459297654'),('145941275980','145941214199','1','1458627189',20,'1459303811'),('145941275981','145941214199','2','1458627189',20,'1459303811'),('145941275982','145941214199','3','1458627189',18,'1459303811'),('145941282080','145941277699','1','1458627189',10,'1458608926'),('145941282081','145941277699','2','1458627189',10,'1458608926'),('145941283380','145932003799','1','1458627189',20,'1459303811'),('145941283381','145932003799','2','1458627189',20,'1459303811'),('145941286780','145941222299','1','1458627189',20,'1459303811'),('145941286781','145941222299','2','1458627189',20,'1459303811'),('145941286782','145941222299','3','1458627189',20,'1459303811'),('145941290480','145941008299','1','1458627189',25,'1458608926'),('145941290481','145941008299','2','1458627189',24,'1458608926'),('145941291380','145941229399','1','1458627189',20,'1459303811'),('145941291381','145941229399','2','1458627189',20,'1459303811'),('145941291382','145941229399','3','1458627189',15,'1459303811'),('145941295880','145941060799','1','1458627189',20,'1458608926'),('145941295881','145941060799','2','1458627189',20,'1458608926'),('145941301380','145941240699','1','1458627189',20,'1459303811'),('145941301381','145941240699','2','1458627189',20,'1459303811'),('145941301382','145941240699','3','1458627189',17,'1459303811'),('145941304280','145941026899','1','1458627189',20,'1458608926'),('145941304281','145941026899','2','1458627189',20,'1458608926'),('145941305180','145941250599','1','1458627189',20,'1459303811'),('145941305181','145941250599','2','1458627189',20,'1459303811'),('145941305182','145941250599','3','1458627189',20,'1459303811'),('145941313480','145941054099','1','1458627189',20,'1458608926'),('145941313481','145941054099','2','1458627189',20,'1458608926'),('145941319282','145939660999','3','1458627189',20,'1459297654'),('145941338980','145941252999','1','1458627189',54,'1459297654'),('145941338982','145941252999','3','1458627189',18,'1459297654'),('145941376880','145941341499','1','1458627189',20,'1459297654'),('145941376881','145941341499','2','1458627189',10,'1459297654'),('145941376882','145941341499','3','1458627189',10,'1459297654'),('145941379780','145941348799','1','1458627189',20,'1459303853'),('145941379781','145941348799','2','1458627189',15,'1459303853'),('145941379782','145941348799','3','1458627189',15,'1459303853'),('145941385980','145941365099','1','1458627189',20,'1459303853'),('145941385981','145941365099','2','1458627189',20,'1459303853'),('145941385982','145941365099','3','1458627189',20,'1459303853'),('145941392980','145941370199','1','1458627189',20,'1459303853'),('145941392981','145941370199','2','1458627189',20,'1459303853'),('145941392982','145941370199','3','1458627189',20,'1459303853'),('145941444780','145941403499','1','1458627189',20,'1459303895'),('145941444781','145941403499','2','1458627189',21,'1459303895'),('145941444782','145941403499','3','1458627189',4,'1459303895'),('145941463480','145941409199','1','1458627189',25,'1459303895'),('145941463481','145941409199','2','1458627189',25,'1459303895'),('145941463482','145941409199','3','1458627189',20,'1459303895'),('145941472280','145941348699','1','1458627189',20,'1459297654'),('145941472281','145941348699','2','1458627189',20,'1459297654'),('145941472282','145941348699','3','1458627189',20,'1459297654'),('145941475980','145941432599','1','1458627189',25,'1459303895'),('145941475981','145941432599','2','1458627189',25,'1459303895'),('145941475982','145941432599','3','1458627189',20,'1459303895'),('145941481180','145941419999','1','1458627189',24,'1459303895'),('145941487880','145941385399','1','1458627189',20,'1459297654'),('145941487881','145941385399','2','1458627189',20,'1459297654'),('145941487882','145941385399','3','1458627189',20,'1459297654'),('145941491380','145941488099','1','1458627189',23,'1459136367'),('145941491381','145941488099','2','1458627189',23,'1459136367'),('145941496480','145941407199','1','1458627189',22,'1459297654'),('145941496482','145941407199','3','1458627189',17,'1459297654'),('145941501580','145941452899','1','1458627189',25,'1459297654'),('145941501582','145941452899','3','1458627189',18,'1459297654'),('145941526581','145939647799','2','1458627189',20,'1459297654'),('145941526582','145939647799','3','1458627189',20,'1459297654'),('145941531280','145941519399','1','1458627189',25,'1459297654'),('145941531282','145941519399','3','1458627189',18,'1459297654'),('145941533980','145941355999','1','1458627189',20,'1459297654'),('145941533981','145941355999','2','1458627189',20,'1459297654'),('145941533982','145941355999','3','1458627189',20,'1459297654'),('145941536082','145941499899','3','1458627189',20,'1459303853'),('145941536980','145941465099','1','1458627189',20,'1458608926'),('145941539480','145941419399','1','1458627189',20,'1459297654'),('145941539481','145941419399','2','1458627189',20,'1459297654'),('145941539482','145941419399','3','1458627189',20,'1459297654'),('145941545480','145941443599','1','1458627189',20,'1459297654'),('145941545481','145941443599','2','1458627189',20,'1459297654'),('145941545482','145941443599','3','1458627189',20,'1459297654'),('145941549280','145941399499','1','1458627189',21,'1459297654'),('145941549281','145941399499','2','1458627189',20,'1459297654'),('145941549282','145941399499','3','1458627189',20,'1459297654'),('145941554582','145941458599','3','1458627189',20,'1459297654'),('145941559080','145941390499','1','1458627189',20,'1459297654'),('145941559081','145941390499','2','1458627189',19,'1459297654'),('145941559082','145941390499','3','1458627189',20,'1459297654'),('145941562181','145941554299','2','1458627189',20,'1459297654'),('145941562182','145941554299','3','1458627189',20,'1459297654'),('145941565080','145941429399','1','1458627189',20,'1459297654'),('145941565081','145941429399','2','1458627189',20,'1459297654'),('145941565082','145941429399','3','1458627189',20,'1459297654'),('145941567580','145941486499','1','1458627189',20,'1459297654'),('145941567581','145941486499','2','1458627189',20,'1459297654'),('145941569680','145941435099','1','1458627189',25,'1459297654'),('145941569682','145941435099','3','1458627189',18,'1459297654'),('145941570480','145941417099','1','1458627189',20,'1458608926'),('145941582282','145941421599','3','1458627189',20,'1459297654'),('145941584280','145941367299','1','1458627189',20,'1459297654'),('145941584281','145941367299','2','1458627189',20,'1459297654'),('145941584282','145941367299','3','1458627189',20,'1459297654'),('145941595280','145941589899','1','1458627189',20,'1459297654'),('145941595281','145941589899','2','1458627189',19,'1459297654'),('145941595282','145941589899','3','1458627189',20,'1459297654'),('145941614780','145941609599','1','1458627189',15,'1458608926'),('145941651180','145941443399','1','1458627189',21,'1458608926'),('145941657480','145941421599','1','1458627189',20,'1459297654'),('145941657481','145941421599','2','1458627189',20,'1459297654'),('145941701480','145941697299','1','1458627189',20,'1459297654'),('145941718280','145941428099','1','1458627189',20,'1459297654'),('145941718281','145941428099','2','1458627189',20,'1459297654'),('145941722282','145941509899','3','1458627189',20,'1458608926'),('145941731880','145941405999','1','1458627189',20,'1459297654'),('145941743480','145941740299','1','1458627189',10,'1458608926'),('145941817580','145917333499','1','1458627189',20,'1459303853'),('145941817581','145917333499','2','1458627189',20,'1459303853'),('145941817582','145917333499','3','1458627189',20,'1459303853'),('145941845780','145940908199','1','1458627189',20,'1459303895'),('145941845781','145940908199','2','1458627189',20,'1459303895'),('145941845782','145940908199','3','1458627189',20,'1459303895'),('145941877582','145939745799','3','1458627189',20,'1459297654'),('145941963682','145939685399','3','1458627189',20,'1459297654'),('145942004482','145939632799','3','1458627189',20,'1459297654'),('145942007482','145939642799','3','1458627189',20,'1459297654'),('145947033581','145939654799','2','1458627189',20,'1458608926'),('145947033582','145939654799','3','1458627189',20,'1458608926'),('145947274382','145932130899','3','1458627189',5,'1459065417'),('145947275482','145932192499','3','1458627189',5,'1459065417'),('145947281482','145932223699','3','1458627189',10,'1459065417'),('145947284982','145932382999','3','1458627189',20,'1459065417'),('145947290282','145932359899','3','1458627189',5,'1459065417'),('145947292382','145932364099','3','1458627189',10,'1459065417'),('145947294082','145932346199','3','1458627189',5,'1459065417'),('145947295582','145932361999','3','1458627189',5,'1459065417'),('145947297082','145932351299','3','1458627189',10,'1459065417'),('145947299882','145932367999','3','1458627189',20,'1459065417'),('145947302082','145932348699','3','1458627189',5,'1459065417'),('145947303882','145932380499','3','1458627189',13,'1459065417'),('145947305282','145932355999','3','1458627189',5,'1459065417'),('145947306982','145932373899','3','1458627189',5,'1459065417'),('145947308382','145932358199','3','1458627189',5,'1459065417'),('145947328282','145931968699','3','1458627189',5,'1459065417'),('145947335182','145932042599','3','1458627189',5,'1459065417'),('145947337782','145931984499','3','1458627189',15,'1459065417'),('145947339682','145932196699','3','1458627189',15,'1459065417'),('145947342282','145932047099','3','1458627189',5,'1459065417'),('145947344780','145932528399','1','1458627189',60,'1459322919'),('145947344781','145932528399','2','1458627189',65,'1459322919'),('145947344782','145932528399','3','1458627189',10,'1459322919'),('145947349080','145932541099','1','1458627189',60,'1459322919'),('145947349081','145932541099','2','1458627189',65,'1459322919'),('145947349082','145932541099','3','1458627189',15,'1459322919'),('145947352280','145932550899','1','1458627189',60,'1459322919'),('145947352281','145932550899','2','1458627189',64,'1459322919'),('145947352282','145932550899','3','1458627189',20,'1459322919'),('145947355380','145932546499','1','1458627189',60,'1459322919'),('145947355381','145932546499','2','1458627189',64,'1459322919'),('145947355382','145932546499','3','1458627189',15,'1459322919'),('145947357780','145932535299','1','1458627189',64,'1459322919'),('145947357781','145932535299','2','1458627189',61,'1459322919'),('145947357782','145932535299','3','1458627189',15,'1459322919'),('145947360380','145932555099','1','1458627189',64,'1459322919'),('145947360381','145932555099','2','1458627189',71,'1459322919'),('145947360382','145932555099','3','1458627189',15,'1459322919'),('145947363180','145932559199','1','1458627189',60,'1459322919'),('145947363181','145932559199','2','1458627189',74,'1459322919'),('145947363182','145932559199','3','1458627189',20,'1459322919'),('145947365280','145932593299','1','1458627189',61,'1459322919'),('145947365281','145932593299','2','1458627189',60,'1459322919'),('145947365282','145932593299','3','1458627189',20,'1459322919'),('145947378580','145932583899','1','1458627189',63,'1459322919'),('145947378581','145932583899','2','1458627189',65,'1459322919'),('145947378582','145932583899','3','1458627189',20,'1459322919'),('145947381380','145932565499','1','1458627189',60,'1459322919'),('145947381381','145932565499','2','1458627189',66,'1459322919'),('145947381382','145932565499','3','1458627189',20,'1459322919'),('145947384580','145932572899','1','1458627189',60,'1459322919'),('145947384581','145932572899','2','1458627189',65,'1459322919'),('145947384582','145932572899','3','1458627189',20,'1459322919'),('145947388480','145932601399','1','1458627189',60,'1459322919'),('145947388481','145932601399','2','1458627189',63,'1459322919'),('145947388482','145932601399','3','1458627189',20,'1459322919'),('145947390480','145932596899','1','1458627189',60,'1459322919'),('145947390481','145932596899','2','1458627189',65,'1459322919'),('145947390482','145932596899','3','1458627189',20,'1459322919'),('145947390581','145947377099','2','1458627189',20,'1459297654'),('145947393080','145932605299','1','1458627189',60,'1459322919'),('145947393081','145932605299','2','1458627189',62,'1459322919'),('145947393082','145932605299','3','1458627189',20,'1459322919'),('145947394880','145932607299','1','1458627189',60,'1459322919'),('145947394881','145932607299','2','1458627189',63,'1459322919'),('145947394882','145932607299','3','1458627189',20,'1459322919'),('145947396580','145932608799','1','1458627189',60,'1459322919'),('145947396581','145932608799','2','1458627189',63,'1459322919'),('145947396582','145932608799','3','1458627189',20,'1459322919'),('145947400980','145932588799','1','1458627189',62,'1459322919'),('145947400981','145932588799','2','1458627189',65,'1459322919'),('145947400982','145932588799','3','1458627189',20,'1459322919'),('145947402180','145947377099','1','1458627189',20,'1459297654'),('145947402182','145947377099','3','1458627189',20,'1459297654'),('145947408780','145932578999','1','1458627189',61,'1459322919'),('145947408781','145932578999','2','1458627189',65,'1459322919'),('145947408782','145932578999','3','1458627189',20,'1459322919'),('145947592680','145941438399','1','1458627189',20,'1459297654'),('145947592681','145941438399','2','1458627189',20,'1459297654'),('145947603780','145941490899','1','1458627189',20,'1458608926'),('145947611680','145941383799','1','1458627189',18,'1459297654'),('145947611681','145941383799','2','1458627189',20,'1459297654'),('145947693580','145931285899','1','1458627189',120,'1459133843'),('145947693581','145931285899','2','1458627189',120,'1459133843'),('145947693582','145931285899','3','1458627189',15,'1459133843'),('145947696480','145931274499','1','1458627189',120,'1459133843'),('145947696481','145931274499','2','1458627189',120,'1459133843'),('145947696482','145931274499','3','1458627189',15,'1459133843'),('145947703980','145931224899','1','1458627189',50,'1459133843'),('145947703981','145931224899','2','1458627189',60,'1459133843'),('145947703982','145931224899','3','1458627189',10,'1459133843'),('145947706580','145931263199','1','1458627189',120,'1459133843'),('145947706581','145931263199','2','1458627189',120,'1459133843'),('145947706582','145931263199','3','1458627189',15,'1459133843'),('145947713980','145931357799','1','1458627189',120,'1459133843'),('145947713981','145931357799','2','1458627189',120,'1459133843'),('145947713982','145931357799','3','1458627189',20,'1459133843'),('145947716380','145931369199','1','1458627189',120,'1459133843'),('145947716381','145931369199','2','1458627189',120,'1459133843'),('145947716382','145931369199','3','1458627189',20,'1459133843'),('145947718680','145931405499','1','1458627189',120,'1459133843'),('145947718681','145931405499','2','1458627189',120,'1459133843'),('145947718682','145931405499','3','1458627189',20,'1459133843'),('145947722380','145931415999','1','1458627189',120,'1459133843'),('145947722381','145931415999','2','1458627189',120,'1459133843'),('145947722382','145931415999','3','1458627189',20,'1459133843'),('145947727480','145931467099','1','1458627189',120,'1459133843'),('145947727481','145931467099','2','1458627189',120,'1459133843'),('145947727482','145931467099','3','1458627189',20,'1459133843'),('145947729580','145931461099','1','1458627189',120,'1459133843'),('145947729581','145931461099','2','1458627189',120,'1459133843'),('145947729582','145931461099','3','1458627189',20,'1459133843'),('145947731780','145931330099','1','1458627189',120,'1459133843'),('145947731781','145931330099','2','1458627189',120,'1459133843'),('145947731782','145931330099','3','1458627189',20,'1459133843'),('145947734680','145931313499','1','1458627189',120,'1459133843'),('145947734681','145931313499','2','1458627189',120,'1459133843'),('145947734682','145931313499','3','1458627189',20,'1459133843'),('145947737180','145931304399','1','1458627189',120,'1459133843'),('145947737181','145931304399','2','1458627189',120,'1459133843'),('145947737182','145931304399','3','1458627189',20,'1459133843'),('145947739180','145931427099','1','1458627189',120,'1459133843'),('145947739181','145931427099','2','1458627189',120,'1459133843'),('145947739182','145931427099','3','1458627189',20,'1459133843'),('145947744580','145931452499','1','1458627189',120,'1459133843'),('145947744581','145931452499','2','1458627189',120,'1459133843'),('145947744582','145931452499','3','1458627189',20,'1459133843'),('145947746780','145931435599','1','1458627189',120,'1459133843'),('145947746781','145931435599','2','1458627189',120,'1459133843'),('145947746782','145931435599','3','1458627189',20,'1459133843'),('145947754480','145931247199','1','1458627189',120,'1459133843'),('145947754481','145931247199','2','1458627189',120,'1459133843'),('145947754482','145931247199','3','1458627189',15,'1459133843'),('145948315480','145948311899','1','1458627189',20,'1459297654'),('145948623482','145948575599','3','1458627189',20,'1458608926'),('145948666680','145948529499','1','1458627189',20,'1459297654'),('145948666681','145948529499','2','1458627189',20,'1459297654'),('145948666682','145948529499','3','1458627189',20,'1459297654'),('145948683580','145948585799','1','1458627189',20,'1459297654'),('145948683581','145948585799','2','1458627189',20,'1459297654'),('145948683582','145948585799','3','1458627189',20,'1459297654'),('145948692482','145948562099','3','1458627189',20,'1458608926'),('145948701980','145948376199','1','1458627189',20,'1459297654'),('145948701981','145948376199','2','1458627189',20,'1459297654'),('145948701982','145948376199','3','1458627189',20,'1459297654'),('145948717980','145948449599','1','1458627189',20,'1459297654'),('145948717981','145948449599','2','1458627189',20,'1459297654'),('145948717982','145948449599','3','1458627189',20,'1459297654'),('145948726280','145948557499','1','1458627189',25,'1459297654'),('145948726281','145948557499','2','1458627189',20,'1459297654'),('145948726282','145948557499','3','1458627189',12,'1459297654'),('145948734580','145948348199','1','1458627189',25,'1459297654'),('145948734581','145948348199','2','1458627189',25,'1459297654'),('145948734582','145948348199','3','1458627189',10,'1459297654'),('145948749080','145948343599','1','1458627189',10,'1459297654'),('145948749081','145948343599','2','1458627189',9,'1459297654'),('145948749082','145948343599','3','1458627189',10,'1459297654'),('145948755780','145948547299','1','1458627189',10,'1458608926'),('145948755782','145948547299','3','1458627189',25,'1458608926'),('145948763480','145948593399','1','1458627189',20,'1458608926'),('145948763481','145948593399','2','1458627189',20,'1458608926'),('145948772180','145948455499','1','1458627189',20,'1459297654'),('145948772181','145948455499','2','1458627189',20,'1459297654'),('145948772182','145948455499','3','1458627189',20,'1459297654'),('145948794880','145948472099','1','1458627189',25,'1459297654'),('145948794881','145948472099','2','1458627189',25,'1459297654'),('145948794882','145948472099','3','1458627189',10,'1459297654'),('145948800080','145948429599','1','1458627189',20,'1459297654'),('145948800081','145948429599','2','1458627189',20,'1459297654'),('145948800082','145948429599','3','1458627189',20,'1459297654'),('145948815980','145948361099','1','1458627189',20,'1459297654'),('145948815981','145948361099','2','1458627189',20,'1459297654'),('145948815982','145948361099','3','1458627189',20,'1459297654'),('145948824780','145948393699','1','1458627189',20,'1459297654'),('145948824781','145948393699','2','1458627189',19,'1459297654'),('145948824782','145948393699','3','1458627189',20,'1459297654'),('145948853980','145948849699','1','1458627189',20,'1459297654'),('145948853981','145948849699','2','1458627189',20,'1459297654'),('145948853982','145948849699','3','1458627189',20,'1459297654'),('145948858880','145948483299','1','1458627189',20,'1459297654'),('145948858881','145948483299','2','1458627189',20,'1459297654'),('145948858882','145948483299','3','1458627189',20,'1459297654'),('145948867380','145948551799','1','1458627189',20,'1458608926'),('145948867381','145948551799','2','1458627189',20,'1458608926'),('145948867382','145948551799','3','1458627189',14,'1458608926'),('145948872580','145948544899','1','1458627189',20,'1459297654'),('145948872581','145948544899','2','1458627189',20,'1459297654'),('145948872582','145948544899','3','1458627189',20,'1459297654'),('145948889280','145948885299','1','1458627189',20,'1459297654'),('145948889281','145948885299','2','1458627189',20,'1459297654'),('145948889282','145948885299','3','1458627189',20,'1459297654'),('145948899580','145948365999','1','1458627189',30,'1459297654'),('145948914080','145948533899','1','1458627189',20,'1459297654'),('145948914081','145948533899','2','1458627189',20,'1459297654'),('145948914082','145948533899','3','1458627189',20,'1459297654'),('145948923780','145948384399','1','1458627189',20,'1459297654'),('145948923781','145948384399','2','1458627189',21,'1459297654'),('145948923782','145948384399','3','1458627189',21,'1459297654'),('145948947380','145948477199','1','1458627189',20,'1459297654'),('145948947381','145948477199','2','1458627189',21,'1459297654'),('145948947382','145948477199','3','1458627189',20,'1459297654'),('145949094480','145949073099','1','1458627189',10,'1459297654'),('145949094481','145949073099','2','1458627189',10,'1459297654'),('145949101880','145949082199','1','1458627189',20,'1459297654'),('145949101881','145949082199','2','1458627189',20,'1459297654'),('145949101882','145949082199','3','1458627189',20,'1459297654'),('145949105680','145949078999','1','1458627189',60,'1459297654'),('145949105681','145949078999','2','1458627189',60,'1459297654'),('145949105682','145949078999','3','1458627189',60,'1459297654'),('145949111180','145949084799','1','1458627189',25,'1459297654'),('145949111181','145949084799','2','1458627189',25,'1459297654'),('145949111182','145949084799','3','1458627189',30,'1459297654'),('145949114980','145949070299','1','1458627189',20,'1459297654'),('145949114981','145949070299','2','1458627189',20,'1459297654'),('145949114982','145949070299','3','1458627189',20,'1459297654'),('145949118580','145949044699','1','1458627189',20,'1459297654'),('145949118581','145949044699','2','1458627189',20,'1459297654'),('145949118582','145949044699','3','1458627189',20,'1459297654'),('145949122580','145949061199','1','1458627189',20,'1459297654'),('145949122581','145949061199','2','1458627189',20,'1459297654'),('145949122582','145949061199','3','1458627189',20,'1459297654'),('145949145280','145949140599','1','1458627189',20,'1459297654'),('145949145281','145949140599','2','1458627189',20,'1459297654'),('145949145282','145949140599','3','1458627189',20,'1459297654'),('145949155880','145941411799','1','1458627189',20,'1459297654'),('145949155881','145941411799','2','1458627189',20,'1459297654'),('145949155882','145941411799','3','1458627189',20,'1459297654'),('145949170881','145941740299','2','1458627189',20,'1458608926'),('145949183680','145949180099','1','1458627189',10,'1458608926'),('145949183681','145949180099','2','1458627189',25,'1458608926'),('145949310380','145949233899','1','1458627189',15,'1459136367'),('145949310382','145949233899','3','1458627189',30,'1459136367'),('145949315480','145949243599','1','1458627189',20,'1459297654'),('145949315481','145949243599','2','1458627189',20,'1459297654'),('145949315482','145949243599','3','1458627189',20,'1459297654'),('145949320680','145949246999','1','1458627189',20,'1458608926'),('145949320681','145949246999','2','1458627189',25,'1458608926'),('145949320682','145949246999','3','1458627189',15,'1458608926'),('145949344980','145949278799','1','1458627189',20,'1458608926'),('145949344981','145949278799','2','1458627189',25,'1458608926'),('145949344982','145949278799','3','1458627189',15,'1458608926'),('145949373780','145949292699','1','1458627189',10,'1458608926'),('145949373781','145949292699','2','1458627189',10,'1458608926'),('145949373782','145949292699','3','1458627189',40,'1458608926'),('145949377780','145949251599','1','1458627189',18,'1459297654'),('145949377781','145949251599','2','1458627189',20,'1459297654'),('145949377782','145949251599','3','1458627189',20,'1459297654'),('145949383180','145949282799','1','1458627189',20,'1459297654'),('145949383181','145949282799','2','1458627189',20,'1459297654'),('145949383182','145949282799','3','1458627189',20,'1459297654'),('145949387980','145949273199','1','1458627189',20,'1459297654'),('145949387981','145949273199','2','1458627189',20,'1459297654'),('145949387982','145949273199','3','1458627189',20,'1459297654'),('145949392180','145949267899','1','1458627189',20,'1459297654'),('145949392181','145949267899','2','1458627189',20,'1459297654'),('145949392182','145949267899','3','1458627189',19,'1459297654'),('145949398380','145949286299','1','1458627189',20,'1459297654'),('145949398381','145949286299','2','1458627189',20,'1459297654'),('145949398382','145949286299','3','1458627189',20,'1459297654'),('145949404680','145949289699','1','1458627189',20,'1459297654'),('145949404681','145949289699','2','1458627189',20,'1459297654'),('145949404682','145949289699','3','1458627189',20,'1459297654'),('145949409880','145949261599','1','1458627189',20,'1459297654'),('145949409881','145949261599','2','1458627189',20,'1459297654'),('145949409882','145949261599','3','1458627189',20,'1459297654'),('145949423680','145949238399','1','1458627189',20,'1459297654'),('145949423681','145949238399','2','1458627189',20,'1459297654'),('145949423682','145949238399','3','1458627189',20,'1459297654'),('145973326980','145973144899','1','1458627189',50,'1459394913'),('145973326981','145973144899','2','1458627189',10,'1459394913'),('145973329380','145973283399','1','1458627189',50,'1459394913'),('145973329381','145973283399','2','1458627189',5,'1459394913'),('145973331380','145973193999','1','1458627189',50,'1459394913'),('145973331381','145973193999','2','1458627189',10,'1459394913'),('145973334680','145973179199','1','1458627189',50,'1459394913'),('145973334681','145973179199','2','1458627189',10,'1459394913'),('145973337580','145973189199','1','1458627189',50,'1459394913'),('145973337581','145973189199','2','1458627189',5,'1459394913'),('145973342080','145973184799','1','1458627189',50,'1459394913'),('145973342081','145973184799','2','1458627189',10,'1459394913'),('145973346280','145973301499','1','1458627189',50,'1459394913'),('145973346281','145973301499','2','1458627189',10,'1459394913'),('145973350280','145973172199','1','1458627189',50,'1459394913'),('145973350281','145973172199','2','1458627189',10,'1459394913'),('145973352280','145973291799','1','1458627189',50,'1459394913'),('145973352281','145973291799','2','1458627189',10,'1459394913'),('145973356280','145973265799','1','1458627189',50,'1459394913'),('145973356281','145973265799','2','1458627189',10,'1459394913'),('145973359780','145973249399','1','1458627189',50,'1459394913'),('145973359781','145973249399','2','1458627189',10,'1459394913'),('145973361480','145973236299','1','1458627189',50,'1459394913'),('145973361481','145973236299','2','1458627189',10,'1459394913'),('145973363280','145973258099','1','1458627189',50,'1459394913'),('145973363281','145973258099','2','1458627189',10,'1459394913'),('145973365380','145973225899','1','1458627189',50,'1459394913'),('145973365381','145973225899','2','1458627189',10,'1459394913'),('145973367280','145973317099','1','1458627189',50,'1459394913'),('145973367281','145973317099','2','1458627189',10,'1459394913'),('145973369380','145973217099','1','1458627189',50,'1459394913'),('145973369381','145973217099','2','1458627189',10,'1459394913'),('145973372780','145973308099','1','1458627189',50,'1459394913'),('145973372781','145973308099','2','1458627189',10,'1459394913'),('145973373680','145973340299','1','1458627189',10,'1459138022'),('145973373681','145973340299','2','1458627189',10,'1459138022'),('145973373682','145973340299','3','1458627189',10,'1459138022'),('145973378480','145973335499','1','1458627189',15,'1459138022'),('145973378481','145973335499','2','1458627189',15,'1459138022'),('145973378482','145973335499','3','1458627189',15,'1459138022'),('145973384080','145973241599','1','1458627189',50,'1459394913'),('145973384081','145973241599','2','1458627189',10,'1459394913'),('145973386580','145973273799','1','1458627189',50,'1459394913'),('145973386581','145973273799','2','1458627189',10,'1459394913'),('145973388480','145973324099','1','1458627189',26,'1459138022'),('145973388481','145973324099','2','1458627189',15,'1459138022'),('145973388482','145973324099','3','1458627189',15,'1459138022'),('145973389580','145973204899','1','1458627189',50,'1459394913'),('145973389581','145973204899','2','1458627189',10,'1459394913'),('145973392680','145973316199','1','1458627189',15,'1459138022'),('145973392681','145973316199','2','1458627189',15,'1459138022'),('145973392682','145973316199','3','1458627189',15,'1459138022'),('145973396780','145973320299','1','1458627189',15,'1459138022'),('145973396781','145973320299','2','1458627189',15,'1459138022'),('145973396782','145973320299','3','1458627189',15,'1459138022'),('145973399480','145973311199','1','1458627189',15,'1459138022'),('145973399481','145973311199','2','1458627189',15,'1459138022'),('145973399482','145973311199','3','1458627189',15,'1459138022'),('145973404280','145973305199','1','1458627189',20,'1459138022'),('145973404281','145973305199','2','1458627189',20,'1459138022'),('145973404282','145973305199','3','1458627189',20,'1459138022'),('145973407880','145973300899','1','1458627189',20,'1459138022'),('145973407881','145973300899','2','1458627189',20,'1459138022'),('145973407882','145973300899','3','1458627189',20,'1459138022'),('145973412280','145973295799','1','1458627189',20,'1459138022'),('145973412281','145973295799','2','1458627189',20,'1459138022'),('145973412282','145973295799','3','1458627189',20,'1459138022'),('145973415380','145973292099','1','1458627189',20,'1459138022'),('145973415381','145973292099','2','1458627189',20,'1459138022'),('145973415382','145973292099','3','1458627189',20,'1459138022'),('145973419580','145973287799','1','1458627189',20,'1459138022'),('145973419581','145973287799','2','1458627189',20,'1459138022'),('145973419582','145973287799','3','1458627189',20,'1459138022'),('145973422280','145973282999','1','1458627189',20,'1459138022'),('145973422281','145973282999','2','1458627189',20,'1459138022'),('145973422282','145973282999','3','1458627189',20,'1459138022'),('145973424980','145973278599','1','1458627189',20,'1459138022'),('145973424981','145973278599','2','1458627189',20,'1459138022'),('145973424982','145973278599','3','1458627189',20,'1459138022'),('145973427580','145973274199','1','1458627189',20,'1459138022'),('145973427581','145973274199','2','1458627189',20,'1459138022'),('145973427582','145973274199','3','1458627189',20,'1459138022'),('145973429880','145973268799','1','1458627189',20,'1459138022'),('145973429881','145973268799','2','1458627189',20,'1459138022'),('145973429882','145973268799','3','1458627189',20,'1459138022'),('145973432280','145973263999','1','1458627189',20,'1459138022'),('145973432281','145973263999','2','1458627189',20,'1459138022'),('145973432282','145973263999','3','1458627189',20,'1459138022'),('145973434880','145973259999','1','1458627189',20,'1459138022'),('145973434881','145973259999','2','1458627189',20,'1459138022'),('145973434882','145973259999','3','1458627189',20,'1459138022'),('145973437280','145973252799','1','1458627189',20,'1459138022'),('145973437281','145973252799','2','1458627189',20,'1459138022'),('145973437282','145973252799','3','1458627189',20,'1459138022'),('145973439580','145973229599','1','1458627189',20,'1459138022'),('145973439581','145973229599','2','1458627189',20,'1459138022'),('145973439582','145973229599','3','1458627189',20,'1459138022'),('145973745880','145973397999','1','1458627189',15,'1459413235'),('145973745881','145973397999','2','1458627189',51,'1459413235'),('145973754480','145973432699','1','1458627189',27,'1459413235'),('145973754481','145973432699','2','1458627189',19,'1459413235'),('145973758480','145973445999','1','1458627189',23,'1459413235'),('145973758481','145973445999','2','1458627189',70,'1459413235'),('145973762280','145973451699','1','1458627189',33,'1459413235'),('145973762281','145973451699','2','1458627189',47,'1459413235'),('145973765080','145973464599','1','1458627189',42,'1459413235'),('145973765081','145973464599','2','1458627189',50,'1459413235'),('145973772280','145973416999','1','1458627189',35,'1459413235'),('145973772281','145973416999','2','1458627189',54,'1459413235'),('145973775280','145973477199','1','1458627189',105,'1459413235'),('145973775281','145973477199','2','1458627189',63,'1459413235'),('145973779180','145973471199','1','1458627189',43,'1459413235'),('145973779181','145973471199','2','1458627189',37,'1459413235'),('145973782480','145973484999','1','1458627189',29,'1459413235'),('145973782481','145973484999','2','1458627189',20,'1459413235'),('145973782482','145973484999','3','1458627189',16,'1459413235'),('145973787080','145973498599','1','1458627189',36,'1459413235'),('145973787081','145973498599','2','1458627189',46,'1459413235'),('145973790480','145973504099','1','1458627189',10,'1459413235'),('145973790481','145973504099','2','1458627189',20,'1459413235'),('145973790482','145973504099','3','1458627189',35,'1459413235'),('145973797180','145973510699','1','1458627189',101,'1459413235'),('145973797181','145973510699','2','1458627189',80,'1459413235'),('145973801180','145973517999','1','1458627189',30,'1459413235'),('145973801181','145973517999','2','1458627189',20,'1459413235'),('145973801182','145973517999','3','1458627189',15,'1459413235'),('145973805080','145973549199','1','1458627189',23,'1459413235'),('145973805081','145973549199','2','1458627189',50,'1459413235'),('145973808780','145973559099','1','1458627189',69,'1459413235'),('145973808781','145973559099','2','1458627189',43,'1459413235'),('145973811880','145973579699','1','1458627189',55,'1459413235'),('145973811881','145973579699','2','1458627189',43,'1459413235'),('145973815080','145973597999','1','1458627189',19,'1459413235'),('145973815081','145973597999','2','1458627189',20,'1459413235'),('145973815082','145973597999','3','1458627189',29,'1459413235'),('145973818180','145973638099','1','1458627189',85,'1459413235'),('145973818181','145973638099','2','1458627189',60,'1459413235'),('145973833781','145973573299','2','1458627189',20,'1459413235'),('145973833782','145973573299','3','1458627189',40,'1459413235'),('145973834880','145973200499','1','1458627189',15,'1459136622'),('145973834881','145973200499','2','1458627189',25,'1459136622'),('145973834882','145973200499','3','1458627189',14,'1459136622'),('145973837381','145973590199','2','1458627189',48,'1459413235'),('145973837382','145973590199','3','1458627189',15,'1459413235'),('145973840481','145973634999','2','1458627189',20,'1459413235'),('145973841980','145973256799','1','1458627189',20,'1459136622'),('145973841981','145973256799','2','1458627189',25,'1459136622'),('145973841982','145973256799','3','1458627189',15,'1459136622'),('145973843181','145973640399','2','1458627189',13,'1459413235'),('145973847381','145973642799','2','1458627189',50,'1459413235'),('145973850081','145973646099','2','1458627189',25,'1459413235'),('145973852880','145973273299','1','1458627189',15,'1459136622'),('145973852881','145973273299','2','1458627189',25,'1459136622'),('145973852882','145973273299','3','1458627189',15,'1459136622'),('145973854081','145973648599','2','1458627189',27,'1459413235'),('145973855980','145973279199','1','1458627189',20,'1459136622'),('145973855981','145973279199','2','1458627189',25,'1459136622'),('145973855982','145973279199','3','1458627189',15,'1459136622'),('145973856881','145973651599','2','1458627189',15,'1459413235'),('145973858881','145973656399','2','1458627189',22,'1459413235'),('145973859480','145973251799','1','1458627189',15,'1459136622'),('145973859481','145973251799','2','1458627189',25,'1459136622'),('145973859482','145973251799','3','1458627189',15,'1459136622'),('145973861381','145973660099','2','1458627189',13,'1459413235'),('145973862580','145973267099','1','1458627189',20,'1459136622'),('145973862581','145973267099','2','1458627189',25,'1459136622'),('145973862582','145973267099','3','1458627189',15,'1459136622'),('145973863881','145973662799','2','1458627189',14,'1459413235'),('145973867181','145973665199','2','1458627189',43,'1459413235'),('145973869482','145973525399','3','1458627189',65,'1459413235'),('145973872382','145973564499','3','1458627189',65,'1459413235'),('145973872480','145973360299','1','1458627189',20,'1459136622'),('145973872481','145973360299','2','1458627189',25,'1459136622'),('145973872482','145973360299','3','1458627189',20,'1459136622'),('145973874982','145973609399','3','1458627189',65,'1459413235'),('145973878180','145973286899','1','1458627189',20,'1459136622'),('145973878181','145973286899','2','1458627189',25,'1459136622'),('145973878182','145973286899','3','1458627189',20,'1459136622'),('145973880780','145973292199','1','1458627189',20,'1459136622'),('145973880781','145973292199','2','1458627189',25,'1459136622'),('145973880782','145973292199','3','1458627189',20,'1459136622'),('145973883780','145973330999','1','1458627189',20,'1459136622'),('145973883781','145973330999','2','1458627189',25,'1459136622'),('145973883782','145973330999','3','1458627189',20,'1459136622'),('145973885980','145973337799','1','1458627189',20,'1459136622'),('145973885981','145973337799','2','1458627189',25,'1459136622'),('145973885982','145973337799','3','1458627189',20,'1459136622'),('145973888780','145973370099','1','1458627189',20,'1459136622'),('145973888781','145973370099','2','1458627189',25,'1459136622'),('145973888782','145973370099','3','1458627189',20,'1459136622'),('145973891080','145973317699','1','1458627189',20,'1459136622'),('145973891081','145973317699','2','1458627189',25,'1459136622'),('145973891082','145973317699','3','1458627189',20,'1459136622'),('145973893180','145973322699','1','1458627189',20,'1459136622'),('145973893181','145973322699','2','1458627189',25,'1459136622'),('145973893182','145973322699','3','1458627189',20,'1459136622'),('145973895680','145973298499','1','1458627189',20,'1459136622'),('145973895681','145973298499','2','1458627189',25,'1459136622'),('145973895682','145973298499','3','1458627189',20,'1459136622'),('145973901380','145973354599','1','1458627189',20,'1459136622'),('145973901381','145973354599','2','1458627189',25,'1459136622'),('145973901382','145973354599','3','1458627189',21,'1459136622'),('145973904480','145973389099','1','1458627189',20,'1459136622'),('145973904481','145973389099','2','1458627189',25,'1459136622'),('145973904482','145973389099','3','1458627189',20,'1459136622'),('145973908380','145973384499','1','1458627189',20,'1459136622'),('145973908381','145973384499','2','1458627189',25,'1459136622'),('145973908382','145973384499','3','1458627189',20,'1459136622'),('145973910480','145973308999','1','1458627189',20,'1459136622'),('145973910481','145973308999','2','1458627189',25,'1459136622'),('145973910482','145973308999','3','1458627189',20,'1459136622'),('145973914180','145973365199','1','1458627189',20,'1459136622'),('145973914181','145973365199','2','1458627189',25,'1459136622'),('145973914182','145973365199','3','1458627189',20,'1459136622'),('145973915980','145973374299','1','1458627189',20,'1459136622'),('145973915981','145973374299','2','1458627189',25,'1459136622'),('145973915982','145973374299','3','1458627189',20,'1459136622'),('145973921580','145973400199','1','1458627189',20,'1459136622'),('145973921581','145973400199','2','1458627189',25,'1459136622'),('145973921582','145973400199','3','1458627189',20,'1459136622'),('145973923580','145973344899','1','1458627189',20,'1459136622'),('145973923581','145973344899','2','1458627189',25,'1459136622'),('145973923582','145973344899','3','1458627189',20,'1459136622'),('145973925680','145973378999','1','1458627189',20,'1459136622'),('145973925681','145973378999','2','1458627189',25,'1459136622'),('145973925682','145973378999','3','1458627189',20,'1459136622'),('145973928280','145973403499','1','1458627189',20,'1459136622'),('145973928281','145973403499','2','1458627189',25,'1459136622'),('145973928282','145973403499','3','1458627189',20,'1459136622'),('145973935680','145973396499','1','1458627189',20,'1459136622'),('145973935681','145973396499','2','1458627189',25,'1459136622'),('145973935682','145973396499','3','1458627189',20,'1459136622'),('145973940280','145929672099','1','1458627189',20,'1459137438'),('145973940281','145929672099','2','1458627189',20,'1459137438'),('145973940282','145929672099','3','1458627189',20,'1459137438'),('145973944980','145939350199','1','1458627189',20,'1459137438'),('145973944981','145939350199','2','1458627189',20,'1459137438'),('145973944982','145939350199','3','1458627189',20,'1459137438'),('145973954780','145929571099','1','1458627189',10,'1459137438'),('145973954781','145929571099','2','1458627189',10,'1459137438'),('145973954782','145929571099','3','1458627189',10,'1459137438'),('145973966080','145929580999','1','1458627189',15,'1459137438'),('145973966081','145929580999','2','1458627189',15,'1459137438'),('145973966082','145929580999','3','1458627189',15,'1459137438'),('145974242581','145973443299','2','1458627189',60,'1459486503'),('145974246781','145973462799','2','1458627189',50,'1459486503'),('145974249181','145973449299','2','1458627189',60,'1459486503'),('145974251481','145973486799','2','1458627189',61,'1459486503'),('145974253681','145973470399','2','1458627189',50,'1459486503'),('145974255881','145973457099','2','1458627189',38,'1459486503'),('145974255882','145973457099','3','1458627189',7,'1459486503'),('145974258081','145973520899','2','1458627189',60,'1459486503'),('145974262181','145973530599','2','1458627189',30,'1459486503'),('145974262182','145973530599','3','1458627189',30,'1459486503'),('145974265181','145973544699','2','1458627189',40,'1459486503'),('145974265182','145973544699','3','1458627189',20,'1459486503'),('145974269682','145973537099','3','1458627189',60,'1459486503'),('145974270180','145929578199','1','1458627189',19,'1459137438'),('145974270181','145929578199','2','1458627189',15,'1459137438'),('145974270182','145929578199','3','1458627189',15,'1459137438'),('145974273981','145973561999','2','1458627189',60,'1459486503'),('145974277680','145929655399','1','1458627189',20,'1459137438'),('145974277681','145929655399','2','1458627189',20,'1459137438'),('145974277682','145929655399','3','1458627189',20,'1459137438'),('145974278081','145973570299','2','1458627189',60,'1459486503'),('145974283580','145929648999','1','1458627189',20,'1459137438'),('145974283581','145929648999','2','1458627189',20,'1459137438'),('145974283582','145929648999','3','1458627189',20,'1459137438'),('145974284881','145973576699','2','1458627189',39,'1459486503'),('145974284882','145973576699','3','1458627189',21,'1459486503'),('145974287981','145973585099','2','1458627189',31,'1459486503'),('145974287982','145973585099','3','1458627189',29,'1459486503'),('145974476680','145974186999','1','1458627189',10,'1459137354'),('145974476681','145974186999','2','1458627189',10,'1459137354'),('145974476682','145974186999','3','1458627189',10,'1459137354'),('145974480180','145974211299','1','1458627189',15,'1459137354'),('145974480181','145974211299','2','1458627189',15,'1459137354'),('145974480182','145974211299','3','1458627189',15,'1459137354'),('145974482780','145974235799','1','1458627189',15,'1459137354'),('145974482781','145974235799','2','1458627189',15,'1459137354'),('145974482782','145974235799','3','1458627189',15,'1459137354'),('145974486180','145974201899','1','1458627189',15,'1459137354'),('145974486181','145974201899','2','1458627189',15,'1459137354'),('145974486182','145974201899','3','1458627189',15,'1459137354'),('145974490080','145974244799','1','1458627189',15,'1459137354'),('145974490081','145974244799','2','1458627189',15,'1459137354'),('145974490082','145974244799','3','1458627189',15,'1459137354'),('145974492980','145974226299','1','1458627189',15,'1459137354'),('145974492981','145974226299','2','1458627189',15,'1459137354'),('145974492982','145974226299','3','1458627189',15,'1459137354'),('145974495780','145974264799','1','1458627189',20,'1459137354'),('145974495781','145974264799','2','1458627189',20,'1459137354'),('145974495782','145974264799','3','1458627189',20,'1459137354'),('145974497780','145974282999','1','1458627189',20,'1459137354'),('145974497781','145974282999','2','1458627189',20,'1459137354'),('145974497782','145974282999','3','1458627189',20,'1459137354'),('145974499780','145974294999','1','1458627189',20,'1459137354'),('145974499781','145974294999','2','1458627189',20,'1459137354'),('145974499782','145974294999','3','1458627189',20,'1459137354'),('145974501580','145974255299','1','1458627189',20,'1459137354'),('145974501581','145974255299','2','1458627189',20,'1459137354'),('145974501582','145974255299','3','1458627189',20,'1459137354'),('145974509580','145974276299','1','1458627189',20,'1459137354'),('145974509581','145974276299','2','1458627189',20,'1459137354'),('145974509582','145974276299','3','1458627189',20,'1459137354'),('145974511180','145974288899','1','1458627189',20,'1459137354'),('145974511181','145974288899','2','1458627189',20,'1459137354'),('145974511182','145974288899','3','1458627189',20,'1459137354'),('145974513480','145974302299','1','1458627189',20,'1459137354'),('145974513481','145974302299','2','1458627189',20,'1459137354'),('145974513482','145974302299','3','1458627189',20,'1459137354'),('145974516880','145974319499','1','1458627189',20,'1459137354'),('145974516881','145974319499','2','1458627189',20,'1459137354'),('145974516882','145974319499','3','1458627189',20,'1459137354'),('145974519680','145974307899','1','1458627189',20,'1459137354'),('145974519681','145974307899','2','1458627189',20,'1459137354'),('145974519682','145974307899','3','1458627189',20,'1459137354'),('145974521380','145974312699','1','1458627189',20,'1459137354'),('145974521381','145974312699','2','1458627189',20,'1459137354'),('145974521382','145974312699','3','1458627189',20,'1459137354'),('145974523880','145974316699','1','1458627189',20,'1459137354'),('145974523881','145974316699','2','1458627189',20,'1459137354'),('145974523882','145974316699','3','1458627189',20,'1459137354'),('145974527280','145941391099','1','1458627189',20,'1459297654'),('145974527281','145941391099','2','1458627189',15,'1459297654'),('145974533081','145941697299','2','1458627189',20,'1459297654'),('145974696282','145941116699','3','1458627189',20,'1459297654'),('145974917882','145941500399','3','1458627189',20,'1459297654'),('145975106681','145974951899','2','1458627189',100,'1459389051'),('145975108781','145974970799','2','1458627189',100,'1459389051'),('145975111281','145974982799','2','1458627189',100,'1459389051'),('145975115581','145974976599','2','1458627189',100,'1459389051'),('145975144381','145974964899','2','1458627189',100,'1459389051'),('145975146081','145974990399','2','1458627189',100,'1459389051'),('145975147281','145975059299','2','1458627189',0,'1459389051'),('145975148481','145975050599','2','1458627189',60,'1459389051'),('145975149681','145975015899','2','1458627189',100,'1459389051'),('145975150881','145975024599','2','1458627189',100,'1459389051'),('145975152781','145975045799','2','1458627189',100,'1459389051'),('145975153781','145975005399','2','1458627189',60,'1459389051'),('145975160781','145975064199','2','1458627189',0,'1459389051'),('145975161881','145975041399','2','1458627189',100,'1459389051'),('145975162881','145975020899','2','1458627189',100,'1459389051'),('145975163981','145974996399','2','1458627189',100,'1459389051'),('145975165481','145975029399','2','1458627189',100,'1459389051'),('145975166781','145975037499','2','1458627189',60,'1459389051'),('145975167881','145975034199','2','1458627189',100,'1459389051'),('145975169781','145975054099','2','1458627189',100,'1459389051'),('145975171381','145975010599','2','1458627189',100,'1459389051'),('145975172681','145975000199','2','1458627189',60,'1459389051'),('145975320080','145975076799','1','1458627189',100,'1459748694'),('145975320081','145975076799','2','1458627189',10,'1459748694'),('145975320082','145975076799','3','1458627189',0,'1459748694'),('145975335580','145975108999','1','1458627189',100,'1459748694'),('145975335581','145975108999','2','1458627189',20,'1459748694'),('145975335582','145975108999','3','1458627189',0,'1459748694'),('145975338980','145975114499','1','1458627189',100,'1459748694'),('145975338981','145975114499','2','1458627189',20,'1459748694'),('145975338982','145975114499','3','1458627189',0,'1459748694'),('145975343680','145975120499','1','1458627189',100,'1459748694'),('145975343681','145975120499','2','1458627189',20,'1459748694'),('145975343682','145975120499','3','1458627189',0,'1459748694'),('145975346380','145975088699','1','1458627189',100,'1459748694'),('145975346381','145975088699','2','1458627189',20,'1459748694'),('145975346382','145975088699','3','1458627189',0,'1459748694'),('145975350180','145975260099','1','1458627189',100,'1459748694'),('145975350181','145975260099','2','1458627189',30,'1459748694'),('145975350182','145975260099','3','1458627189',0,'1459748694'),('145975352780','145975192699','1','1458627189',100,'1459748694'),('145975352781','145975192699','2','1458627189',30,'1459748694'),('145975352782','145975192699','3','1458627189',0,'1459748694'),('145975355380','145975152099','1','1458627189',30,'1459748694'),('145975355381','145975152099','2','1458627189',30,'1459748694'),('145975355382','145975152099','3','1458627189',0,'1459748694'),('145975358480','145975241299','1','1458627189',100,'1459748694'),('145975358481','145975241299','2','1458627189',30,'1459748694'),('145975358482','145975241299','3','1458627189',0,'1459748694'),('145975361480','145975254199','1','1458627189',100,'1459748694'),('145975361481','145975254199','2','1458627189',30,'1459748694'),('145975361482','145975254199','3','1458627189',0,'1459748694'),('145975364880','145975209599','1','1458627189',100,'1459748694'),('145975364881','145975209599','2','1458627189',30,'1459748694'),('145975364882','145975209599','3','1458627189',0,'1459748694'),('145975367180','145975177099','1','1458627189',100,'1459748694'),('145975367181','145975177099','2','1458627189',30,'1459748694'),('145975367182','145975177099','3','1458627189',0,'1459748694'),('145975370280','145975180799','1','1458627189',100,'1459748694'),('145975370281','145975180799','2','1458627189',30,'1459748694'),('145975370282','145975180799','3','1458627189',0,'1459748694'),('145975372580','145975148699','1','1458627189',100,'1459748694'),('145975372581','145975148699','2','1458627189',30,'1459748694'),('145975372582','145975148699','3','1458627189',0,'1459748694'),('145975374980','145975238999','1','1458627189',100,'1459748694'),('145975374981','145975238999','2','1458627189',30,'1459748694'),('145975374982','145975238999','3','1458627189',0,'1459748694'),('145975380980','145975154499','1','1458627189',100,'1459748694'),('145975380981','145975154499','2','1458627189',30,'1459748694'),('145975380982','145975154499','3','1458627189',0,'1459748694'),('145975398380','145975284699','1','1458627189',100,'1459748694'),('145975398381','145975284699','2','1458627189',30,'1459748694'),('145975401980','145975173399','1','1458627189',30,'1459748694'),('145975401981','145975173399','2','1458627189',30,'1459748694'),('145975406680','145975256999','1','1458627189',100,'1459748694'),('145975406681','145975256999','2','1458627189',30,'1459748694'),('145975419380','145975230499','1','1458627189',100,'1459748694'),('145975419381','145975230499','2','1458627189',30,'1459748694'),('145975421280','145975234599','1','1458627189',30,'1459748694'),('145975421281','145975234599','2','1458627189',30,'1459748694'),('145975427080','145975213899','1','1458627189',100,'1459748694'),('145975427081','145975213899','2','1458627189',30,'1459748694'),('145975429080','145975251199','1','1458627189',30,'1459748694'),('145975429081','145975251199','2','1458627189',30,'1459748694'),('145975440980','145975196899','1','1458627189',100,'1459748694'),('145975440981','145975196899','2','1458627189',30,'1459748694'),('145975443780','145975222199','1','1458627189',100,'1459748694'),('145975443781','145975222199','2','1458627189',30,'1459748694'),('145975453480','145975219399','1','1458627189',100,'1459748694'),('145975453481','145975219399','2','1458627189',30,'1459748694'),('145975457380','145975201999','1','1458627189',100,'1459748694'),('145975457381','145975201999','2','1458627189',30,'1459748694'),('145975461980','145975266399','1','1458627189',100,'1459748694'),('145975461981','145975266399','2','1458627189',30,'1459748694'),('145975464680','145975270599','1','1458627189',100,'1459748694'),('145975464681','145975270599','2','1458627189',30,'1459748694'),('145975467380','145975272799','1','1458627189',100,'1459748694'),('145975467381','145975272799','2','1458627189',30,'1459748694'),('145975658680','145948371099','1','1458627189',25,'1459412196'),('145975658681','145948371099','2','1458627189',25,'1459412196'),('145975658682','145948371099','3','1458627189',10,'1459412196'),('145975663080','145948525199','1','1458627189',36,'1459297654'),('145975669080','145948554199','1','1458627189',25,'1458608926'),('145975669081','145948554199','2','1458627189',26,'1458608926'),('145975669082','145948554199','3','1458627189',10,'1458608926'),('145975676780','145948516899','1','1458627189',25,'1459412196'),('145975676781','145948516899','2','1458627189',25,'1459412196'),('145975676782','145948516899','3','1458627189',10,'1459412196'),('145975684180','145948389499','1','1458627189',25,'1459297654'),('145975684181','145948389499','2','1458627189',25,'1459297654'),('145975684182','145948389499','3','1458627189',10,'1459297654'),('145975689580','145948588299','1','1458627189',25,'1459297654'),('145975689581','145948588299','2','1458627189',20,'1459297654'),('145975896280','145975600699','1','1458627189',110,'1459748694'),('145975896281','145975600699','2','1458627189',30,'1459748694'),('145975900180','145975611399','1','1458627189',110,'1459748694'),('145975900181','145975611399','2','1458627189',30,'1459748694'),('145975902380','145975616499','1','1458627189',110,'1459748694'),('145975902381','145975616499','2','1458627189',30,'1459748694'),('145975912180','145975619599','1','1458627189',110,'1459748694'),('145975912181','145975619599','2','1458627189',30,'1459748694'),('145975914580','145975641999','1','1458627189',110,'1459748694'),('145975914581','145975641999','2','1458627189',30,'1459748694'),('145975917880','145975627299','1','1458627189',110,'1459748694'),('145975917881','145975627299','2','1458627189',30,'1459748694'),('145975923880','145975649499','1','1458627189',110,'1459748694'),('145975923881','145975649499','2','1458627189',30,'1459748694'),('145975926680','145975552799','1','1458627189',110,'1459748694'),('145975926681','145975552799','2','1458627189',30,'1459748694'),('145975928980','145975560299','1','1458627189',110,'1459748694'),('145975928981','145975560299','2','1458627189',30,'1459748694'),('145975930980','145975624799','1','1458627189',110,'1459748694'),('145975930981','145975624799','2','1458627189',30,'1459748694'),('145975933480','145975608799','1','1458627189',110,'1459748694'),('145975933481','145975608799','2','1458627189',30,'1459748694'),('145975935980','145975546899','1','1458627189',110,'1459748694'),('145975935981','145975546899','2','1458627189',30,'1459748694'),('145975938680','145975636799','1','1458627189',110,'1459748694'),('145975938681','145975636799','2','1458627189',30,'1459748694'),('145975941580','145975603299','1','1458627189',110,'1459748694'),('145975941581','145975603299','2','1458627189',30,'1459748694'),('145975943980','145975613999','1','1458627189',110,'1459748694'),('145975943981','145975613999','2','1458627189',30,'1459748694'),('145975946180','145975556499','1','1458627189',110,'1459748694'),('145975946181','145975556499','2','1458627189',30,'1459748694'),('145975949080','145975639699','1','1458627189',110,'1459748694'),('145975949081','145975639699','2','1458627189',30,'1459748694'),('145975952180','145975644199','1','1458627189',110,'1459748694'),('145975952181','145975644199','2','1458627189',30,'1459748694'),('145975954580','145975632199','1','1458627189',110,'1459748694'),('145975954581','145975632199','2','1458627189',30,'1459748694'),('145975957980','145975634299','1','1458627189',110,'1459748694'),('145975957981','145975634299','2','1458627189',30,'1459748694'),('145975960080','145975646599','1','1458627189',110,'1459748694'),('145975960081','145975646599','2','1458627189',30,'1459748694'),('145975963380','145975629599','1','1458627189',110,'1459748694'),('145975963381','145975629599','2','1458627189',30,'1459748694'),('145975965680','145975622499','1','1458627189',110,'1459748694'),('145975965681','145975622499','2','1458627189',30,'1459748694'),('145976006880','145975996399','1','1458627189',100,'1459748694'),('145981516381','145923377399','2','1458627189',32,'1459151511'),('145981520781','145923400199','2','1458627189',54,'1459151511'),('145981523781','145923406199','2','1458627189',45,'1459151511'),('145981526581','145923411299','2','1458627189',31,'1459151511'),('145981529381','145923389899','2','1458627189',42,'1459151511'),('145981532981','145923395999','2','1458627189',48,'1459151511'),('145981539281','145923479999','2','1458627189',20,'1459151511'),('145981544081','145923418699','2','1458627189',35,'1459151511'),('145981546881','145923474999','2','1458627189',48,'1459151511'),('145981549981','145923485299','2','1458627189',45,'1459151511'),('145981562881','145923655099','2','1458627189',44,'1459151511'),('145981595281','145923495899','2','1458627189',34,'1459151511'),('145981600181','145923491099','2','1458627189',40,'1459151511'),('145981605481','145923506499','2','1458627189',47,'1459151511'),('145981608781','145923637099','2','1458627189',33,'1459151511'),('145981612281','145923660299','2','1458627189',35,'1459151511'),('145981614681','145923676099','2','1458627189',48,'1459151511'),('145981617781','145923515399','2','1458627189',44,'1459151511'),('145981621781','145923648599','2','1458627189',19,'1459151511'),('145981624281','145923643899','2','1458627189',15,'1459151511'),('145981626581','145923550899','2','1458627189',24,'1459151511'),('145981629381','145923667099','2','1458627189',23,'1459151511'),('145981633981','145923671799','2','1458627189',14,'1459151511'),('145981637381','145923719799','2','1458627189',40,'1459151511'),('145981675782','145923495899','3','1458627189',26,'1459151511'),('145981678782','145923655099','3','1458627189',20,'1459151511'),('145981681282','145923660299','3','1458627189',25,'1459151511'),('145981684982','145923637099','3','1458627189',30,'1459151511'),('145981687682','145923515399','3','1458627189',20,'1459151511'),('145981689982','145923719799','3','1458627189',20,'1459151511'),('145981692882','145923485299','3','1458627189',20,'1459151511'),('145981695282','145923506499','3','1458627189',15,'1459151511'),('145981697782','145923676099','3','1458627189',12,'1459151511'),('145981700082','145923474999','3','1458627189',25,'1459151511'),('145981702182','145923418699','3','1458627189',25,'1459151511'),('145981706582','145923491099','3','1458627189',20,'1459151511'),('145981708582','145923479999','3','1458627189',40,'1459151511'),('145981711482','145923648599','3','1458627189',41,'1459151511'),('145981713282','145923643899','3','1458627189',45,'1459151511'),('145981715582','145923667099','3','1458627189',45,'1459151511'),('145981718082','145923671799','3','1458627189',46,'1459151511'),('145981720582','145923550899','3','1458627189',36,'1459151511'),('145981740780','145975228099','1','1458627189',100,'1459748694'),('145981740781','145975228099','2','1458627189',30,'1459748694'),('145981864080','145975657099','1','1458627189',110,'1459748694'),('145981864081','145975657099','2','1458627189',30,'1459748694'),('145981868580','145975658999','1','1458627189',110,'1459748694'),('145981868581','145975658999','2','1458627189',30,'1459748694'),('145981872180','145975653099','1','1458627189',110,'1459748694'),('145981872181','145975653099','2','1458627189',30,'1459748694'),('145981876080','145975662499','1','1458627189',110,'1459748694'),('145981876081','145975662499','2','1458627189',30,'1459748694'),('145981887980','145975655499','1','1458627189',110,'1459748694'),('145981887981','145975655499','2','1458627189',30,'1459748694'),('145982162681','145915277899','2','1458627189',50,'1459150862'),('145982165881','145915428299','2','1458627189',100,'1459150862'),('145982167981','145915424599','2','1458627189',100,'1459150862'),('145982173081','145915440999','2','1458627189',50,'1459150862'),('145982175881','145915444499','2','1458627189',100,'1459150862'),('145982189181','145915433999','2','1458627189',50,'1459150862'),('145982193181','145915459299','2','1458627189',100,'1459150862'),('145982195481','145915480999','2','1458627189',100,'1459150862'),('145982197781','145915454899','2','1458627189',100,'1459150862'),('145982199881','145915476499','2','1458627189',100,'1459150862'),('145982203181','145915484899','2','1458627189',100,'1459150862'),('145982208681','145915451399','2','1458627189',100,'1459150862'),('145982211081','145915470699','2','1458627189',100,'1459150862'),('145982213281','145915491799','2','1458627189',100,'1459150862'),('145982215681','145915493799','2','1458627189',100,'1459150862'),('145982217281','145915495399','2','1458627189',100,'1459150862'),('145982222881','145915467499','2','1458627189',100,'1459150862'),('145982233281','145915448599','2','1458627189',100,'1459150862'),('145982236681','145915462899','2','1458627189',75,'1459150862'),('145982238681','145915489199','2','1458627189',50,'1459150862'),('145982476382','145923411299','3','1458627189',20,'1459151511'),('145982479082','145923389899','3','1458627189',10,'1459151511'),('145983320080','145983314999','1','1458627189',20,'1459297654'),('145983320081','145983314999','2','1458627189',20,'1459297654'),('145983320082','145983314999','3','1458627189',30,'1459297654'),('145991142880','145991054699','1','1458627189',15,'1459297654'),('145991142881','145991054699','2','1458627189',15,'1459297654'),('145991142882','145991054699','3','1458627189',15,'1459297654'),('145991699280','145991688699','1','1458627189',10,'1458608926'),('145991699281','145991688699','2','1458627189',15,'1458608926'),('145991699282','145991688699','3','1458627189',10,'1458608926'),('145992471082','145992465499','3','1458627189',60,'1459151511'),('146002069580','145948569499','1','1458627189',20,'1459297654'),('146002069581','145948569499','2','1458627189',20,'1459297654'),('146002069582','145948569499','3','1458627189',20,'1459297654'),('146042629080','145932491399','1','1458627189',40,'1459322702'),('146042629081','145932491399','2','1458627189',20,'1459322702'),('146043755370','146043755330','1','1458627189',15,'1458608926'),('146043755381','146043755330','2','1458627189',21,'1458608926'),('146043755382','146043755330','3','1458627189',15,'1458608926'),('146044108180','145941147899','1','1458627189',20,'1459136279'),('146044108181','145941147899','2','1458627189',25,'1459136279'),('146044108182','145941147899','3','1458627189',20,'1459136279'),('146044357280','145948549799','1','1458627189',25,'1458608926'),('146044357281','145948549799','2','1458627189',3,'1458608926'),('146044414180','145948434899','1','1458627189',20,'1458608926'),('146044414181','145948434899','2','1458627189',25,'1458608926'),('146044414182','145948434899','3','1458627189',10,'1458608926'),('146044564780','145948562099','1','1458627189',20,'1458608926'),('146044564781','145948562099','2','1458627189',20,'1458608926'),('146044635580','146044630999','1','1458627189',10,'1458608926'),('146044635581','146044630999','2','1458627189',10,'1458608926'),('146045286680','146045193399','1','1458627189',20,'1458608926'),('146045286681','146045193399','2','1458627189',20,'1458608926'),('146045286682','146045193399','3','1458627189',20,'1458608926'),('146045289280','146045196099','1','1458627189',20,'1458608926'),('146045289281','146045196099','2','1458627189',20,'1458608926'),('146045289282','146045196099','3','1458627189',20,'1458608926'),('146045291880','146045199099','1','1458627189',20,'1458608926'),('146045291881','146045199099','2','1458627189',20,'1458608926'),('146045291882','146045199099','3','1458627189',20,'1458608926'),('146050860180','146050857299','1','1458627189',20,'1458608926'),('146051445480','145948575599','1','1458627189',20,'1458608926'),('146051445481','145948575599','2','1458627189',20,'1458608926'),('146051447482','145948572799','3','1458627189',35,'1458608926'),('146051505380','146051502699','1','1458627189',20,'1458608926'),('146051505381','146051502699','2','1458627189',20,'1458608926'),('146051505382','146051502699','3','1458627189',20,'1458608926'),('146052574780','145924410699','1','1458627189',20,'1459137509'),('146052574781','145924410699','2','1458627189',15,'1459137509'),('146052574782','145924410699','3','1458627189',15,'1459137509'),('146052578180','145924723899','1','1458627189',20,'1459137509'),('146052578181','145924723899','2','1458627189',21,'1459137509'),('146052578182','145924723899','3','1458627189',21,'1459137509'),('146054218980','145941132199','1','1458627189',20,'1459136279'),('146054218981','145941132199','2','1458627189',20,'1459136279'),('146054218982','145941132199','3','1458627189',20,'1459136279'),('146054243980','145940900599','1','1458627189',20,'1459136367'),('146054243981','145940900599','2','1458627189',20,'1459136367'),('146054243982','145940900599','3','1458627189',20,'1459136367'),('146055126180','145924729899','1','1458627189',10,'1459137509'),('146055126181','145924729899','2','1458627189',20,'1459137509'),('146055126182','145924729899','3','1458627189',30,'1459137509'),('146055128580','145924732399','1','1458627189',0,'1459137509'),('146055128581','145924732399','2','1458627189',20,'1459137509'),('146055128582','145924732399','3','1458627189',40,'1459137509'),('146056033080','146056025199','1','1458627189',40,'1459322702'),('146056033081','146056025199','2','1458627189',20,'1459322702'),('146059669380','145932522699','1','1458627189',40,'1459322702'),('146059669381','145932522699','2','1458627189',20,'1459322702'),('146059715880','146059694399','1','1458627189',15,'1459136279'),('146059715881','146059694399','2','1458627189',15,'1459136279'),('146059715882','146059694399','3','1458627189',10,'1459136279'),('146059745980','146059729999','1','1458627189',15,'1459065417'),('146059745981','146059729999','2','1458627189',15,'1459065417'),('146059745982','146059729999','3','1458627189',15,'1459065417'),('146059763082','145915277899','3','1458627189',50,'1459150862'),('146059765082','145915428299','3','1458627189',100,'1459150862'),('146059766982','145915424599','3','1458627189',100,'1459150862'),('146059769782','145915433999','3','1458627189',50,'1459150862'),('146059771582','145915440999','3','1458627189',50,'1459150862'),('146059775582','145915444499','3','1458627189',100,'1459150862'),('146059799182','145941277699','3','1458627189',5,'1458608926'),('146059801682','145915462899','3','1458627189',50,'1459150862'),('146059803682','145915484899','3','1458627189',50,'1459150862'),('146059805182','145915459299','3','1458627189',100,'1459150862'),('146059821782','145915476499','3','1458627189',100,'1459150862'),('146059825282','145915491799','3','1458627189',100,'1459150862'),('146059826882','145915493799','3','1458627189',100,'1459150862'),('146059831282','145915448599','3','1458627189',100,'1459150862'),('146059836782','145915489199','3','1458627189',50,'1459150862'),('146059930282','145915470699','3','1458627189',100,'1459150862'),('146059934382','145915467499','3','1458627189',100,'1459150862'),('146059938882','145915495399','3','1458627189',100,'1459150862'),('146059942182','145915451399','3','1458627189',100,'1459150862'),('146059951382','145915454899','3','1458627189',100,'1459150862'),('146059953082','145915480999','3','1458627189',100,'1459150862'),('146060074880','145949033399','1','1458627189',25,'1459136279'),('146060074881','145949033399','2','1458627189',25,'1459136279'),('146060074882','145949033399','3','1458627189',30,'1459136279'),('146060408480','145975076799','4','1458627189',20,'1459748694'),('146060411580','145975088699','4','1458627189',40,'1459748694'),('146060425980','145975120499','4','1458627189',40,'1459748694'),('146060428480','145975108999','4','1458627189',40,'1459748694'),('146060431480','145975114499','4','1458627189',40,'1459748694'),('146060436280','145975148699','4','1458627189',60,'1459748694'),('146060445280','145975152099','4','1458627189',60,'1459748694'),('146060449680','145975192699','4','1458627189',60,'1459748694'),('146060498980','145975213899','4','1458627189',60,'1459748694'),('146060529580','145975219399','4','1458627189',60,'1459748694'),('146060544680','145975177099','4','1458627189',60,'1459748694'),('146060564180','145975201999','4','1458627189',60,'1459748694'),('146060744680','146060714099','1','1458627189',10,'1458608926'),('146060744681','146060714099','2','1458627189',10,'1458608926'),('146060744682','146060714099','3','1458627189',15,'1458608926'),('146060752482','145948549799','3','1458627189',20,'1458608926'),('146060766480','145941529299','1','1458627189',20,'1458608926'),('146060766481','145941529299','2','1458627189',20,'1458608926'),('146060766482','145941529299','3','1458627189',20,'1458608926'),('146060775780','146060700999','1','1458627189',15,'1458608926'),('146060775782','146060700999','3','1458627189',15,'1458608926'),('146060812380','145975266399','4','1458627189',60,'1459748694'),('146060855480','145975154499','4','1458627189',60,'1459748694'),('146060860580','145975234599','4','1458627189',60,'1459748694'),('146060866880','145975260099','4','1458627189',60,'1459748694'),('146060873080','145975241299','4','1458627189',60,'1459748694'),('146060882780','145975222199','4','1458627189',60,'1459748694'),('146061083880','145939752499','1','1458627189',21,'1458608926'),('146061117082','145941443399','3','1458627189',39,'1458608926'),('146061121082','145941417099','3','1458627189',20,'1458608926'),('146061123682','145941465099','3','1458627189',21,'1458608926'),('146061127380','145941509899','1','1458627189',20,'1458608926'),('146061194280','145948566999','1','1458627189',20,'1458608926'),('146061194282','145948566999','3','1458627189',20,'1458608926'),('146061679970','146061679930','1','1458627189',24,'1458608926'),('146061679981','146061679930','2','1458627189',25,'1458608926'),('146061679982','146061679930','3','1458627189',25,'1458608926'),('146061733470','146061733430','1','1458627189',40,'1458608926'),('146061733481','146061733430','2','1458627189',40,'1458608926'),('146061925981','145939752499','2','1458627189',20,'1458608926'),('146061925982','145939752499','3','1458627189',20,'1458608926'),('146061950580','145939654799','1','1458627189',12,'1458608926'),('146062085782','145941740299','3','1458627189',5,'1458608926'),('146062328482','145941013399','3','1458627189',25,'1458608926'),('146062333982','145941008299','3','1458627189',21,'1458608926'),('146062336582','145941044399','3','1458627189',20,'1458608926'),('146062339182','145941054099','3','1458627189',20,'1458608926'),('146062341982','145941026899','3','1458627189',20,'1458608926'),('146062344182','145941060799','3','1458627189',20,'1458608926'),('146062349881','145941066099','2','1458627189',33,'1458608926'),('146062353381','145941106099','2','1458627189',20,'1458608926'),('146062362980','146062360599','1','1458627189',20,'1458608926'),('146062362981','146062360599','2','1458627189',20,'1458608926'),('146062362982','146062360599','3','1458627189',20,'1458608926'),('146062390580','146062382099','1','1458627189',25,'1458608926'),('146062390581','146062382099','2','1458627189',18,'1458608926'),('146062390582','146062382099','3','1458627189',2,'1458608926'),('146062582180','145941433499','1','1458627189',20,'1458608926'),('146062582181','145941433499','2','1458627189',20,'1458608926'),('146062663082','145941455799','3','1458627189',50,'1459136367'),('146062708981','145941609599','2','1458627189',20,'1458608926'),('146062721780','145941398299','1','1458627189',20,'1458608926'),('146062721781','145941398299','2','1458627189',20,'1458608926'),('146062721782','145941398299','3','1458627189',20,'1458608926'),('146062735382','145941490899','3','1458627189',16,'1458608926'),('146063085480','145991688699','4','1458627189',0,'1458608926'),('146063085481','145991688699','5','1458627189',0,'1458608926'),('146063085482','145991688699','6','1458627189',0,'1458608926'),('146068221381','145941035799','2','1458627189',24,'1458608926'),('146068221382','145941035799','3','1458627189',20,'1458608926'),('146069290580','145975230499','4','1458627189',60,'1459748694'),('146069295380','145975603299','4','1458627189',60,'1459748694'),('146069299280','145975546899','4','1458627189',60,'1459748694'),('146069301180','145975613999','4','1458627189',60,'1459748694'),('146069302980','145975556499','4','1458627189',60,'1459748694'),('146069306880','145975619599','4','1458627189',60,'1459748694'),('146069309580','145975624799','4','1458627189',60,'1459748694'),('146069312780','145975627299','4','1458627189',60,'1459748694'),('146069317980','145975560299','4','1458627189',60,'1459748694'),('146069324980','145975644199','4','1458627189',60,'1459748694'),('146069328080','145975634299','4','1458627189',60,'1459748694'),('146069331480','145975600699','4','1458627189',60,'1459748694'),('146069338080','145975616499','4','1458627189',60,'1459748694'),('146069340180','145975646599','4','1458627189',60,'1459748694'),('146069343680','145975629599','4','1458627189',60,'1459748694'),('146069347580','145975653099','4','1458627189',60,'1459748694'),('146069351380','145975662499','4','1458627189',60,'1459748694'),('146091347080','145948380599','4','1458627189',0,'1458608926'),('146091347081','145948380599','5','1458627189',0,'1458608926'),('146091347082','145948380599','6','1458627189',0,'1458608926'),('146091350080','146062176699','4','1458627189',0,'1458608926'),('146091350081','146062176699','5','1458627189',0,'1458608926'),('146091350082','146062176699','6','1458627189',0,'1458608926'),('146091359080','146062181699','4','1458627189',0,'1458608926'),('146091359081','146062181699','5','1458627189',0,'1458608926'),('146091359082','146062181699','6','1458627189',0,'1458608926'),('146091362480','146062194699','4','1458627189',0,'1458608926'),('146091362481','146062194699','5','1458627189',0,'1458608926'),('146091362482','146062194699','6','1458627189',0,'1458608926'),('146091366580','145941512399','1','1458627189',2,'1458608926'),('146091366581','145941512399','2','1458627189',5,'1458608926'),('146091366582','145941512399','3','1458627189',3,'1458608926'),('146091369480','146062194699','1','1458627189',2,'1458608926'),('146091369481','146062194699','2','1458627189',5,'1458608926'),('146091369482','146062194699','3','1458627189',3,'1458608926'),('146091371980','146062181699','1','1458627189',3,'1458608926'),('146091371981','146062181699','2','1458627189',5,'1458608926'),('146091371982','146062181699','3','1458627189',2,'1458608926'),('146091393880','145941376299','1','1458627189',2,'1458608926'),('146091393881','145941376299','2','1458627189',5,'1458608926'),('146091393882','145941376299','3','1458627189',3,'1458608926'),('146091396980','146062176699','1','1458627189',2,'1458608926'),('146091396981','146062176699','2','1458627189',5,'1458608926'),('146091396982','146062176699','3','1458627189',3,'1458608926'),('146091418980','145948380599','1','1458627189',3,'1458608926'),('146091418981','145948380599','2','1458627189',5,'1458608926'),('146091418982','145948380599','3','1458627189',2,'1458608926'),('146096355780','145915809699','4','1458627189',25,'1458608926'),('146096358680','145939875799','4','1458627189',10,'1458608926'),('146103098280','146102656999','1','1458627189',10,'1459136367'),('146103098281','146102656999','2','1458627189',10,'1459136367'),('146103098282','146102656999','3','1458627189',10,'1459136367'),('146103101680','146102681299','1','1458627189',20,'1459136367'),('146103101681','146102681299','2','1458627189',100,'1459136367'),('146103104480','146102668299','1','1458627189',20,'1459136367'),('146103104481','146102668299','2','1458627189',60,'1459136367'),('146103104482','146102668299','3','1458627189',30,'1459136367'),('146103107780','146102625899','1','1458627189',20,'1459136367'),('146103107781','146102625899','2','1458627189',100,'1459136367'),('146103107782','146102625899','3','1458627189',100,'1459136367'),('146103112480','146102689099','1','1458627189',20,'1459136367'),('146103112481','146102689099','2','1458627189',100,'1459136367'),('146103112482','146102689099','3','1458627189',50,'1459136367'),('146103115580','146102695699','1','1458627189',20,'1459136367'),('146103115581','146102695699','2','1458627189',100,'1459136367'),('146103119280','146102702899','1','1458627189',20,'1459136367'),('146103119281','146102702899','2','1458627189',50,'1459136367'),('146103119282','146102702899','3','1458627189',50,'1459136367'),('146103122080','146102758499','1','1458627189',20,'1459136367'),('146103122081','146102758499','2','1458627189',120,'1459136367'),('146103122082','146102758499','3','1458627189',100,'1459136367'),('146103126380','146102753399','1','1458627189',20,'1459136367'),('146103126381','146102753399','2','1458627189',60,'1459136367'),('146103126382','146102753399','3','1458627189',50,'1459136367'),('146103130080','146102824799','1','1458627189',20,'1459136367'),('146103130081','146102824799','2','1458627189',100,'1459136367'),('146103130082','146102824799','3','1458627189',50,'1459136367'),('146103133280','146102763299','1','1458627189',20,'1459136367'),('146103133281','146102763299','2','1458627189',100,'1459136367'),('146103135880','146102799599','1','1458627189',20,'1459136367'),('146103135881','146102799599','2','1458627189',100,'1459136367'),('146103139680','146102768999','1','1458627189',50,'1459136367'),('146103139681','146102768999','2','1458627189',100,'1459136367'),('146103139682','146102768999','3','1458627189',50,'1459136367'),('146103143180','146102784399','1','1458627189',20,'1459136367'),('146103143181','146102784399','2','1458627189',100,'1459136367'),('146103143182','146102784399','3','1458627189',50,'1459136367'),('146103146080','146102815899','1','1458627189',20,'1459136367'),('146103146081','146102815899','2','1458627189',100,'1459136367'),('146103148780','146102788999','1','1458627189',20,'1459136367'),('146103148781','146102788999','2','1458627189',100,'1459136367'),('146103155580','146102717899','1','1458627189',20,'1459136367'),('146103155581','146102717899','2','1458627189',120,'1459136367'),('146103155582','146102717899','3','1458627189',50,'1459136367'),('146103158180','146102732499','1','1458627189',20,'1459136367'),('146103158181','146102732499','2','1458627189',100,'1459136367'),('146103158182','146102732499','3','1458627189',50,'1459136367'),('146103160880','146102780299','1','1458627189',20,'1459136367'),('146103160881','146102780299','2','1458627189',100,'1459136367'),('146103164580','146102747599','1','1458627189',20,'1459136367'),('146103164581','146102747599','2','1458627189',50,'1459136367'),('146103168182','145941488099','3','1458627189',50,'1459136367'),('146103181980','146102864899','1','1458627189',120,'1459136367'),('146103181981','146102864899','2','1458627189',100,'1459136367'),('146103181982','146102864899','3','1458627189',100,'1459136367'),('146103184580','146102832099','1','1458627189',50,'1459136367'),('146103184581','146102832099','2','1458627189',100,'1459136367'),('146103184582','146102832099','3','1458627189',50,'1459136367'),('146103192182','146102868299','3','1458627189',50,'1459136367'),('146103193980','146102861799','1','1458627189',20,'1459136367'),('146103193981','146102861799','2','1458627189',70,'1459136367'),('146103196080','146102858999','1','1458627189',20,'1459136367'),('146103196081','146102858999','2','1458627189',100,'1459136367'),('146103198680','146102848199','1','1458627189',20,'1459136367'),('146103198681','146102848199','2','1458627189',30,'1459136367'),('146103200580','146102854099','1','1458627189',20,'1459136367'),('146103200581','146102854099','2','1458627189',100,'1459136367'),('146103200582','146102854099','3','1458627189',40,'1459136367'),('146103204980','146102840799','1','1458627189',50,'1459136367'),('146103204981','146102840799','2','1458627189',120,'1459136367'),('146103208580','146102837299','1','1458627189',20,'1459136367'),('146103208581','146102837299','2','1458627189',50,'1459136367'),('146103210680','146102843899','1','1458627189',20,'1459136367'),('146103210681','146102843899','2','1458627189',100,'1459136367'),('146103210682','146102843899','3','1458627189',50,'1459136367'),('146103218880','146102868299','1','1458627189',65,'1459136367'),('146103218881','146102868299','2','1458627189',55,'1459136367'),('146103222680','146102727099','1','1458627189',20,'1459136367'),('146103222681','146102727099','2','1458627189',100,'1459136367'),('146103226680','146102794999','1','1458627189',20,'1459136367'),('146103226681','146102794999','2','1458627189',100,'1459136367'),('146103232680','146102803999','1','1458627189',20,'1459136367'),('146103232681','146102803999','2','1458627189',100,'1459136367'),('146103236280','146102810099','1','1458627189',20,'1459136367'),('146103236281','146102810099','2','1458627189',100,'1459136367'),('146103240780','146102820299','1','1458627189',20,'1459136367'),('146103240781','146102820299','2','1458627189',100,'1459136367'),('146103240782','146102820299','3','1458627189',100,'1459136367'),('146103243481','146102851299','2','1458627189',100,'1459136367'),('146103246580','146102856599','1','1458627189',40,'1459136367'),('146103246581','146102856599','2','1458627189',100,'1459136367'),('146103299080','146102967099','1','1458627189',20,'1459136367'),('146103299081','146102967099','2','1458627189',120,'1459136367'),('146103412380','145973305199','4','1458627189',15,'1459138022'),('146103417780','145973292099','4','1458627189',15,'1459138022'),('146103419980','145941455799','1','1458627189',20,'1459136367'),('146103419981','145941455799','2','1458627189',30,'1459136367'),('146103472580','145973340299','4','1458627189',10,'1459138022'),('146103477980','145973335499','4','1458627189',10,'1459138022'),('146103483080','145973324099','4','1458627189',10,'1459138022'),('146103489580','145973320299','4','1458627189',10,'1459138022'),('146103493780','145973316199','4','1458627189',10,'1459138022'),('146103504380','145973311199','4','1458627189',10,'1459138022'),('146103509480','145973300899','4','1458627189',15,'1459138022'),('146103514280','145973295799','4','1458627189',15,'1459138022'),('146103519280','145973287799','4','1458627189',15,'1459138022'),('146103523080','145973282999','4','1458627189',15,'1459138022'),('146103526780','145973278599','4','1458627189',15,'1459138022'),('146103530080','145973274199','4','1458627189',15,'1459138022'),('146103533080','145973268799','4','1458627189',15,'1459138022'),('146103536180','145973263999','4','1458627189',15,'1459138022'),('146103539580','145973259999','4','1458627189',15,'1459138022'),('146103543580','145973252799','4','1458627189',15,'1459138022'),('146103547080','145973229599','4','1458627189',15,'1459138022'),('146105002580','145975251199','4','1458627189',60,'1459748694'),('146111246180','145921736599','4','1458627189',10,'1459152424'),('146111288280','145921744399','4','1458627189',15,'1459152424'),('146111289880','145921751299','4','1458627189',15,'1459152424'),('146111291180','145921757099','4','1458627189',15,'1459152424'),('146111292480','145921762899','4','1458627189',15,'1459152424'),('146111293880','145921771499','4','1458627189',15,'1459152424'),('146111295380','145921844999','4','1458627189',20,'1459152424'),('146111296880','145921900699','4','1458627189',20,'1459152424'),('146111298280','145921857699','4','1458627189',20,'1459152424'),('146111300480','145921925199','4','1458627189',20,'1459152424'),('146111302080','145921871499','4','1458627189',20,'1459152424'),('146111303180','145921865799','4','1458627189',20,'1459152424'),('146111304480','145921810699','4','1458627189',20,'1459152424'),('146111305680','145921920499','4','1458627189',20,'1459152424'),('146111306880','145921881199','4','1458627189',20,'1459152424'),('146111310580','145921931999','4','1458627189',20,'1459152424'),('146111311980','145921824299','4','1458627189',20,'1459152424'),('146111319980','145921818499','4','1458627189',20,'1459152424'),('146111324980','145922776799','4','1458627189',20,'1459152424'),('146111330280','145921910299','4','1458627189',20,'1459152424'),('146111334480','145921885699','4','1458627189',20,'1459152424'),('146111336980','145921915699','4','1458627189',20,'1459152424'),('146111338280','145921876699','4','1458627189',20,'1459152424'),('146111339980','145921895099','4','1458627189',20,'1459152424'),('146111341980','145922553399','4','1458627189',20,'1459152424'),('146111343180','145922560899','4','1458627189',20,'1459152424'),('146111372280','145922563199','4','1458627189',20,'1459152424'),('146111373680','145922558399','4','1458627189',20,'1459152424'),('146111374880','145922550399','4','1458627189',20,'1459152424'),('146111397680','145921890999','4','1458627189',20,'1459152424'),('146111400180','145921904899','4','1458627189',20,'1459152424'),('146111402280','145921776599','4','1458627189',20,'1459152424'),('146111405780','145922565199','4','1458627189',20,'1459152424'),('146111408080','145922556399','4','1458627189',20,'1459152424'),('146111435280','145921836399','4','1458627189',20,'1459152424'),('146119469080','146102625899','4','1458627189',50,'1459136367'),('146119535980','146102864899','4','1458627189',100,'1459136367'),('146120359680','146102758499','4','1458627189',50,'1459136367'),('146120362280','146102717899','4','1458627189',50,'1459136367'),('146120364680','146102848199','4','1458627189',50,'1459136367'),('146120367180','146102851299','4','1458627189',50,'1459136367'),('146120383380','146102780299','4','1458627189',20,'1459136367'),('146120387580','146102788999','4','1458627189',20,'1459136367'),('146120390380','146102868299','4','1458627189',50,'1459136367'),('146120396280','146102820299','4','1458627189',50,'1459136367'),('146120399080','146102854099','4','1458627189',40,'1459136367'),('146120401980','146102689099','4','1458627189',20,'1459136367'),('146120406580','146102794999','4','1458627189',20,'1459136367'),('146120408880','146102799599','4','1458627189',20,'1459136367'),('146120410980','146102763299','4','1458627189',20,'1459136367'),('146120413380','146102803999','4','1458627189',20,'1459136367'),('146120416380','146102681299','4','1458627189',20,'1459136367'),('146120421980','146102702899','4','1458627189',20,'1459136367'),('146120425980','146102861799','4','1458627189',50,'1459136367'),('146120496780','146102858999','4','1458627189',20,'1459136367'),('146120499080','146102856599','4','1458627189',20,'1459136367'),('146120502780','146102695699','4','1458627189',20,'1459136367'),('146120511780','146102768999','4','1458627189',20,'1459136367'),('146120514380','146102815899','4','1458627189',20,'1459136367'),('146120516580','146102810099','4','1458627189',20,'1459136367'),('146120520080','146102843899','4','1458627189',0,'1459136367'),('146120522780','145941455799','4','1458627189',20,'1459136367'),('146120529180','146102732499','4','1458627189',50,'1459136367'),('146120533180','146102753399','4','1458627189',50,'1459136367'),('146120535680','146102656999','4','1458627189',10,'1459136367'),('146120539180','146102727099','4','1458627189',20,'1459136367'),('146120547980','146102824799','4','1458627189',20,'1459136367'),('146120550180','146102832099','4','1458627189',50,'1459136367'),('146120572180','146102784399','4','1458627189',20,'1459136367'),('146120576080','145941488099','4','1458627189',20,'1459136367'),('146120934680','145975254199','4','1458627189',60,'1459748694'),('146120940880','145975270599','4','1458627189',60,'1459748694'),('146120949080','145975238999','4','1458627189',60,'1459748694'),('146121092580','145948434899','4','1458627189',20,'1459136367'),('146129010480','145975622499','4','1458627189',60,'1459748694'),('146129021480','145975611399','4','1458627189',60,'1459748694'),('146129030980','145975608799','4','1458627189',60,'1459748694'),('146129056280','145975655499','4','1458627189',60,'1459748694'),('146129118280','145975632199','4','1458627189',60,'1459748694'),('146129121480','145975649499','4','1458627189',60,'1459748694'),('146129139480','145975636799','4','1458627189',60,'1459748694'),('146129726180','145939692399','4','1458627189',25,'1458608926'),('146129727680','145939738799','4','1458627189',25,'1458608926'),('146129729380','145939699799','4','1458627189',21,'1458608926'),('146155596280','146102668299','4','1458627189',20,'1459136367'),('146155745180','146102747599','4','1458627189',20,'1459136367'),('146156745280','145921284299','4','1458627189',15,'1459150457'),('146156750380','145921212399','4','1458627189',20,'1459150457'),('146156844180','145921355599','4','1458627189',20,'1459150457'),('146157070980','145921232699','4','1458627189',20,'1459150457'),('146157259480','145921317299','4','1458627189',15,'1459150457'),('146163105980','145913567199','4','1458627189',10,'1459134128'),('146163108180','145913544399','4','1458627189',15,'1459134128'),('146163110080','145913534999','4','1458627189',20,'1459134128'),('146163112880','145913513199','4','1458627189',15,'1459134128'),('146163114980','145913553399','4','1458627189',15,'1459134128'),('146163116480','145913525699','4','1458627189',15,'1459134128'),('146163118680','145914974499','4','1458627189',20,'1459134128'),('146163120280','145914963999','4','1458627189',20,'1459134128'),('146163122280','145915008099','4','1458627189',20,'1459134128'),('146163123980','145915032699','4','1458627189',22,'1459134128'),('146163126280','145915002999','4','1458627189',20,'1459134128'),('146163127980','145915021199','4','1458627189',20,'1459134128'),('146163129680','145915015999','4','1458627189',20,'1459134128'),('146163131480','145914980899','4','1458627189',22,'1459134128'),('146163134480','145914996799','4','1458627189',20,'1459134128'),('146163138680','145915046099','4','1458627189',20,'1459134128'),('146163140380','145915043999','4','1458627189',20,'1459134128'),('146163170780','145915028799','4','1458627189',21,'1459134128'),('146172076280','145922020399','4','1458627189',10,'1459151125'),('146172078480','145922054299','4','1458627189',20,'1459151125'),('146172079980','145922027599','4','1458627189',20,'1459151125'),('146172081380','145922059399','4','1458627189',20,'1459151125'),('146172084180','145922064299','4','1458627189',20,'1459151125'),('146172085580','145922042599','4','1458627189',20,'1459151125'),('146172086880','145922118199','4','1458627189',20,'1459151125'),('146172088080','145922082999','4','1458627189',20,'1459151125'),('146172089380','145922108999','4','1458627189',20,'1459151125'),('146172090580','145922096799','4','1458627189',20,'1459151125'),('146172092980','145922169199','4','1458627189',20,'1459151125'),('146172099680','145922102599','4','1458627189',20,'1459151125'),('146172101180','145922078699','4','1458627189',20,'1459151125'),('146172102380','145922069499','4','1458627189',20,'1459151125'),('146172103580','145922073699','4','1458627189',20,'1459151125'),('146172105380','145922091299','4','1458627189',20,'1459151125'),('146172107580','145922173899','4','1458627189',20,'1459151125'),('146172269280','145931930799','4','1458627189',30,'1459065417'),('146172271180','145931937899','4','1458627189',30,'1459065417'),('146172272480','145931943299','4','1458627189',30,'1459065417'),('146172273880','145931948699','4','1458627189',30,'1459065417'),('146172275380','145931955199','4','1458627189',30,'1459065417'),('146172276580','145923874499','4','1458627189',30,'1459065417'),('146172279480','145932215099','4','1458627189',30,'1459065417'),('146172281380','145932206199','4','1458627189',30,'1459065417'),('146172283480','145932201499','4','1458627189',30,'1459065417'),('146172285080','145932143699','4','1458627189',30,'1459065417'),('146172287280','145932060499','4','1458627189',30,'1459065417'),('146172288480','145932130899','4','1458627189',30,'1459065417'),('146172289680','145932192499','4','1458627189',30,'1459065417'),('146172291680','145931968699','4','1458627189',30,'1459065417'),('146172292880','145932054999','4','1458627189',30,'1459065417'),('146172294380','145932047099','4','1458627189',30,'1459065417'),('146172295680','145932042599','4','1458627189',30,'1459065417'),('146172297080','146059701199','4','1458627189',30,'1459065417'),('146172298380','145932196699','4','1458627189',30,'1459065417'),('146172303680','145932003799','4','1458627189',30,'1459065417'),('146172305980','145931995299','4','1458627189',30,'1459065417'),('146172308380','145932012599','4','1458627189',30,'1459065417'),('146172321480','145931974299','4','1458627189',30,'1459065417'),('146172324280','145931963199','4','1458627189',30,'1459065417'),('146172330080','145932358199','4','1458627189',30,'1459065417'),('146172334280','145932382999','4','1458627189',30,'1459065417'),('146172336480','145932364099','4','1458627189',30,'1459065417'),('146172338180','145932359899','4','1458627189',30,'1459065417'),('146172339480','145932346199','4','1458627189',30,'1459065417'),('146172345380','145932355999','4','1458627189',30,'1459065417'),('146172347880','145932380499','4','1458627189',30,'1459065417'),('146172351380','145932353599','4','1458627189',30,'1459065417'),('146172352580','145932373899','4','1458627189',30,'1459065417'),('146172357780','145931984499','4','1458627189',30,'1459065417'),('146172359580','145931990699','4','1458627189',30,'1459065417'),('146172362880','145932028499','4','1458627189',30,'1459065417'),('146172365680','145932139699','4','1458627189',30,'1459065417'),('146172372780','145932185599','4','1458627189',30,'1459065417'),('146172376380','145932210999','4','1458627189',30,'1459065417'),('146172379380','145932218999','4','1458627189',30,'1459065417'),('146172381780','145932223699','4','1458627189',30,'1459065417'),('146172384380','145932348699','4','1458627189',30,'1459065417'),('146172386380','145932351299','4','1458627189',30,'1459065417'),('146172388280','145932365699','4','1458627189',30,'1459065417'),('146172390080','145932367999','4','1458627189',30,'1459065417'),('146173122980','145973144899','4','1458627189',10,'1459394913'),('146173131180','145973179199','4','1458627189',15,'1459394913'),('146173135380','145973193999','4','1458627189',15,'1459394913'),('146173141580','145973184799','4','1458627189',15,'1459394913'),('146173147680','145973189199','4','1458627189',15,'1459394913'),('146173150280','145973283399','4','1458627189',15,'1459394913'),('146173153380','145973236299','4','1458627189',15,'1459394913'),('146173155580','145973249399','4','1458627189',15,'1459394913'),('146173158180','145973258099','4','1458627189',15,'1459394913'),('146173160280','145973225899','4','1458627189',15,'1459394913'),('146173168880','145973217099','4','1458627189',15,'1459394913'),('146173172380','145973317099','4','1458627189',15,'1459394913'),('146173174580','145973308099','4','1458627189',15,'1459394913'),('146173179080','145973172199','4','1458627189',15,'1459394913'),('146173181280','145973301499','4','1458627189',15,'1459394913'),('146173184480','145973265799','4','1458627189',15,'1459394913'),('146173187780','145973241599','4','1458627189',15,'1459394913'),('146173190180','145973273799','4','1458627189',15,'1459394913'),('146173194380','145973291799','4','1458627189',15,'1459394913'),('146173234380','145973204899','4','1458627189',15,'1459394913'),('146174044980','145975180799','4','1458627189',60,'1459748694'),('146180226080','145921195499','4','1458627189',15,'1459150457'),('146180238180','145921376999','4','1458627189',25,'1459150457'),('146180243880','145921362399','4','1458627189',15,'1459150457'),('146180248780','145921223299','4','1458627189',12,'1459150457'),('146180258980','145921393499','4','1458627189',20,'1459150457'),('146180272680','145921370799','4','1458627189',9,'1459150457'),('146180283880','145921347799','4','1458627189',8,'1459150457'),('146180291980','145921399899','4','1458627189',20,'1459150457'),('146180319780','145921329399','4','1458627189',20,'1459150457'),('146180552980','145932421199','4','1458627189',10,'1459322702'),('146180559080','145932437399','4','1458627189',15,'1459322702'),('146180561980','145932489299','4','1458627189',15,'1459322702'),('146180573480','145932473899','4','1458627189',15,'1459322702'),('146180578580','145932439099','4','1458627189',15,'1459322702'),('146180581780','145932420099','4','1458627189',15,'1459322702'),('146180586880','145932507199','4','1458627189',20,'1459322702'),('146180591380','145932522699','4','1458627189',20,'1459322702'),('146180594180','145932510599','4','1458627189',20,'1459322702'),('146180597180','145932500899','4','1458627189',20,'1459322702'),('146180611380','145932491399','4','1458627189',20,'1459322702'),('146180615180','145932481199','4','1458627189',20,'1459322702'),('146180618580','146056025199','4','1458627189',19,'1459322702'),('146180708480','145931471499','4','1458627189',10,'1459310660'),('146180710680','145931496999','4','1458627189',10,'1459310660'),('146180713180','145931506199','4','1458627189',10,'1459310660'),('146180716080','145931514599','4','1458627189',10,'1459310660'),('146180722680','145931520899','4','1458627189',10,'1459310660'),('146180724880','145931573299','4','1458627189',10,'1459310660'),('146180730280','145931629999','4','1458627189',10,'1459310660'),('146180732280','145931532399','4','1458627189',10,'1459310660'),('146180734780','145931544099','4','1458627189',10,'1459310660'),('146180736880','145931561299','4','1458627189',10,'1459310660'),('146180744480','145931606199','4','1458627189',10,'1459310660'),('146180748380','145931615699','4','1458627189',10,'1459310660'),('146180754880','145931583599','4','1458627189',10,'1459310660'),('146180759080','145931637599','4','1458627189',10,'1459310660'),('146180761580','145931643499','4','1458627189',10,'1459310660'),('146180776880','145931597999','4','1458627189',10,'1459310660'),('146180778780','145931538699','4','1458627189',10,'1459310660'),('146181375480','145914401099','4','1458627189',10,'1459143349'),('146181377980','145914456099','4','1458627189',30,'1459143349'),('146181380080','145914445699','4','1458627189',30,'1459143349'),('146181384180','145914421599','4','1458627189',30,'1459143349'),('146181386280','145914434699','4','1458627189',30,'1459143349'),('146181387980','145914392099','4','1458627189',30,'1459143349'),('146181390280','145914483599','4','1458627189',30,'1459143349'),('146181391980','145914519799','4','1458627189',30,'1459143349'),('146181393780','145914472399','4','1458627189',30,'1459143349'),('146181395280','145914464499','4','1458627189',30,'1459143349'),('146181398980','145914510899','4','1458627189',30,'1459143349'),('146181403480','145914503999','4','1458627189',30,'1459143349'),('146181405180','145914490999','4','1458627189',30,'1459143349'),('146181406880','145914497499','4','1458627189',30,'1459143349'),('146181446280','145914532999','4','1458627189',30,'1459143349'),('146181448080','145914526599','4','1458627189',30,'1459143349'),('146181451780','145973200499','4','1458627189',10,'1459136622'),('146181455780','145973267099','4','1458627189',15,'1459136622'),('146181461480','145973273299','4','1458627189',15,'1459136622'),('146181468680','145973251799','4','1458627189',15,'1459136622'),('146181471180','145973256799','4','1458627189',15,'1459136622'),('146181473080','145973279199','4','1458627189',15,'1459136622'),('146181475680','145973370099','4','1458627189',20,'1459136622'),('146181477680','145973322699','4','1458627189',20,'1459136622'),('146181479880','145973317699','4','1458627189',20,'1459136622'),('146181481980','145973298499','4','1458627189',20,'1459136622'),('146181484980','145973360299','4','1458627189',20,'1459136622'),('146181486980','145973286899','4','1458627189',20,'1459136622'),('146181489280','145973384499','4','1458627189',20,'1459136622'),('146181491280','145973303999','4','1458627189',20,'1459136622'),('146181493780','145973292199','4','1458627189',20,'1459136622'),('146181498680','145973308999','4','1458627189',20,'1459136622'),('146181500880','145973389099','4','1458627189',20,'1459136622'),('146181502680','145973344899','4','1458627189',20,'1459136622'),('146181504280','145973365199','4','1458627189',20,'1459136622'),('146181505880','145973374299','4','1458627189',20,'1459136622'),('146181509580','145973403499','4','1458627189',20,'1459136622'),('146181511180','145973396499','4','1458627189',20,'1459136622'),('146181512780','145973400199','4','1458627189',20,'1459136622'),('146181521680','145973330999','4','1458627189',20,'1459136622'),('146181527680','145973378999','4','1458627189',20,'1459136622'),('146181532780','145973337799','4','1458627189',20,'1459136622'),('146181538380','145973354599','4','1458627189',20,'1459136622'),('146189270580','145921412899','4','1458627189',12,'1459213035'),('146189273180','145921431999','4','1458627189',11,'1459213035'),('146189275380','145921460199','4','1458627189',13,'1459213035'),('146189278080','145921455299','4','1458627189',10,'1459213035'),('146189280280','145921422599','4','1458627189',11,'1459213035'),('146189282480','145921446499','4','1458627189',10,'1459213035'),('146189284880','145921484099','4','1458627189',10,'1459213035'),('146189287080','145921494399','4','1458627189',10,'1459213035'),('146189289180','145921467799','4','1458627189',10,'1459213035'),('146189291380','145921478599','4','1458627189',10,'1459213035'),('146189295580','145921487899','4','1458627189',10,'1459213035'),('146189338780','145921473599','4','1458627189',10,'1459213035'),('146189538180','145929571099','4','1458627189',5,'1459137438'),('146189539480','145929574999','4','1458627189',10,'1459137438'),('146189540780','145929589199','4','1458627189',10,'1459137438'),('146189546880','145929578199','4','1458627189',5,'1459137438'),('146189562880','145929594499','4','1458627189',5,'1459137438'),('146189565780','145929652299','4','1458627189',5,'1459137438'),('146189569180','145929648999','4','1458627189',5,'1459137438'),('146189576880','145929580999','4','1458627189',5,'1459137438'),('146189581680','145929585699','4','1458627189',10,'1459137438'),('146189583980','145929679899','4','1458627189',10,'1459137438'),('146189587580','145929668899','4','1458627189',10,'1459137438'),('146189637480','145929650499','4','1458627189',10,'1459137438'),('146189640380','145939334199','4','1458627189',5,'1459137438'),('146189770380','145975173399','4','1458627189',60,'1459748694'),('146189772680','145975209599','4','1458627189',60,'1459748694'),('146189791380','145975284699','4','1458627189',60,'1459748694'),('146189817380','145975641999','4','1458627189',60,'1459748694'),('146189851780','145975256999','4','1458627189',60,'1459748694'),('146189872180','145975552799','4','1458627189',60,'1459748694'),('146189884180','145975196899','4','1458627189',60,'1459748694'),('146189886180','145975228099','4','1458627189',60,'1459748694'),('146189932080','145975272799','4','1458627189',60,'1459748694'),('146189934280','145975657099','4','1458627189',60,'1459748694'),('146189945780','145975658999','4','1458627189',60,'1459748694'),('146190028380','145929658799','4','1458627189',5,'1459137438'),('146190031780','145929675899','4','1458627189',10,'1459137438'),('146215412780','145929655399','4','1458627189',5,'1459137438'),('146215441980','145939350199','4','1458627189',5,'1459137438'),('146215468180','145929592399','4','1458627189',10,'1459137438'),('146215840980','145929672099','4','1458627189',5,'1459137438'),('146216140080','145929665599','4','1458627189',5,'1459137438'),('146216181080','145921574999','4','1458627189',10,'1459213265'),('146216188280','145921634199','4','1458627189',15,'1459213265'),('146217024080','145915041299','4','1458627189',13,'1459133423'),('146217027480','145914996199','4','1458627189',19,'1459133423'),('146217028880','145914986799','4','1458627189',19,'1459133423'),('146217030380','145914980699','4','1458627189',19,'1459133423'),('146217031780','145914974399','4','1458627189',18,'1459133423'),('146217033980','145914990299','4','1458627189',19,'1459133423'),('146217038480','145915001999','4','1458627189',20,'1459133423'),('146217040280','145915017299','4','1458627189',21,'1459133423'),('146217041980','145915010099','4','1458627189',20,'1459133423'),('146217043280','145915028199','4','1458627189',20,'1459133423'),('146217046280','145915031899','4','1458627189',21,'1459133423'),('146217048080','145915035899','4','1458627189',20,'1459133423'),('146217927880','145938485999','4','1458627189',10,'1459310316'),('146217932880','145938561999','4','1458627189',15,'1459310316'),('146217936380','145938551299','4','1458627189',15,'1459310316'),('146217940280','145938544599','4','1458627189',15,'1459310316'),('146217945180','145938555699','4','1458627189',15,'1459310316'),('146217948480','145938574099','4','1458627189',15,'1459310316'),('146217951080','145938583099','4','1458627189',15,'1459310316'),('146217956780','145938589499','4','1458627189',15,'1459310316'),('146217958580','145938570199','4','1458627189',15,'1459310316'),('146217963580','145938578999','4','1458627189',15,'1459310316'),('146217965380','145938586499','4','1458627189',15,'1459310316'),('146217967280','145938592799','4','1458627189',15,'1459310316'),('146217968880','145938595099','4','1458627189',15,'1459310316'),('146217970680','145938596799','4','1458627189',15,'1459310316'),('146218056380','145938566299','4','1458627189',15,'1459310316'),('146218196080','145921601199','4','1458627189',15,'1459213265'),('146218200880','145921743999','4','1458627189',15,'1459213265'),('146218204280','145921646499','4','1458627189',15,'1459213265'),('146218210580','145921659499','4','1458627189',15,'1459213265'),('146218215180','145921761699','4','1458627189',20,'1459213265'),('146224646380','145932528399','4','1458627189',10,'1459322919'),('146224649180','145932541099','4','1458627189',15,'1459322919'),('146224650980','145932550899','4','1458627189',15,'1459322919'),('146224652480','145932535299','4','1458627189',15,'1459322919'),('146224653980','145932555099','4','1458627189',15,'1459322919'),('146224655480','145932546499','4','1458627189',15,'1459322919'),('146224656880','145932572899','4','1458627189',20,'1459322919'),('146224658380','145932601399','4','1458627189',20,'1459322919'),('146224659980','145932593299','4','1458627189',20,'1459322919'),('146224684080','145932596899','4','1458627189',20,'1459322919'),('146224689080','145932565499','4','1458627189',20,'1459322919'),('146224695780','145932559199','4','1458627189',20,'1459322919'),('146224697080','145932608799','4','1458627189',20,'1459322919'),('146224698380','145932605299','4','1458627189',20,'1459322919'),('146224699780','145932607299','4','1458627189',20,'1459322919'),('146224765180','145932578999','4','1458627189',20,'1459322919'),('146224768380','145932588799','4','1458627189',20,'1459322919'),('146224786680','145932583899','4','1458627189',20,'1459322919'),('146224806680','145975639699','4','1458627189',60,'1459748694'),('146225471980','145921946899','4','1458627189',20,'1459213265'),('146225473980','145921858699','4','1458627189',20,'1459213265'),('146225476080','145921876799','4','1458627189',20,'1459213265'),('146225483580','145921750499','4','1458627189',20,'1459213265'),('146225485380','145921952099','4','1458627189',20,'1459213265'),('146225487280','145921957799','4','1458627189',20,'1459213265'),('146225489180','145921864499','4','1458627189',20,'1459213265'),('146225491280','145921756599','4','1458627189',20,'1459213265'),('146225493080','145921965399','4','1458627189',20,'1459213265'),('146225494880','145921969099','4','1458627189',20,'1459213265'),('146232452080','145931224899','4','1458627189',10,'1459133843'),('146232454080','145931285899','4','1458627189',20,'1459133843'),('146232455980','145931295999','4','1458627189',20,'1459133843'),('146232457580','145931263199','4','1458627189',20,'1459133843'),('146232459180','145931247199','4','1458627189',20,'1459133843'),('146232460580','145931274499','4','1458627189',20,'1459133843'),('146232462180','145931443999','4','1458627189',25,'1459133843'),('146232463780','145931452499','4','1458627189',25,'1459133843'),('146232465280','145931435599','4','1458627189',25,'1459133843'),('146232466680','145931357799','4','1458627189',25,'1459133843'),('146232468580','145931427099','4','1458627189',25,'1459133843'),('146232469980','145931304399','4','1458627189',25,'1459133843'),('146232471580','145931313499','4','1458627189',25,'1459133843'),('146232494980','145931330099','4','1458627189',25,'1459133843'),('146232497880','145931467099','4','1458627189',25,'1459133843'),('146232499380','145931461099','4','1458627189',25,'1459133843'),('146232502480','145931415999','4','1458627189',25,'1459133843'),('146232523980','145931369199','4','1458627189',25,'1459133843'),('146232535080','145931405499','4','1458627189',25,'1459133843'),('146275410780','145931726899','4','1458627189',10,'1459137270'),('146275449880','145931801899','4','1458627189',15,'1459137270'),('146275451280','145931816499','4','1458627189',15,'1459137270'),('146275452680','145931796699','4','1458627189',15,'1459137270'),('146275453980','145932123399','4','1458627189',15,'1459137270'),('146275455480','145931806099','4','1458627189',16,'1459137270'),('146275457180','145932387699','4','1458627189',20,'1459137270'),('146275458680','145932399199','4','1458627189',20,'1459137270'),('146275460080','145932415399','4','1458627189',21,'1459137270'),('146275461880','145932348199','4','1458627189',20,'1459137270'),('146275464380','145932200099','4','1458627189',20,'1459137270'),('146275466180','145932380599','4','1458627189',20,'1459137270'),('146275468480','145932236999','4','1458627189',20,'1459137270'),('146275469880','145932266199','4','1458627189',19,'1459137270'),('146275471180','145932356499','4','1458627189',20,'1459137270'),('146275473180','145932408399','4','1458627189',20,'1459137270'),('146275474980','145932168199','4','1458627189',19,'1459137270'),('146275476580','145932225799','4','1458627189',20,'1459137270'),('146275478180','145932426599','4','1458627189',20,'1459137270'),('146275479480','145932420499','4','1458627189',20,'1459137270'),('146275481380','145932339999','4','1458627189',20,'1459137270'),('146275483180','145932182299','4','1458627189',20,'1459137270'),('146275484380','145932277699','4','1458627189',20,'1459137270'),('146275485580','145932193799','4','1458627189',20,'1459137270'),('146276665680','145974951899','4','1458627189',100,'1459389051'),('146276667580','145974976599','4','1458627189',100,'1459389051'),('146276669280','145974964899','4','1458627189',100,'1459389051'),('146276671080','145974982799','4','1458627189',100,'1459389051'),('146276673080','145974990399','4','1458627189',100,'1459389051'),('146276674980','145974970799','4','1458627189',100,'1459389051'),('146276676780','145975045799','4','1458627189',100,'1459389051'),('146276678480','145975005399','4','1458627189',50,'1459389051'),('146276680680','145975000199','4','1458627189',50,'1459389051'),('146276682480','145975059299','4','1458627189',100,'1459389051'),('146276685980','145975015899','4','1458627189',100,'1459389051'),('146276687580','145975024599','4','1458627189',100,'1459389051'),('146276689180','145975050599','4','1458627189',50,'1459389051'),('146276690880','145975029399','4','1458627189',100,'1459389051'),('146276692880','145975064199','4','1458627189',100,'1459389051'),('146276694680','145975041399','4','1458627189',100,'1459389051'),('146276697080','145975020899','4','1458627189',100,'1459389051'),('146276698680','145974996399','4','1458627189',100,'1459389051'),('146276700480','145975034199','4','1458627189',100,'1459389051'),('146276704880','145975054099','4','1458627189',100,'1459389051'),('146276710680','145975037499','4','1458627189',50,'1459389051'),('146276712080','145975010599','4','1458627189',100,'1459389051');

/*Table structure for table `t_trx_d2d_backup` */

DROP TABLE IF EXISTS `t_trx_d2d_backup`;

CREATE TABLE `t_trx_d2d_backup` (
  `id_trx` char(15) NOT NULL,
  `id_riwayat_lokasi` char(15) NOT NULL,
  `id_bulan` char(15) NOT NULL,
  `id_anggaran` char(15) NOT NULL,
  `jumlah` int(11) NOT NULL DEFAULT '0',
  `id_user` char(15) NOT NULL,
  PRIMARY KEY (`id_trx`),
  KEY `id_bulan` (`id_bulan`),
  KEY `id_anggaran` (`id_anggaran`),
  KEY `id_riwayat_lokasi` (`id_riwayat_lokasi`)
) ENGINE=InnoDB DEFAULT CHARSET=latin1;

/*Data for the table `t_trx_d2d_backup` */

/*Table structure for table `t_users` */

DROP TABLE IF EXISTS `t_users`;

CREATE TABLE `t_users` (
  `id_user` char(15) NOT NULL,
  `username` char(25) NOT NULL,
  `katakunci` char(25) NOT NULL,
  `sandi` char(50) NOT NULL,
  `nama_user` char(100) NOT NULL,
  `id_lokasi` char(15) NOT NULL,
  `admin` tinyint(1) NOT NULL DEFAULT '1',
  `pusat` tinyint(1) NOT NULL DEFAULT '1',
  `menuakses` text,
  `aktif` tinyint(1) NOT NULL DEFAULT '1',
  PRIMARY KEY (`id_user`)
) ENGINE=InnoDB DEFAULT CHARSET=latin1;

/*Data for the table `t_users` */

insert  into `t_users`(`id_user`,`username`,`katakunci`,`sandi`,`nama_user`,`id_lokasi`,`admin`,`pusat`,`menuakses`,`aktif`) values ('1458608926','adminpusat','dombajc','f6338e9679fa67f44f818e3bfd546584','Administrator Pusat','05',1,1,'2,21,22,23,24,25,26,27,28,3,31,32,33,4,41,42,43,5,51,52,53,54,55',1),('1459065329','wawan4276','1003','aa68c75c4a77c87f97fb686b2f068676','WAWAN GUNAWAN UTAMA','05',1,1,'2,21,22,23,24,25,3,31,32,4,41,42,5,51,52,53',1),('1459065417','ppsmg1','ppsmg1','7d534e40c460e465796fe469ad006cda','Admin pembukuan pelaporan UP3AD Semarang I','0501',1,0,'2,25,3,31,4,41,42,5,51,52',1),('1459130999','ppkbm','ppkbm','377890c9d82b22d440f0de1ca47e9f23','Admin pembukuan pelaporan UP3AD Kebumen','0535',1,0,'2,25,3,31,4,41,42,5,51,52',1),('1459133423','ppwnsb','ppwsb','dd48a5b21928bb4ba213f1893dd5004b','admin pembukuan pelaporan UP3AD Kab. Wonosobo','0537',1,0,'2,25,3,31,4,41,42,5,51,52,53',1),('1459133843','ppsltg','ppsalatiga','bac358ae782f5f27c9c7182ebbaf79d7','admin pembukuan pelaporan UP3AD Kota Salatiga','0504',1,0,'2,25,3,31,4,41,42,5,51,52,53',1),('1459134128','ppsrg','ppsrg','9f7836618106cb9613e0252524334e57','Admin Pembukuan dan Pelaporan UP3AD Kab. Sragen','0513',1,0,'2,25,3,31,32,4,41,42,5,51,52',1),('1459136279','ppsmg2','endahppsmg2','8940e63397b114f9e6dbcd61dee0bf2b','Admin Semarang II','0502',1,0,'2,25,3,31,4,41,42,5,51,52',1),('1459136367','ppsmg3','ppsmg3','d7424f4944e3e701c9358e1f72de0b0e','Admin Pembukuan dan Pelaporan UP3AD Kota Smg. III','0503',1,0,'2,25,3,31,4,41,42,5,51,52',1),('1459136436','ppsmg','IRIYANTI','b5f196ab2d417401fc3b3b696b63a756','Admin Pembukuan dan Pelaporan UP3AD Kab. Semarang','0505',1,0,'2,25,3,31,4,41,42,5,51,52',1),('1459136622','ppkdl','ppkdl','06d8108454d0de5d9d806a06ac5cf00b','Admin Pembukuan dan Pelaporan UP3AD Kab. Kendal','0506',1,0,'2,25,3,31,4,41,42,5,51,52',1),('1459137270','ppdmk','ppdmk','4915c2ad6a92f4edb730a8ababbb44c2','Admin Pembukuan dan Pelaporan UP3AD Kab. Demak','0507',1,0,'2,25,3,31,4,41,42,5,51,52',1),('1459137354','pppati','pppati','938a3aca5666c19c2c53cbf20f95645c','Admin Pembukuan dan Pelaporan UP3AD Kab. Pati','0516',1,0,'2,25,3,31,4,41,42,5,51,52',1),('1459137438','ppkds','ppkds','7fb9fb497424f395f7275754d053e419','Admin Pembukuan dan Pelaporan UP3AD Kab. Kudus','0517',1,0,'2,25,3,31,4,41,42,5,51,52',1),('1459137509','ppjpr','ppjpr','52e291a1eedfc5584e6f14153502171a','Admin Pembukuan dan Pelaporan UP3AD Kab. Jepara','0518',1,0,'2,25,3,31,4,41,42,5,51,52,53',1),('1459138022','pprbg','pprbg','20644fd3887103a317042b21f22be24c','Admin Pembukuan dan Pelaporan UP3AD Kab. Rembang','0519',1,0,'2,25,3,31,4,41,42,5,51,52',1),('1459138103','ppbra','ppbra','2423ca4d6d791c57e69f18cf267aa849','Admin Pembukuan dan Pelaporan UP3AD Kab. Blora','0520',1,0,'2,25,3,31,4,41,42,5,51,52',1),('1459143349','pptmg','pptmg','629f09451ae439d6a2785e575631c21f','Admin Pembukuan dan Pelaporan UP3AD Kab. Temanggung','0536',1,0,'2,25,3,31,4,41,42,5,51,52',1),('1459150457','ppbtg','ppbtg','791381ba535b343b51209f471660da2c','Admin Pembukuan dan Pelaporan UP3AD Kab. Batang','0523',1,0,'2,25,3,31,4,41,42,5,51,52,53',1),('1459150862','ppkra','ppkra','1ec0c23c5402e04d3ff0cbc33afb7f49','Admin Pembukuan dan Pelaporan UP3AD Kab. Karanganyar','0514',1,0,'2,25,3,31,4,41,42,5,51,52',1),('1459151125','pppkl','pppkl','f09993919170cebf1793030f1386c9ad','Admin Pembukuan dan Pelaporan UP3AD Kota Pekalongan','0521',1,0,'2,25,3,31,32,4,41,42,5,51,52',1),('1459151511','ppclp','ppclp','5dae6dfe4418815c0ba917db39746467','Admin Pembukuan dan Pelaporan UP3AD Kab. Cilacap','0529',1,0,'2,25,3,31,4,41,42,5,51,52',1),('1459152004','ppskh','ppskh','e828d5420f561fddc6d27b381f572630','Admin Pembukuan dan Pelaporan UP3AD Kab. Sukoharjo','0510',1,0,'2,25,3,31,32,4,41,42,5,51,52',1),('1459152424','ppklt','ppklt','83ab9f08a7cbc218800a8dec99e06a78','Admin Pembukuan dan Pelaporan UP3AD Kab. Klaten','0511',1,0,'2,25,3,31,4,41,42,5,51,52',1),('1459153920','ppmgl','ppmgl','e456130dbdfd8bcc5608468e3407ac67','Admin Pembukuan dan Pelaporan UP3AD Kota Magelang','0532',1,0,'2,25,3,31,32,4,41,42,5,51,52',1),('1459213035','pptgl','pptgl','dff73b094cddb172a24d96824b660c38','Admin Pembukuan Dan Pelaporan UP3AD Kota Tegal','0525',1,0,'2,25,3,31,4,41,42,5,51,52',1),('1459213265','ppbna','ppbna','da896bb48c8c2cafec56f1efe17f76d3','Admin Pembukuan Dan Pelaporan UP3AD Kab. Banjarnegara','0531',1,0,'2,25,3,31,4,41,42,5,51,52',1),('1459215531','pppwj','pppwj','6fee05c934a79959131b7bc034be8db5','Admin Pembukuan Dan Pelaporan UP3AD Kab. Purworejo','0534',1,0,'2,25,3,31,4,41,42,5,51,52,53',1),('1459240332','ppbyl','ppbyl','dad0d426d29b457473ddcc662721422c','Admin Pembukuan Dan Pelaporan UP3AD Kab. Boyolali','0512',1,0,'2,25,3,31,4,41,42,5,51,52',1),('1459297654','fika','lahtabang','c65ec5c252645ed669f2df58050286fc','Raficha','05',0,1,'2,22,23,24,25,3,31,32,4,41,42,5,51,52',1),('1459303811','p1','p1','ec6ef230f1828039ee794566b9c58adc','Pegawai Pusat Door To Door di UP3AD Semarang I','0501',0,0,'3,31,32,4,42,5,51',1),('1459303853','p2','p2','1d665b9b1467944c128a5575119d1cfd','Pegawai Pusat Door To Door di UP3AD Semarang II','0502',0,0,'3,31,4,42,5,51',1),('1459303895','p3','p3','7bc3ca68769437ce986455407dab2a1f','Pegawai Pusat Door To Door di UP3AD Semarang III','0503',0,0,'3,31,4,42,5,51',1),('1459310316','ppmkd','ppmkd','8778f7de3c538c239aa2bc6d38263654','Kepala Seksi PP UP3AD Kab. Mungkid','0533',1,0,'2,25,3,31,4,41,42,5,51,52',1),('1459310660','pppml','pppml','5a9fb87d6e3441fa5e4a97350f72a3a7','Kepala Seksi PP UP3AD Kab. Pemalang','0524',1,0,'2,25,3,31,4,41,42,5,51,52',1),('1459322702','ppslw','ppslw','591302e2ac65f5214d87ecfd44793278','Kepala Seksi Pembukuan Dan Pelaporan UP3AD Kab. Tegal','0526',1,0,'2,25,3,31,4,41,42,5,51,52',1),('1459322919','pppbl','pppbl','060ac4cf8a908e59308bdad6ad8e19f7','Kepala Seksi Pembukuan Dan Pelaporan UP3AD Kab. Purbalingga','0530',1,0,'2,25,3,31,32,4,41,42,5,51,52',1),('1459331835','ppbms','ppbms','3b51e23983fcb713c3053e7c8eeff4c2','Kepala Seksi Pembukuan Dan Pelaporan UP3AD Kabupaten Banyumas','0528',1,0,'2,25,3,31,32,4,41,42,5,51,52,53',1),('1459389051','ppbrs','ppbrs','f46851c043b09f4ee38d7c97d9e23326','Kepala Seksi Pembukuan Dan Pelaporan UP3AD Kabupaten Brebes','0527',1,0,'2,25,3,31,4,41,42,5,51,52',1),('1459394913','pppwd','pppwd','a69f20e9b290db45871771734d90badf','Kepala Seksi Pembukuan Dan Pelaporan UP3AD Kab. Grobogan','0508',1,0,'2,25,3,31,4,41,42,5,51,52,53',1),('1459412196','psi01','psi01','dddefa019b807d21b6787c3296fc1159','A. DARTO IWAN S., S KOM, M.KOM','05',1,1,'2,21,22,23,24,25,3,31,4,41,42,5,51,52,53',1),('1459413235','ppwng','ppwng','68fcbb46137fc3904b9f82e2c2f6b065','Kepala Seksi Pembukuan Dan Pelaporan UP3AD Kab. Wonogiri','0515',1,0,'2,25,3,31,4,41,42,5,51,52,53',1),('1459486503','ppkjn','ppkjn','363d638a430d679177207e5249f7aadf','Kepala Seksi PP UP3AD Kabupaten Pekalongan','0522',1,0,'2,25,3,31,4,41,42,5,51,52',1),('1459748694','ppska','ppska','641b8e8fcb6f4ecadd699eebed48dd34','Kepala Seksi Pembukuan Dan Pelaporan UP3AD Kota Surakarta','0509',1,0,'2,25,3,31,4,41,42,5,51,52',1);

/*Table structure for table `v_arr_transaksi_rekap_pbbkb` */

DROP TABLE IF EXISTS `v_arr_transaksi_rekap_pbbkb`;

/*!50001 DROP VIEW IF EXISTS `v_arr_transaksi_rekap_pbbkb` */;
/*!50001 DROP TABLE IF EXISTS `v_arr_transaksi_rekap_pbbkb` */;

/*!50001 CREATE TABLE  `v_arr_transaksi_rekap_pbbkb`(
 `id_anggaran` char(15) ,
 `id_bulan` int(5) unsigned ,
 `id_item_pbbkb` char(15) ,
 `id_dasar_trx_pbbkb` char(5) ,
 `id_lokasi_pbbkb` char(15) ,
 `total` decimal(32,0) ,
 `id_lokasi` char(5) 
)*/;

/*Table structure for table `v_bulan` */

DROP TABLE IF EXISTS `v_bulan`;

/*!50001 DROP VIEW IF EXISTS `v_bulan` */;
/*!50001 DROP TABLE IF EXISTS `v_bulan` */;

/*!50001 CREATE TABLE  `v_bulan`(
 `id_bulan` char(15) ,
 `id_triwulan` char(15) ,
 `bulan` char(25) ,
 `aktif` tinyint(1) ,
 `triwulan` char(15) 
)*/;

/*Table structure for table `v_homebase` */

DROP TABLE IF EXISTS `v_homebase`;

/*!50001 DROP VIEW IF EXISTS `v_homebase` */;
/*!50001 DROP TABLE IF EXISTS `v_homebase` */;

/*!50001 CREATE TABLE  `v_homebase`(
 `id_lokasi` varchar(20) ,
 `id_induk` varchar(20) ,
 `lokasi` varchar(50) ,
 `nama_kota` varchar(50) ,
 `alamat` text ,
 `kota` varchar(30) ,
 `kdpos` varchar(10) ,
 `telp` text ,
 `fax` varchar(15) ,
 `samsat` enum('pusat','besar','kecil','other') ,
 `kd_wil` varchar(15) ,
 `kabkot` enum('Kota','Kabupaten') ,
 `email` varchar(100) ,
 `d2d_pusat` tinyint(1) ,
 `blokir` tinyint(1) 
)*/;

/*Table structure for table `v_kecamatan` */

DROP TABLE IF EXISTS `v_kecamatan`;

/*!50001 DROP VIEW IF EXISTS `v_kecamatan` */;
/*!50001 DROP TABLE IF EXISTS `v_kecamatan` */;

/*!50001 CREATE TABLE  `v_kecamatan`(
 `id_kecamatan` char(15) ,
 `id_lokasi` char(15) ,
 `kecamatan` char(50) ,
 `aktif` tinyint(1) ,
 `create_by` char(15) ,
 `last_update` datetime ,
 `lokasi` varchar(50) 
)*/;

/*Table structure for table `v_list_pungut_pd` */

DROP TABLE IF EXISTS `v_list_pungut_pd`;

/*!50001 DROP VIEW IF EXISTS `v_list_pungut_pd` */;
/*!50001 DROP TABLE IF EXISTS `v_list_pungut_pd` */;

/*!50001 CREATE TABLE  `v_list_pungut_pd`(
 `id_anggaran` char(15) ,
 `id_triwulan` char(15) ,
 `id_lokasi` char(15) ,
 `id_rek_pd_pungut` char(15) ,
 `id_rek_pd` varchar(15) ,
 `id_bulan` char(15) ,
 `realisasi` int(11) 
)*/;

/*Table structure for table `v_list_target` */

DROP TABLE IF EXISTS `v_list_target`;

/*!50001 DROP VIEW IF EXISTS `v_list_target` */;
/*!50001 DROP TABLE IF EXISTS `v_list_target` */;

/*!50001 CREATE TABLE  `v_list_target`(
 `id_lokasi` char(15) ,
 `id_triwulan` char(15) ,
 `id_anggaran` char(15) ,
 `total` decimal(32,0) 
)*/;

/*Table structure for table `v_list_transaksi` */

DROP TABLE IF EXISTS `v_list_transaksi`;

/*!50001 DROP VIEW IF EXISTS `v_list_transaksi` */;
/*!50001 DROP TABLE IF EXISTS `v_list_transaksi` */;

/*!50001 CREATE TABLE  `v_list_transaksi`(
 `id_lokasi` char(15) ,
 `id_triwulan` char(15) ,
 `id_anggaran` char(15) ,
 `id_bulan` char(15) ,
 `jumlah` decimal(32,0) 
)*/;

/*Table structure for table `v_lokasi_upad` */

DROP TABLE IF EXISTS `v_lokasi_upad`;

/*!50001 DROP VIEW IF EXISTS `v_lokasi_upad` */;
/*!50001 DROP TABLE IF EXISTS `v_lokasi_upad` */;

/*!50001 CREATE TABLE  `v_lokasi_upad`(
 `id_lokasi` varchar(20) ,
 `id_induk` varchar(20) ,
 `lokasi` varchar(50) ,
 `nama_kota` varchar(50) ,
 `alamat` text ,
 `kota` varchar(30) ,
 `kdpos` varchar(10) ,
 `telp` text ,
 `fax` varchar(15) ,
 `samsat` enum('pusat','besar','kecil','other') ,
 `kd_wil` varchar(15) ,
 `kabkot` enum('Kota','Kabupaten') ,
 `email` varchar(100) ,
 `d2d_pusat` tinyint(1) ,
 `blokir` tinyint(1) 
)*/;

/*Table structure for table `v_mutasi` */

DROP TABLE IF EXISTS `v_mutasi`;

/*!50001 DROP VIEW IF EXISTS `v_mutasi` */;
/*!50001 DROP TABLE IF EXISTS `v_mutasi` */;

/*!50001 CREATE TABLE  `v_mutasi`(
 `id_mutasi` char(15) ,
 `id_jenis_mutasi` char(6) ,
 `id_tujuan_mutasi` char(15) ,
 `id_mutasi_sebelumnya` char(15) ,
 `id_pegawai` char(15) ,
 `id_lokasi` char(15) ,
 `id_homebase` char(15) ,
 `lokasi_lain` char(100) ,
 `id_jabatan` char(15) ,
 `sk` char(100) ,
 `no_sk` char(50) ,
 `tgl_sk` date ,
 `tgl_mulai` date ,
 `aktif` tinyint(1) ,
 `id_user` char(15) ,
 `update_akhir` datetime ,
 `jabatan` char(25) ,
 `nama_lokasi` varchar(50) ,
 `nama_homebase` varchar(50) ,
 `nama_pegawai` char(100) ,
 `nip` char(25) ,
 `id_sts_pegawai` char(3) ,
 `id_pangkat` char(15) ,
 `jenis_mutasi` char(50) 
)*/;

/*Table structure for table `v_mutasi_keluar` */

DROP TABLE IF EXISTS `v_mutasi_keluar`;

/*!50001 DROP VIEW IF EXISTS `v_mutasi_keluar` */;
/*!50001 DROP TABLE IF EXISTS `v_mutasi_keluar` */;

/*!50001 CREATE TABLE  `v_mutasi_keluar`(
 `id_mutasi` char(15) ,
 `id_jenis_mutasi` char(6) ,
 `id_pegawai` char(15) ,
 `id_tujuan_mutasi` char(15) ,
 `id_lokasi` char(15) ,
 `id_homebase` char(15) ,
 `lokasi_lain` char(100) ,
 `id_jabatan` char(15) ,
 `sk` char(100) ,
 `no_sk` char(50) ,
 `tgl_sk` date ,
 `tgl_mulai` date ,
 `id_mutasi_sebelumnya` char(15) ,
 `aktif` tinyint(1) ,
 `id_user` char(15) ,
 `update_akhir` datetime ,
 `jabatan` char(25) ,
 `nama_lokasi` varchar(50) ,
 `nama_homebase` varchar(50) ,
 `nama_pegawai` char(100) ,
 `nip` char(25) ,
 `id_sts_pegawai` char(3) ,
 `id_pangkat` char(15) ,
 `jenis_mutasi` char(50) ,
 `lokasi_asal` varchar(15) ,
 `lokasi_d2d_sebelumnya` varchar(15) ,
 `lokasi_tujuan_mutasi` varchar(100) 
)*/;

/*Table structure for table `v_mutasi_masuk` */

DROP TABLE IF EXISTS `v_mutasi_masuk`;

/*!50001 DROP VIEW IF EXISTS `v_mutasi_masuk` */;
/*!50001 DROP TABLE IF EXISTS `v_mutasi_masuk` */;

/*!50001 CREATE TABLE  `v_mutasi_masuk`(
 `id_mutasi` char(15) ,
 `nama_pegawai` char(100) ,
 `nip` char(25) ,
 `id_jenis_mutasi` char(6) ,
 `id_induk` varchar(20) ,
 `lokasi_sebelumnya` varchar(50) ,
 `no_sk` char(50) ,
 `tgl_sk` date ,
 `aktif` tinyint(1) 
)*/;

/*Table structure for table `v_pegawai_update28042016` */

DROP TABLE IF EXISTS `v_pegawai_update28042016`;

/*!50001 DROP VIEW IF EXISTS `v_pegawai_update28042016` */;
/*!50001 DROP TABLE IF EXISTS `v_pegawai_update28042016` */;

/*!50001 CREATE TABLE  `v_pegawai_update28042016`(
 `id_pegawai` char(15) ,
 `id_sts_pegawai` char(3) ,
 `nama_pegawai` char(100) ,
 `nip` char(25) ,
 `id_pangkat` char(15) ,
 `id_user` char(15) ,
 `history_buat` datetime ,
 `history_update` datetime ,
 `aktif` tinyint(1) ,
 `status_pegawai` char(15) ,
 `id_mutasi` char(15) ,
 `id_jabatan` char(15) ,
 `jabatan` char(25) ,
 `nama_lokasi` varchar(50) ,
 `id_homebase` char(15) ,
 `nama_homebase` varchar(50) ,
 `kepalaupad` int(4) 
)*/;

/*Table structure for table `v_pegawai_v2` */

DROP TABLE IF EXISTS `v_pegawai_v2`;

/*!50001 DROP VIEW IF EXISTS `v_pegawai_v2` */;
/*!50001 DROP TABLE IF EXISTS `v_pegawai_v2` */;

/*!50001 CREATE TABLE  `v_pegawai_v2`(
 `id_pegawai` char(15) ,
 `id_sts_pegawai` char(3) ,
 `nama_pegawai` char(100) ,
 `nip` char(25) ,
 `id_pangkat` char(15) ,
 `id_user` char(15) ,
 `history_buat` datetime ,
 `history_update` datetime ,
 `aktif` tinyint(1) ,
 `pangkat` char(25) ,
 `golongan` char(5) ,
 `jabatan` char(25) ,
 `id_jabatan` char(15) ,
 `id_lokasi` char(15) ,
 `nama_lokasi` varchar(50) ,
 `nama_homebase` varchar(50) ,
 `status_pegawai` char(15) 
)*/;

/*Table structure for table `v_penyetor_pbbkb` */

DROP TABLE IF EXISTS `v_penyetor_pbbkb`;

/*!50001 DROP VIEW IF EXISTS `v_penyetor_pbbkb` */;
/*!50001 DROP TABLE IF EXISTS `v_penyetor_pbbkb` */;

/*!50001 CREATE TABLE  `v_penyetor_pbbkb`(
 `id_lokasi_pbbkb` char(15) ,
 `no_spbu` char(25) ,
 `nama_spbu` char(50) ,
 `alamat_spbu` char(100) ,
 `id_lokasi` char(5) ,
 `id_kecamatan` char(15) ,
 `telp` char(25) ,
 `aktif` tinyint(1) ,
 `create_by` char(15) ,
 `last_update` datetime ,
 `kecamatan` char(50) ,
 `lokasi` varchar(50) 
)*/;

/*Table structure for table `v_riwayat_lokasi_pegawai` */

DROP TABLE IF EXISTS `v_riwayat_lokasi_pegawai`;

/*!50001 DROP VIEW IF EXISTS `v_riwayat_lokasi_pegawai` */;
/*!50001 DROP TABLE IF EXISTS `v_riwayat_lokasi_pegawai` */;

/*!50001 CREATE TABLE  `v_riwayat_lokasi_pegawai`(
 `id_riwayat_lokasi` char(15) ,
 `id_pegawai` char(15) ,
 `id_lokasi` char(15) ,
 `id_user` char(15) ,
 `riwayat_buat` datetime ,
 `riwayat_ubah` datetime ,
 `aktif` tinyint(1) ,
 `nama_pegawai` char(100) ,
 `nip` char(25) ,
 `lokasi` varchar(50) ,
 `nama_user` char(100) ,
 `alamat` text 
)*/;

/*Table structure for table `v_sort_pegawai` */

DROP TABLE IF EXISTS `v_sort_pegawai`;

/*!50001 DROP VIEW IF EXISTS `v_sort_pegawai` */;
/*!50001 DROP TABLE IF EXISTS `v_sort_pegawai` */;

/*!50001 CREATE TABLE  `v_sort_pegawai`(
 `id_pegawai` char(15) ,
 `nama_pegawai` char(100) ,
 `nip` char(25) ,
 `status_pegawai` char(15) ,
 `id_jabatan` char(15) ,
 `jabatan` char(25) ,
 `nama_lokasi` varchar(50) ,
 `id_homebase` char(15) ,
 `nama_homebase` varchar(50) ,
 `id_lokasi` char(15) ,
 `id_mutasi` char(15) ,
 `id_jenis_mutasi` char(6) ,
 `tgl_sk` date ,
 `id_sts_pegawai` char(3) ,
 `golongan` char(5) ,
 `pangkat` char(25) ,
 `aktif` tinyint(1) ,
 `kepalaupad` int(4) 
)*/;

/*Table structure for table `v_sort_pegawai_backup` */

DROP TABLE IF EXISTS `v_sort_pegawai_backup`;

/*!50001 DROP VIEW IF EXISTS `v_sort_pegawai_backup` */;
/*!50001 DROP TABLE IF EXISTS `v_sort_pegawai_backup` */;

/*!50001 CREATE TABLE  `v_sort_pegawai_backup`(
 `id_pegawai` char(15) ,
 `nama_pegawai` char(100) ,
 `nip` char(25) ,
 `status_pegawai` char(15) ,
 `id_jabatan` char(15) ,
 `jabatan` char(25) ,
 `nama_lokasi` varchar(50) ,
 `id_homebase` char(15) ,
 `nama_homebase` varchar(50) ,
 `id_lokasi` char(15) ,
 `id_mutasi` char(15) ,
 `id_sts_pegawai` char(3) ,
 `aktif` tinyint(1) ,
 `kepalaupad` int(4) 
)*/;

/*Table structure for table `v_sort_pegawai_update` */

DROP TABLE IF EXISTS `v_sort_pegawai_update`;

/*!50001 DROP VIEW IF EXISTS `v_sort_pegawai_update` */;
/*!50001 DROP TABLE IF EXISTS `v_sort_pegawai_update` */;

/*!50001 CREATE TABLE  `v_sort_pegawai_update`(
 `id_pegawai` char(15) ,
 `nama_pegawai` char(100) ,
 `nip` char(25) ,
 `status_pegawai` char(15) ,
 `id_jabatan` char(15) ,
 `jabatan` char(25) ,
 `nama_lokasi` varchar(50) ,
 `id_homebase` char(15) ,
 `nama_homebase` varchar(50) ,
 `id_lokasi` char(15) ,
 `id_mutasi` char(15) ,
 `id_sts_pegawai` char(3) ,
 `golongan` char(5) ,
 `pangkat` char(25) ,
 `aktif` tinyint(1) ,
 `id_jenis_mutasi` char(6) ,
 `tgl_sk` date ,
 `kepalaupad` int(4) ,
 `tgl_selesai_mutasi` varchar(10) 
)*/;

/*Table structure for table `v_users` */

DROP TABLE IF EXISTS `v_users`;

/*!50001 DROP VIEW IF EXISTS `v_users` */;
/*!50001 DROP TABLE IF EXISTS `v_users` */;

/*!50001 CREATE TABLE  `v_users`(
 `id_user` char(15) ,
 `username` char(25) ,
 `katakunci` char(25) ,
 `sandi` char(50) ,
 `nama_user` char(100) ,
 `id_lokasi` char(15) ,
 `admin` tinyint(1) ,
 `pusat` tinyint(1) ,
 `menuakses` text ,
 `aktif` tinyint(1) ,
 `lokasi` varchar(50) 
)*/;

/*View structure for view v_arr_transaksi_rekap_pbbkb */

/*!50001 DROP TABLE IF EXISTS `v_arr_transaksi_rekap_pbbkb` */;
/*!50001 DROP VIEW IF EXISTS `v_arr_transaksi_rekap_pbbkb` */;

/*!50001 CREATE ALGORITHM=UNDEFINED DEFINER=`root`@`localhost` SQL SECURITY DEFINER VIEW `v_arr_transaksi_rekap_pbbkb` AS (select `t_transaksi_pbbkb`.`id_anggaran` AS `id_anggaran`,cast(`t_transaksi_pbbkb`.`id_bulan` as unsigned) AS `id_bulan`,`t_transaksi_pbbkb`.`id_item_pbbkb` AS `id_item_pbbkb`,`t_transaksi_pbbkb`.`id_dasar_trx_pbbkb` AS `id_dasar_trx_pbbkb`,`t_transaksi_pbbkb`.`id_lokasi_pbbkb` AS `id_lokasi_pbbkb`,sum(`t_transaksi_pbbkb`.`jumlah`) AS `total`,`t_penyetor_pbbkb`.`id_lokasi` AS `id_lokasi` from (`t_transaksi_pbbkb` left join `t_penyetor_pbbkb` on((`t_penyetor_pbbkb`.`id_lokasi_pbbkb` = `t_transaksi_pbbkb`.`id_lokasi_pbbkb`))) group by `t_transaksi_pbbkb`.`id_item_pbbkb`,`t_penyetor_pbbkb`.`id_lokasi`,`t_transaksi_pbbkb`.`id_dasar_trx_pbbkb`,`t_transaksi_pbbkb`.`id_bulan`,`t_transaksi_pbbkb`.`id_anggaran`,`t_transaksi_pbbkb`.`id_lokasi_pbbkb`) */;

/*View structure for view v_bulan */

/*!50001 DROP TABLE IF EXISTS `v_bulan` */;
/*!50001 DROP VIEW IF EXISTS `v_bulan` */;

/*!50001 CREATE ALGORITHM=UNDEFINED DEFINER=`root`@`localhost` SQL SECURITY DEFINER VIEW `v_bulan` AS (select `t_bulan`.`id_bulan` AS `id_bulan`,`t_bulan`.`id_triwulan` AS `id_triwulan`,`t_bulan`.`bulan` AS `bulan`,`t_bulan`.`aktif` AS `aktif`,`t_triwulan`.`triwulan` AS `triwulan` from (`t_bulan` left join `t_triwulan` on((`t_triwulan`.`id_triwulan` = `t_bulan`.`id_triwulan`)))) */;

/*View structure for view v_homebase */

/*!50001 DROP TABLE IF EXISTS `v_homebase` */;
/*!50001 DROP VIEW IF EXISTS `v_homebase` */;

/*!50001 CREATE ALGORITHM=UNDEFINED DEFINER=`root`@`localhost` SQL SECURITY DEFINER VIEW `v_homebase` AS (select `lokasi`.`id_lokasi` AS `id_lokasi`,`lokasi`.`id_induk` AS `id_induk`,`lokasi`.`lokasi` AS `lokasi`,`lokasi`.`nama_kota` AS `nama_kota`,`lokasi`.`alamat` AS `alamat`,`lokasi`.`kota` AS `kota`,`lokasi`.`kdpos` AS `kdpos`,`lokasi`.`telp` AS `telp`,`lokasi`.`fax` AS `fax`,`lokasi`.`samsat` AS `samsat`,`lokasi`.`kd_wil` AS `kd_wil`,`lokasi`.`kabkot` AS `kabkot`,`lokasi`.`email` AS `email`,`lokasi`.`d2d_pusat` AS `d2d_pusat`,`lokasi`.`blokir` AS `blokir` from `lokasi` where (`lokasi`.`samsat` in ('pusat','besar'))) */;

/*View structure for view v_kecamatan */

/*!50001 DROP TABLE IF EXISTS `v_kecamatan` */;
/*!50001 DROP VIEW IF EXISTS `v_kecamatan` */;

/*!50001 CREATE ALGORITHM=UNDEFINED DEFINER=`root`@`localhost` SQL SECURITY DEFINER VIEW `v_kecamatan` AS (select `t_kecamatan`.`id_kecamatan` AS `id_kecamatan`,`t_kecamatan`.`id_lokasi` AS `id_lokasi`,`t_kecamatan`.`kecamatan` AS `kecamatan`,`t_kecamatan`.`aktif` AS `aktif`,`t_kecamatan`.`create_by` AS `create_by`,`t_kecamatan`.`last_update` AS `last_update`,`lokasi`.`lokasi` AS `lokasi` from (`t_kecamatan` left join `lokasi` on((`lokasi`.`id_lokasi` = convert(`t_kecamatan`.`id_lokasi` using utf8))))) */;

/*View structure for view v_list_pungut_pd */

/*!50001 DROP TABLE IF EXISTS `v_list_pungut_pd` */;
/*!50001 DROP VIEW IF EXISTS `v_list_pungut_pd` */;

/*!50001 CREATE ALGORITHM=UNDEFINED DEFINER=`root`@`localhost` SQL SECURITY DEFINER VIEW `v_list_pungut_pd` AS (select `t_pungut_pd`.`id_anggaran` AS `id_anggaran`,`t_bulan`.`id_triwulan` AS `id_triwulan`,`t_pungut_pd`.`id_lokasi` AS `id_lokasi`,`t_pungut_pd`.`id_rek_pd` AS `id_rek_pd_pungut`,if((`t_rek_pd`.`sub_rek_pd` = '00'),`t_pungut_pd`.`id_rek_pd`,left(`t_pungut_pd`.`id_rek_pd`,char_length(`t_rek_pd`.`sub_rek_pd`))) AS `id_rek_pd`,`t_bulan`.`id_bulan` AS `id_bulan`,`t_pungut_pd`.`jumlah` AS `realisasi` from ((`t_pungut_pd` left join `t_bulan` on((`t_bulan`.`id_bulan` = `t_pungut_pd`.`id_bulan`))) left join `t_rek_pd` on((`t_pungut_pd`.`id_rek_pd` = `t_rek_pd`.`id_rek_pd`))) order by `t_pungut_pd`.`id_lokasi`,`t_bulan`.`id_bulan`) */;

/*View structure for view v_list_target */

/*!50001 DROP TABLE IF EXISTS `v_list_target` */;
/*!50001 DROP VIEW IF EXISTS `v_list_target` */;

/*!50001 CREATE ALGORITHM=UNDEFINED DEFINER=`root`@`localhost` SQL SECURITY DEFINER VIEW `v_list_target` AS (select `v_mutasi`.`id_lokasi` AS `id_lokasi`,`t_target_d2d`.`id_triwulan` AS `id_triwulan`,`t_target_d2d`.`id_anggaran` AS `id_anggaran`,sum(`t_target_d2d`.`total`) AS `total` from (`v_mutasi` left join `t_target_d2d` on((`t_target_d2d`.`id_jabatan` = `v_mutasi`.`id_jabatan`))) group by `v_mutasi`.`id_lokasi`,`t_target_d2d`.`id_anggaran`,`t_target_d2d`.`id_triwulan`) */;

/*View structure for view v_list_transaksi */

/*!50001 DROP TABLE IF EXISTS `v_list_transaksi` */;
/*!50001 DROP VIEW IF EXISTS `v_list_transaksi` */;

/*!50001 CREATE ALGORITHM=UNDEFINED DEFINER=`root`@`localhost` SQL SECURITY DEFINER VIEW `v_list_transaksi` AS (select `v_mutasi`.`id_lokasi` AS `id_lokasi`,`v_bulan`.`id_triwulan` AS `id_triwulan`,`t_trx_d2d`.`id_anggaran` AS `id_anggaran`,`t_trx_d2d`.`id_bulan` AS `id_bulan`,sum(`t_trx_d2d`.`jumlah`) AS `jumlah` from ((`t_trx_d2d` left join `v_mutasi` on((`v_mutasi`.`id_mutasi` = `t_trx_d2d`.`id_mutasi`))) left join `v_bulan` on((`v_bulan`.`id_bulan` = `t_trx_d2d`.`id_bulan`))) group by `v_mutasi`.`id_lokasi`,`t_trx_d2d`.`id_anggaran`,`v_bulan`.`id_triwulan`,`t_trx_d2d`.`id_bulan`) */;

/*View structure for view v_lokasi_upad */

/*!50001 DROP TABLE IF EXISTS `v_lokasi_upad` */;
/*!50001 DROP VIEW IF EXISTS `v_lokasi_upad` */;

/*!50001 CREATE ALGORITHM=UNDEFINED DEFINER=`root`@`localhost` SQL SECURITY DEFINER VIEW `v_lokasi_upad` AS (select `lokasi`.`id_lokasi` AS `id_lokasi`,`lokasi`.`id_induk` AS `id_induk`,`lokasi`.`lokasi` AS `lokasi`,`lokasi`.`nama_kota` AS `nama_kota`,`lokasi`.`alamat` AS `alamat`,`lokasi`.`kota` AS `kota`,`lokasi`.`kdpos` AS `kdpos`,`lokasi`.`telp` AS `telp`,`lokasi`.`fax` AS `fax`,`lokasi`.`samsat` AS `samsat`,`lokasi`.`kd_wil` AS `kd_wil`,`lokasi`.`kabkot` AS `kabkot`,`lokasi`.`email` AS `email`,`lokasi`.`d2d_pusat` AS `d2d_pusat`,`lokasi`.`blokir` AS `blokir` from `lokasi` where ((`lokasi`.`id_lokasi` = `lokasi`.`id_induk`) and (`lokasi`.`id_lokasi` <> '05'))) */;

/*View structure for view v_mutasi */

/*!50001 DROP TABLE IF EXISTS `v_mutasi` */;
/*!50001 DROP VIEW IF EXISTS `v_mutasi` */;

/*!50001 CREATE ALGORITHM=UNDEFINED DEFINER=`root`@`localhost` SQL SECURITY DEFINER VIEW `v_mutasi` AS (select `t_mutasi`.`id_mutasi` AS `id_mutasi`,`t_mutasi`.`id_jenis_mutasi` AS `id_jenis_mutasi`,`t_mutasi`.`id_tujuan_mutasi` AS `id_tujuan_mutasi`,`t_mutasi`.`id_mutasi_sebelumnya` AS `id_mutasi_sebelumnya`,`t_mutasi`.`id_pegawai` AS `id_pegawai`,`t_mutasi`.`id_lokasi` AS `id_lokasi`,`t_mutasi`.`id_homebase` AS `id_homebase`,`t_mutasi`.`lokasi_lain` AS `lokasi_lain`,`t_mutasi`.`id_jabatan` AS `id_jabatan`,`t_mutasi`.`sk` AS `sk`,`t_mutasi`.`no_sk` AS `no_sk`,`t_mutasi`.`tgl_sk` AS `tgl_sk`,`t_mutasi`.`tgl_mulai` AS `tgl_mulai`,`t_mutasi`.`aktif` AS `aktif`,`t_mutasi`.`id_user` AS `id_user`,`t_mutasi`.`update_akhir` AS `update_akhir`,`t_jabatan`.`jabatan` AS `jabatan`,(select `lokasi`.`lokasi` from `lokasi` where (`lokasi`.`id_lokasi` = convert(`t_mutasi`.`id_lokasi` using utf8))) AS `nama_lokasi`,(select `lokasi`.`lokasi` from `lokasi` where (`lokasi`.`id_lokasi` = convert(`t_mutasi`.`id_homebase` using utf8))) AS `nama_homebase`,`t_pegawai`.`nama_pegawai` AS `nama_pegawai`,`t_pegawai`.`nip` AS `nip`,`t_pegawai`.`id_sts_pegawai` AS `id_sts_pegawai`,`t_pegawai`.`id_pangkat` AS `id_pangkat`,`t_jenis_mutasi`.`jenis_mutasi` AS `jenis_mutasi` from (((`t_mutasi` left join `t_jabatan` on((`t_jabatan`.`id_jabatan` = `t_mutasi`.`id_jabatan`))) left join `t_pegawai` on((`t_pegawai`.`id_pegawai` = `t_mutasi`.`id_pegawai`))) left join `t_jenis_mutasi` on((`t_jenis_mutasi`.`id_jenis_mutasi` = `t_mutasi`.`id_jenis_mutasi`)))) */;

/*View structure for view v_mutasi_keluar */

/*!50001 DROP TABLE IF EXISTS `v_mutasi_keluar` */;
/*!50001 DROP VIEW IF EXISTS `v_mutasi_keluar` */;

/*!50001 CREATE ALGORITHM=TEMPTABLE DEFINER=`root`@`localhost` SQL SECURITY DEFINER VIEW `v_mutasi_keluar` AS (select `v_mutasi`.`id_mutasi` AS `id_mutasi`,`v_mutasi`.`id_jenis_mutasi` AS `id_jenis_mutasi`,`v_mutasi`.`id_pegawai` AS `id_pegawai`,`v_mutasi`.`id_tujuan_mutasi` AS `id_tujuan_mutasi`,`v_mutasi`.`id_lokasi` AS `id_lokasi`,`v_mutasi`.`id_homebase` AS `id_homebase`,`v_mutasi`.`lokasi_lain` AS `lokasi_lain`,`v_mutasi`.`id_jabatan` AS `id_jabatan`,`v_mutasi`.`sk` AS `sk`,`v_mutasi`.`no_sk` AS `no_sk`,`v_mutasi`.`tgl_sk` AS `tgl_sk`,`v_mutasi`.`tgl_mulai` AS `tgl_mulai`,`v_mutasi`.`id_mutasi_sebelumnya` AS `id_mutasi_sebelumnya`,`v_mutasi`.`aktif` AS `aktif`,`v_mutasi`.`id_user` AS `id_user`,`v_mutasi`.`update_akhir` AS `update_akhir`,`v_mutasi`.`jabatan` AS `jabatan`,`v_mutasi`.`nama_lokasi` AS `nama_lokasi`,`v_mutasi`.`nama_homebase` AS `nama_homebase`,`v_mutasi`.`nama_pegawai` AS `nama_pegawai`,`v_mutasi`.`nip` AS `nip`,`v_mutasi`.`id_sts_pegawai` AS `id_sts_pegawai`,`v_mutasi`.`id_pangkat` AS `id_pangkat`,`v_mutasi`.`jenis_mutasi` AS `jenis_mutasi`,ifnull((select `t_mutasi`.`id_homebase` from `t_mutasi` where (`t_mutasi`.`id_mutasi` = `v_mutasi`.`id_mutasi_sebelumnya`)),`v_mutasi`.`id_homebase`) AS `lokasi_asal`,ifnull((select `t_mutasi`.`id_lokasi` from `t_mutasi` where (`t_mutasi`.`id_mutasi` = `v_mutasi`.`id_mutasi_sebelumnya`)),`v_mutasi`.`id_lokasi`) AS `lokasi_d2d_sebelumnya`,if((`v_mutasi`.`id_jenis_mutasi` = '555555'),convert(`v_mutasi`.`lokasi_lain` using utf8),(select `lokasi`.`lokasi` from `lokasi` where (`lokasi`.`id_lokasi` = convert(`v_mutasi`.`id_tujuan_mutasi` using utf8)))) AS `lokasi_tujuan_mutasi` from `v_mutasi`) */;

/*View structure for view v_mutasi_masuk */

/*!50001 DROP TABLE IF EXISTS `v_mutasi_masuk` */;
/*!50001 DROP VIEW IF EXISTS `v_mutasi_masuk` */;

/*!50001 CREATE ALGORITHM=UNDEFINED DEFINER=`root`@`localhost` SQL SECURITY DEFINER VIEW `v_mutasi_masuk` AS (select `b`.`id_mutasi` AS `id_mutasi`,`b`.`nama_pegawai` AS `nama_pegawai`,`b`.`nip` AS `nip`,`b`.`id_jenis_mutasi` AS `id_jenis_mutasi`,`lokasi`.`id_induk` AS `id_induk`,ifnull((select `a`.`nama_homebase` from `v_mutasi` `a` where (`a`.`id_mutasi` = `b`.`id_mutasi_sebelumnya`)),`b`.`nama_homebase`) AS `lokasi_sebelumnya`,`b`.`no_sk` AS `no_sk`,`b`.`tgl_sk` AS `tgl_sk`,`b`.`aktif` AS `aktif` from (`v_mutasi` `b` left join `lokasi` on((`lokasi`.`id_lokasi` = convert(ifnull(`b`.`id_tujuan_mutasi`,`b`.`id_homebase`) using utf8))))) */;

/*View structure for view v_pegawai_update28042016 */

/*!50001 DROP TABLE IF EXISTS `v_pegawai_update28042016` */;
/*!50001 DROP VIEW IF EXISTS `v_pegawai_update28042016` */;

/*!50001 CREATE ALGORITHM=UNDEFINED DEFINER=`root`@`localhost` SQL SECURITY DEFINER VIEW `v_pegawai_update28042016` AS (select `t_pegawai`.`id_pegawai` AS `id_pegawai`,`t_pegawai`.`id_sts_pegawai` AS `id_sts_pegawai`,`t_pegawai`.`nama_pegawai` AS `nama_pegawai`,`t_pegawai`.`nip` AS `nip`,`t_pegawai`.`id_pangkat` AS `id_pangkat`,`t_pegawai`.`id_user` AS `id_user`,`t_pegawai`.`history_buat` AS `history_buat`,`t_pegawai`.`history_update` AS `history_update`,`t_pegawai`.`aktif` AS `aktif`,`t_sts_pegawai`.`status_pegawai` AS `status_pegawai`,`v_mutasi`.`id_mutasi` AS `id_mutasi`,`v_mutasi`.`id_jabatan` AS `id_jabatan`,`v_mutasi`.`jabatan` AS `jabatan`,`v_mutasi`.`nama_lokasi` AS `nama_lokasi`,`v_mutasi`.`id_homebase` AS `id_homebase`,`v_mutasi`.`nama_homebase` AS `nama_homebase`,ifnull((select `t_paraf`.`top_sort` from (`t_data_setting_paraf` left join `t_paraf` on((`t_paraf`.`id_paraf` = `t_data_setting_paraf`.`id_paraf`))) where ((`t_data_setting_paraf`.`id_lokasi` = `v_mutasi`.`id_lokasi`) and (`t_data_setting_paraf`.`id_pegawai` = `t_pegawai`.`id_pegawai`)) group by `t_data_setting_paraf`.`id_pegawai` order by `t_paraf`.`top_sort`),0) AS `kepalaupad` from ((`t_pegawai` left join `v_mutasi` on(((`v_mutasi`.`id_pegawai` = `t_pegawai`.`id_pegawai`) and (`v_mutasi`.`aktif` = 1)))) left join `t_sts_pegawai` on((`t_sts_pegawai`.`id_sts_pegawai` = `t_pegawai`.`id_sts_pegawai`)))) */;

/*View structure for view v_pegawai_v2 */

/*!50001 DROP TABLE IF EXISTS `v_pegawai_v2` */;
/*!50001 DROP VIEW IF EXISTS `v_pegawai_v2` */;

/*!50001 CREATE ALGORITHM=UNDEFINED DEFINER=`root`@`localhost` SQL SECURITY DEFINER VIEW `v_pegawai_v2` AS (select `t_pegawai`.`id_pegawai` AS `id_pegawai`,`t_pegawai`.`id_sts_pegawai` AS `id_sts_pegawai`,`t_pegawai`.`nama_pegawai` AS `nama_pegawai`,`t_pegawai`.`nip` AS `nip`,`t_pegawai`.`id_pangkat` AS `id_pangkat`,`t_pegawai`.`id_user` AS `id_user`,`t_pegawai`.`history_buat` AS `history_buat`,`t_pegawai`.`history_update` AS `history_update`,`t_pegawai`.`aktif` AS `aktif`,`t_pangkat`.`pangkat` AS `pangkat`,`t_pangkat`.`golongan` AS `golongan`,`v_mutasi`.`jabatan` AS `jabatan`,`v_mutasi`.`id_jabatan` AS `id_jabatan`,`v_mutasi`.`id_lokasi` AS `id_lokasi`,`v_mutasi`.`nama_lokasi` AS `nama_lokasi`,`v_mutasi`.`nama_homebase` AS `nama_homebase`,`t_sts_pegawai`.`status_pegawai` AS `status_pegawai` from (((`t_pegawai` left join `v_mutasi` on((`v_mutasi`.`id_pegawai` = `t_pegawai`.`id_pegawai`))) left join `t_pangkat` on((`t_pangkat`.`id_pangkat` = `t_pegawai`.`id_pangkat`))) left join `t_sts_pegawai` on((`t_sts_pegawai`.`id_sts_pegawai` = `t_pegawai`.`id_sts_pegawai`))) where (`v_mutasi`.`aktif` = 1)) */;

/*View structure for view v_penyetor_pbbkb */

/*!50001 DROP TABLE IF EXISTS `v_penyetor_pbbkb` */;
/*!50001 DROP VIEW IF EXISTS `v_penyetor_pbbkb` */;

/*!50001 CREATE ALGORITHM=UNDEFINED DEFINER=`root`@`localhost` SQL SECURITY DEFINER VIEW `v_penyetor_pbbkb` AS (select `t_penyetor_pbbkb`.`id_lokasi_pbbkb` AS `id_lokasi_pbbkb`,`t_penyetor_pbbkb`.`no_spbu` AS `no_spbu`,`t_penyetor_pbbkb`.`nama_spbu` AS `nama_spbu`,`t_penyetor_pbbkb`.`alamat_spbu` AS `alamat_spbu`,`t_penyetor_pbbkb`.`id_lokasi` AS `id_lokasi`,`t_penyetor_pbbkb`.`id_kecamatan` AS `id_kecamatan`,`t_penyetor_pbbkb`.`telp` AS `telp`,`t_penyetor_pbbkb`.`aktif` AS `aktif`,`t_penyetor_pbbkb`.`create_by` AS `create_by`,`t_penyetor_pbbkb`.`last_update` AS `last_update`,`v_kecamatan`.`kecamatan` AS `kecamatan`,`v_kecamatan`.`lokasi` AS `lokasi` from (`t_penyetor_pbbkb` left join `v_kecamatan` on((`v_kecamatan`.`id_kecamatan` = `t_penyetor_pbbkb`.`id_kecamatan`)))) */;

/*View structure for view v_riwayat_lokasi_pegawai */

/*!50001 DROP TABLE IF EXISTS `v_riwayat_lokasi_pegawai` */;
/*!50001 DROP VIEW IF EXISTS `v_riwayat_lokasi_pegawai` */;

/*!50001 CREATE ALGORITHM=UNDEFINED DEFINER=`root`@`localhost` SQL SECURITY DEFINER VIEW `v_riwayat_lokasi_pegawai` AS (select `t_riwayat_lokasi_pegawai`.`id_riwayat_lokasi` AS `id_riwayat_lokasi`,`t_riwayat_lokasi_pegawai`.`id_pegawai` AS `id_pegawai`,`t_riwayat_lokasi_pegawai`.`id_lokasi` AS `id_lokasi`,`t_riwayat_lokasi_pegawai`.`id_user` AS `id_user`,`t_riwayat_lokasi_pegawai`.`riwayat_buat` AS `riwayat_buat`,`t_riwayat_lokasi_pegawai`.`riwayat_ubah` AS `riwayat_ubah`,`t_riwayat_lokasi_pegawai`.`aktif` AS `aktif`,`t_pegawai`.`nama_pegawai` AS `nama_pegawai`,`t_pegawai`.`nip` AS `nip`,`lokasi`.`lokasi` AS `lokasi`,`t_users`.`nama_user` AS `nama_user`,`lokasi`.`alamat` AS `alamat` from (((`t_riwayat_lokasi_pegawai` left join `t_pegawai` on((`t_pegawai`.`id_pegawai` = `t_riwayat_lokasi_pegawai`.`id_pegawai`))) left join `lokasi` on((`lokasi`.`id_lokasi` = convert(`t_riwayat_lokasi_pegawai`.`id_lokasi` using utf8)))) left join `t_users` on((`t_users`.`id_user` = `t_riwayat_lokasi_pegawai`.`id_user`)))) */;

/*View structure for view v_sort_pegawai */

/*!50001 DROP TABLE IF EXISTS `v_sort_pegawai` */;
/*!50001 DROP VIEW IF EXISTS `v_sort_pegawai` */;

/*!50001 CREATE ALGORITHM=UNDEFINED DEFINER=`root`@`localhost` SQL SECURITY DEFINER VIEW `v_sort_pegawai` AS (select `t_pegawai`.`id_pegawai` AS `id_pegawai`,`t_pegawai`.`nama_pegawai` AS `nama_pegawai`,`t_pegawai`.`nip` AS `nip`,`t_sts_pegawai`.`status_pegawai` AS `status_pegawai`,`v_mutasi`.`id_jabatan` AS `id_jabatan`,`v_mutasi`.`jabatan` AS `jabatan`,`v_mutasi`.`nama_lokasi` AS `nama_lokasi`,`v_mutasi`.`id_homebase` AS `id_homebase`,`v_mutasi`.`nama_homebase` AS `nama_homebase`,`v_mutasi`.`id_lokasi` AS `id_lokasi`,`v_mutasi`.`id_mutasi` AS `id_mutasi`,`v_mutasi`.`id_jenis_mutasi` AS `id_jenis_mutasi`,`v_mutasi`.`tgl_sk` AS `tgl_sk`,`t_pegawai`.`id_sts_pegawai` AS `id_sts_pegawai`,`t_pangkat`.`golongan` AS `golongan`,`t_pangkat`.`pangkat` AS `pangkat`,`v_mutasi`.`aktif` AS `aktif`,ifnull((select `t_paraf`.`top_sort` from (`t_data_setting_paraf` left join `t_paraf` on((`t_paraf`.`id_paraf` = `t_data_setting_paraf`.`id_paraf`))) where ((`t_data_setting_paraf`.`id_lokasi` = `v_mutasi`.`id_lokasi`) and (`t_data_setting_paraf`.`id_pegawai` = `t_pegawai`.`id_pegawai`)) group by `t_data_setting_paraf`.`id_pegawai` order by `t_paraf`.`top_sort`),0) AS `kepalaupad` from (`v_mutasi` left join ((`t_pegawai` join `t_sts_pegawai`) join `t_pangkat`) on(((`t_pegawai`.`id_pegawai` = `v_mutasi`.`id_pegawai`) and (`t_sts_pegawai`.`id_sts_pegawai` = `t_pegawai`.`id_sts_pegawai`) and (`t_pangkat`.`id_pangkat` = `t_pegawai`.`id_pangkat`)))) order by ifnull((select `t_paraf`.`top_sort` from (`t_data_setting_paraf` left join `t_paraf` on((`t_paraf`.`id_paraf` = `t_data_setting_paraf`.`id_paraf`))) where ((`t_data_setting_paraf`.`id_lokasi` = `v_mutasi`.`id_lokasi`) and (`t_data_setting_paraf`.`id_pegawai` = `t_pegawai`.`id_pegawai`)) group by `t_data_setting_paraf`.`id_pegawai` order by `t_paraf`.`top_sort`),0) desc,`v_mutasi`.`id_jabatan`,`v_mutasi`.`id_homebase` desc,`t_pegawai`.`id_sts_pegawai`) */;

/*View structure for view v_sort_pegawai_backup */

/*!50001 DROP TABLE IF EXISTS `v_sort_pegawai_backup` */;
/*!50001 DROP VIEW IF EXISTS `v_sort_pegawai_backup` */;

/*!50001 CREATE ALGORITHM=UNDEFINED DEFINER=`root`@`localhost` SQL SECURITY DEFINER VIEW `v_sort_pegawai_backup` AS (select `t_pegawai`.`id_pegawai` AS `id_pegawai`,`t_pegawai`.`nama_pegawai` AS `nama_pegawai`,`t_pegawai`.`nip` AS `nip`,`t_sts_pegawai`.`status_pegawai` AS `status_pegawai`,`v_mutasi`.`id_jabatan` AS `id_jabatan`,`v_mutasi`.`jabatan` AS `jabatan`,`v_mutasi`.`nama_lokasi` AS `nama_lokasi`,`v_mutasi`.`id_homebase` AS `id_homebase`,`v_mutasi`.`nama_homebase` AS `nama_homebase`,`v_mutasi`.`id_lokasi` AS `id_lokasi`,`v_mutasi`.`id_mutasi` AS `id_mutasi`,`t_pegawai`.`id_sts_pegawai` AS `id_sts_pegawai`,`v_mutasi`.`aktif` AS `aktif`,ifnull((select `t_paraf`.`top_sort` from (`t_data_setting_paraf` left join `t_paraf` on((`t_paraf`.`id_paraf` = `t_data_setting_paraf`.`id_paraf`))) where ((`t_data_setting_paraf`.`id_lokasi` = `v_mutasi`.`id_lokasi`) and (`t_data_setting_paraf`.`id_pegawai` = `t_pegawai`.`id_pegawai`)) group by `t_data_setting_paraf`.`id_pegawai` order by `t_paraf`.`top_sort`),0) AS `kepalaupad` from (`v_mutasi` left join (`t_pegawai` join `t_sts_pegawai`) on(((`t_pegawai`.`id_pegawai` = `v_mutasi`.`id_pegawai`) and (`t_sts_pegawai`.`id_sts_pegawai` = `t_pegawai`.`id_sts_pegawai`)))) order by ifnull((select `t_paraf`.`top_sort` from (`t_data_setting_paraf` left join `t_paraf` on((`t_paraf`.`id_paraf` = `t_data_setting_paraf`.`id_paraf`))) where ((`t_data_setting_paraf`.`id_lokasi` = `v_mutasi`.`id_lokasi`) and (`t_data_setting_paraf`.`id_pegawai` = `t_pegawai`.`id_pegawai`)) group by `t_data_setting_paraf`.`id_pegawai` order by `t_paraf`.`top_sort`),0) desc,`v_mutasi`.`id_jabatan`,`v_mutasi`.`id_homebase` desc,`t_pegawai`.`id_sts_pegawai`) */;

/*View structure for view v_sort_pegawai_update */

/*!50001 DROP TABLE IF EXISTS `v_sort_pegawai_update` */;
/*!50001 DROP VIEW IF EXISTS `v_sort_pegawai_update` */;

/*!50001 CREATE ALGORITHM=TEMPTABLE DEFINER=`root`@`localhost` SQL SECURITY DEFINER VIEW `v_sort_pegawai_update` AS (select `v_sort_pegawai`.`id_pegawai` AS `id_pegawai`,`v_sort_pegawai`.`nama_pegawai` AS `nama_pegawai`,`v_sort_pegawai`.`nip` AS `nip`,`v_sort_pegawai`.`status_pegawai` AS `status_pegawai`,`v_sort_pegawai`.`id_jabatan` AS `id_jabatan`,`v_sort_pegawai`.`jabatan` AS `jabatan`,`v_sort_pegawai`.`nama_lokasi` AS `nama_lokasi`,`v_sort_pegawai`.`id_homebase` AS `id_homebase`,`v_sort_pegawai`.`nama_homebase` AS `nama_homebase`,`v_sort_pegawai`.`id_lokasi` AS `id_lokasi`,`v_sort_pegawai`.`id_mutasi` AS `id_mutasi`,`v_sort_pegawai`.`id_sts_pegawai` AS `id_sts_pegawai`,`v_sort_pegawai`.`golongan` AS `golongan`,`v_sort_pegawai`.`pangkat` AS `pangkat`,`v_sort_pegawai`.`aktif` AS `aktif`,`v_sort_pegawai`.`id_jenis_mutasi` AS `id_jenis_mutasi`,`v_sort_pegawai`.`tgl_sk` AS `tgl_sk`,`v_sort_pegawai`.`kepalaupad` AS `kepalaupad`,if((`v_sort_pegawai`.`aktif` = 1),0,(select (`t_mutasi`.`tgl_sk` - interval 1 day) from `t_mutasi` where (`t_mutasi`.`id_mutasi_sebelumnya` = `v_sort_pegawai`.`id_mutasi`))) AS `tgl_selesai_mutasi` from `v_sort_pegawai`) */;

/*View structure for view v_users */

/*!50001 DROP TABLE IF EXISTS `v_users` */;
/*!50001 DROP VIEW IF EXISTS `v_users` */;

/*!50001 CREATE ALGORITHM=UNDEFINED DEFINER=`root`@`localhost` SQL SECURITY DEFINER VIEW `v_users` AS (select `t_users`.`id_user` AS `id_user`,`t_users`.`username` AS `username`,`t_users`.`katakunci` AS `katakunci`,`t_users`.`sandi` AS `sandi`,`t_users`.`nama_user` AS `nama_user`,`t_users`.`id_lokasi` AS `id_lokasi`,`t_users`.`admin` AS `admin`,`t_users`.`pusat` AS `pusat`,`t_users`.`menuakses` AS `menuakses`,`t_users`.`aktif` AS `aktif`,`lokasi`.`lokasi` AS `lokasi` from (`t_users` left join `lokasi` on((`lokasi`.`id_lokasi` = convert(`t_users`.`id_lokasi` using utf8))))) */;

/*!40101 SET SQL_MODE=@OLD_SQL_MODE */;
/*!40014 SET FOREIGN_KEY_CHECKS=@OLD_FOREIGN_KEY_CHECKS */;
/*!40014 SET UNIQUE_CHECKS=@OLD_UNIQUE_CHECKS */;
/*!40111 SET SQL_NOTES=@OLD_SQL_NOTES */;
